date,latitude,longitude,timezone,utc_offset_seconds,sunrise_hours,sunrise_local,sunset_hours,sunset_local,zenith_deg,in_primary,in_resolution,impl_version,impl_sha256,spec_version
2020-01-01,5.98,116.01,UTC+8,28800,6.424059,06:25:27,18.204747,18:12:17,90.833,Y,N,solar-v1,3b7dc371ebe5931b3336f9982c5806a06a515dc2032569f5da7720470c1ec36c,solar-spec-v1
2020-01-02,5.98,116.01,UTC+8,28800,6.430888,06:25:51,18.212813,18:12:46,90.833,Y,N,solar-v1,3b7dc371ebe5931b3336f9982c5806a06a515dc2032569f5da7720470c1ec36c,solar-spec-v1
2020-01-03,5.98,116.01,UTC+8,28800,6.437588,06:26:15,18.220867,18:13:15,90.833,Y,N,solar-v1,3b7dc371ebe5931b3336f9982c5806a06a515dc2032569f5da7720470c1ec36c,solar-spec-v1
2020-01-04,5.98,116.01,UTC+8,28800,6.444152,06:26:39,18.228901,18:13:44,90.833,Y,N,solar-v1,3b7dc371ebe5931b3336f9982c5806a06a515dc2032569f5da7720470c1ec36c,solar-spec-v1
2020-01-05,5.98,116.01,UTC+8,28800,6.450573,06:27:02,18.236908,18:14:13,90.833,Y,N,solar-v1,3b7dc371ebe5931b3336f9982c5806a06a515dc2032569f5da7720470c1ec36c,solar-spec-v1
2020-01-06,5.98,116.01,UTC+8,28800,6.456846,06:27:25,18.244881,18:14:42,90.833,Y,N,solar-v1,3b7dc371ebe5931b3336f9982c5806a06a515dc2032569f5da7720470c1ec36c,solar-spec-v1
2020-01-07,5.98,116.01,UTC+8,28800,6.462965,06:27:47,18.252813,18:15:10,90.833,Y,N,solar-v1,3b7dc371ebe5931b3336f9982c5806a06a515dc2032569f5da7720470c1ec36c,solar-spec-v1
2020-01-08,5.98,116.01,UTC+8,28800,6.468923,06:28:08,18.260696,18:15:39,90.833,Y,N,solar-v1,3b7dc371ebe5931b3336f9982c5806a06a515dc2032569f5da7720470c1ec36c,solar-spec-v1
2020-01-09,5.98,116.01,UTC+8,28800,6.474716,06:28:29,18.268524,18:16:07,90.833,Y,N,solar-v1,3b7dc371ebe5931b3336f9982c5806a06a515dc2032569f5da7720470c1ec36c,solar-spec-v1
2020-01-10,5.98,116.01,UTC+8,28800,6.480337,06:28:49,18.276289,18:16:35,90.833,Y,N,solar-v1,3b7dc371ebe5931b3336f9982c5806a06a515dc2032569f5da7720470c1ec36c,solar-spec-v1
2020-01-11,5.98,116.01,UTC+8,28800,6.485781,06:29:09,18.283985,18:17:02,90.833,Y,N,solar-v1,3b7dc371ebe5931b3336f9982c5806a06a515dc2032569f5da7720470c1ec36c,solar-spec-v1
2020-01-12,5.98,116.01,UTC+8,28800,6.491044,06:29:28,18.291606,18:17:30,90.833,Y,N,solar-v1,3b7dc371ebe5931b3336f9982c5806a06a515dc2032569f5da7720470c1ec36c,solar-spec-v1
2020-01-13,5.98,116.01,UTC+8,28800,6.496120,06:29:46,18.299144,18:17:57,90.833,Y,N,solar-v1,3b7dc371ebe5931b3336f9982c5806a06a515dc2032569f5da7720470c1ec36c,solar-spec-v1
2020-01-14,5.98,116.01,UTC+8,28800,6.501004,06:30:04,18.306593,18:18:24,90.833,Y,N,solar-v1,3b7dc371ebe5931b3336f9982c5806a06a515dc2032569f5da7720470c1ec36c,solar-spec-v1
2020-01-15,5.98,116.01,UTC+8,28800,6.505693,06:30:20,18.313946,18:18:50,90.833,Y,N,solar-v1,3b7dc371ebe5931b3336f9982c5806a06a515dc2032569f5da7720470c1ec36c,solar-spec-v1
2020-01-16,5.98,116.01,UTC+8,28800,6.510181,06:30:37,18.321199,18:19:16,90.833,Y,N,solar-v1,3b7dc371ebe5931b3336f9982c5806a06a515dc2032569f5da7720470c1ec36c,solar-spec-v1
2020-01-17,5.98,116.01,UTC+8,28800,6.514464,06:30:52,18.328343,18:19:42,90.833,Y,N,solar-v1,3b7dc371ebe5931b3336f9982c5806a06a515dc2032569f5da7720470c1ec36c,solar-spec-v1
2020-01-18,5.98,116.01,UTC+8,28800,6.518538,06:31:07,18.335375,18:20:07,90.833,Y,N,solar-v1,3b7dc371ebe5931b3336f9982c5806a06a515dc2032569f5da7720470c1ec36c,solar-spec-v1
2020-01-19,5.98,116.01,UTC+8,28800,6.522400,06:31:21,18.342288,18:20:32,90.833,Y,N,solar-v1,3b7dc371ebe5931b3336f9982c5806a06a515dc2032569f5da7720470c1ec36c,solar-spec-v1
2020-01-20,5.98,116.01,UTC+8,28800,6.526045,06:31:34,18.349076,18:20:57,90.833,Y,N,solar-v1,3b7dc371ebe5931b3336f9982c5806a06a515dc2032569f5da7720470c1ec36c,solar-spec-v1
2020-01-21,5.98,116.01,UTC+8,28800,6.529471,06:31:46,18.355735,18:21:21,90.833,Y,N,solar-v1,3b7dc371ebe5931b3336f9982c5806a06a515dc2032569f5da7720470c1ec36c,solar-spec-v1
2020-01-22,5.98,116.01,UTC+8,28800,6.532674,06:31:58,18.362258,18:21:44,90.833,Y,N,solar-v1,3b7dc371ebe5931b3336f9982c5806a06a515dc2032569f5da7720470c1ec36c,solar-spec-v1
2020-01-23,5.98,116.01,UTC+8,28800,6.535652,06:32:08,18.368642,18:22:07,90.833,Y,N,solar-v1,3b7dc371ebe5931b3336f9982c5806a06a515dc2032569f5da7720470c1ec36c,solar-spec-v1
2020-01-24,5.98,116.01,UTC+8,28800,6.538400,06:32:18,18.374881,18:22:30,90.833,Y,N,solar-v1,3b7dc371ebe5931b3336f9982c5806a06a515dc2032569f5da7720470c1ec36c,solar-spec-v1
2020-01-25,5.98,116.01,UTC+8,28800,6.540918,06:32:27,18.380971,18:22:51,90.833,Y,N,solar-v1,3b7dc371ebe5931b3336f9982c5806a06a515dc2032569f5da7720470c1ec36c,solar-spec-v1
2020-01-26,5.98,116.01,UTC+8,28800,6.543202,06:32:36,18.386908,18:23:13,90.833,Y,N,solar-v1,3b7dc371ebe5931b3336f9982c5806a06a515dc2032569f5da7720470c1ec36c,solar-spec-v1
2020-01-27,5.98,116.01,UTC+8,28800,6.545251,06:32:43,18.392687,18:23:34,90.833,Y,N,solar-v1,3b7dc371ebe5931b3336f9982c5806a06a515dc2032569f5da7720470c1ec36c,solar-spec-v1
2020-01-28,5.98,116.01,UTC+8,28800,6.547062,06:32:49,18.398304,18:23:54,90.833,Y,N,solar-v1,3b7dc371ebe5931b3336f9982c5806a06a515dc2032569f5da7720470c1ec36c,solar-spec-v1
2020-01-29,5.98,116.01,UTC+8,28800,6.548634,06:32:55,18.403757,18:24:14,90.833,Y,N,solar-v1,3b7dc371ebe5931b3336f9982c5806a06a515dc2032569f5da7720470c1ec36c,solar-spec-v1
2020-01-30,5.98,116.01,UTC+8,28800,6.549965,06:33:00,18.409040,18:24:33,90.833,Y,N,solar-v1,3b7dc371ebe5931b3336f9982c5806a06a515dc2032569f5da7720470c1ec36c,solar-spec-v1
2020-01-31,5.98,116.01,UTC+8,28800,6.551054,06:33:04,18.414152,18:24:51,90.833,Y,N,solar-v1,3b7dc371ebe5931b3336f9982c5806a06a515dc2032569f5da7720470c1ec36c,solar-spec-v1
2020-02-01,5.98,116.01,UTC+8,28800,6.551901,06:33:07,18.419090,18:25:09,90.833,Y,N,solar-v1,3b7dc371ebe5931b3336f9982c5806a06a515dc2032569f5da7720470c1ec36c,solar-spec-v1
2020-02-02,5.98,116.01,UTC+8,28800,6.552504,06:33:09,18.423849,18:25:26,90.833,Y,N,solar-v1,3b7dc371ebe5931b3336f9982c5806a06a515dc2032569f5da7720470c1ec36c,solar-spec-v1
2020-02-03,5.98,116.01,UTC+8,28800,6.552863,06:33:10,18.428429,18:25:42,90.833,Y,N,solar-v1,3b7dc371ebe5931b3336f9982c5806a06a515dc2032569f5da7720470c1ec36c,solar-spec-v1
2020-02-04,5.98,116.01,UTC+8,28800,6.552977,06:33:11,18.432826,18:25:58,90.833,Y,N,solar-v1,3b7dc371ebe5931b3336f9982c5806a06a515dc2032569f5da7720470c1ec36c,solar-spec-v1
2020-02-05,5.98,116.01,UTC+8,28800,6.552847,06:33:10,18.437040,18:26:13,90.833,Y,N,solar-v1,3b7dc371ebe5931b3336f9982c5806a06a515dc2032569f5da7720470c1ec36c,solar-spec-v1
2020-02-06,5.98,116.01,UTC+8,28800,6.552473,06:33:09,18.441067,18:26:28,90.833,Y,N,solar-v1,3b7dc371ebe5931b3336f9982c5806a06a515dc2032569f5da7720470c1ec36c,solar-spec-v1
2020-02-07,5.98,116.01,UTC+8,28800,6.551854,06:33:07,18.444907,18:26:42,90.833,Y,N,solar-v1,3b7dc371ebe5931b3336f9982c5806a06a515dc2032569f5da7720470c1ec36c,solar-spec-v1
2020-02-08,5.98,116.01,UTC+8,28800,6.550993,06:33:04,18.448558,18:26:55,90.833,Y,N,solar-v1,3b7dc371ebe5931b3336f9982c5806a06a515dc2032569f5da7720470c1ec36c,solar-spec-v1
2020-02-09,5.98,116.01,UTC+8,28800,6.549888,06:33:00,18.452019,18:27:07,90.833,Y,N,solar-v1,3b7dc371ebe5931b3336f9982c5806a06a515dc2032569f5da7720470c1ec36c,solar-spec-v1
2020-02-10,5.98,116.01,UTC+8,28800,6.548542,06:32:55,18.455289,18:27:19,90.833,Y,N,solar-v1,3b7dc371ebe5931b3336f9982c5806a06a515dc2032569f5da7720470c1ec36c,solar-spec-v1
2020-02-11,5.98,116.01,UTC+8,28800,6.546956,06:32:49,18.458369,18:27:30,90.833,Y,N,solar-v1,3b7dc371ebe5931b3336f9982c5806a06a515dc2032569f5da7720470c1ec36c,solar-spec-v1
2020-02-12,5.98,116.01,UTC+8,28800,6.545131,06:32:42,18.461258,18:27:41,90.833,Y,N,solar-v1,3b7dc371ebe5931b3336f9982c5806a06a515dc2032569f5da7720470c1ec36c,solar-spec-v1
2020-02-13,5.98,116.01,UTC+8,28800,6.543069,06:32:35,18.463955,18:27:50,90.833,Y,N,solar-v1,3b7dc371ebe5931b3336f9982c5806a06a515dc2032569f5da7720470c1ec36c,solar-spec-v1
2020-02-14,5.98,116.01,UTC+8,28800,6.540771,06:32:27,18.466461,18:27:59,90.833,Y,N,solar-v1,3b7dc371ebe5931b3336f9982c5806a06a515dc2032569f5da7720470c1ec36c,solar-spec-v1
2020-02-15,5.98,116.01,UTC+8,28800,6.538241,06:32:18,18.468777,18:28:08,90.833,Y,N,solar-v1,3b7dc371ebe5931b3336f9982c5806a06a515dc2032569f5da7720470c1ec36c,solar-spec-v1
2020-02-16,5.98,116.01,UTC+8,28800,6.535480,06:32:08,18.470903,18:28:15,90.833,Y,N,solar-v1,3b7dc371ebe5931b3336f9982c5806a06a515dc2032569f5da7720470c1ec36c,solar-spec-v1
2020-02-17,5.98,116.01,UTC+8,28800,6.532491,06:31:57,18.472840,18:28:22,90.833,Y,N,solar-v1,3b7dc371ebe5931b3336f9982c5806a06a515dc2032569f5da7720470c1ec36c,solar-spec-v1
2020-02-18,5.98,116.01,UTC+8,28800,6.529277,06:31:45,18.474589,18:28:29,90.833,Y,N,solar-v1,3b7dc371ebe5931b3336f9982c5806a06a515dc2032569f5da7720470c1ec36c,solar-spec-v1
2020-02-19,5.98,116.01,UTC+8,28800,6.525841,06:31:33,18.476153,18:28:34,90.833,Y,N,solar-v1,3b7dc371ebe5931b3336f9982c5806a06a515dc2032569f5da7720470c1ec36c,solar-spec-v1
2020-02-20,5.98,116.01,UTC+8,28800,6.522185,06:31:20,18.477532,18:28:39,90.833,Y,N,solar-v1,3b7dc371ebe5931b3336f9982c5806a06a515dc2032569f5da7720470c1ec36c,solar-spec-v1
2020-02-21,5.98,116.01,UTC+8,28800,6.518314,06:31:06,18.478728,18:28:43,90.833,Y,N,solar-v1,3b7dc371ebe5931b3336f9982c5806a06a515dc2032569f5da7720470c1ec36c,solar-spec-v1
2020-02-22,5.98,116.01,UTC+8,28800,6.514231,06:30:51,18.479745,18:28:47,90.833,Y,N,solar-v1,3b7dc371ebe5931b3336f9982c5806a06a515dc2032569f5da7720470c1ec36c,solar-spec-v1
2020-02-23,5.98,116.01,UTC+8,28800,6.509940,06:30:36,18.480583,18:28:50,90.833,Y,N,solar-v1,3b7dc371ebe5931b3336f9982c5806a06a515dc2032569f5da7720470c1ec36c,solar-spec-v1
2020-02-24,5.98,116.01,UTC+8,28800,6.505444,06:30:20,18.481246,18:28:52,90.833,Y,N,solar-v1,3b7dc371ebe5931b3336f9982c5806a06a515dc2032569f5da7720470c1ec36c,solar-spec-v1
2020-02-25,5.98,116.01,UTC+8,28800,6.500748,06:30:03,18.481737,18:28:54,90.833,Y,N,solar-v1,3b7dc371ebe5931b3336f9982c5806a06a515dc2032569f5da7720470c1ec36c,solar-spec-v1
2020-02-26,5.98,116.01,UTC+8,28800,6.495856,06:29:45,18.482058,18:28:55,90.833,Y,N,solar-v1,3b7dc371ebe5931b3336f9982c5806a06a515dc2032569f5da7720470c1ec36c,solar-spec-v1
2020-02-27,5.98,116.01,UTC+8,28800,6.490773,06:29:27,18.482213,18:28:56,90.833,Y,N,solar-v1,3b7dc371ebe5931b3336f9982c5806a06a515dc2032569f5da7720470c1ec36c,solar-spec-v1
2020-02-28,5.98,116.01,UTC+8,28800,6.485504,06:29:08,18.482205,18:28:56,90.833,Y,N,solar-v1,3b7dc371ebe5931b3336f9982c5806a06a515dc2032569f5da7720470c1ec36c,solar-spec-v1
2020-02-29,5.98,116.01,UTC+8,28800,6.480053,06:28:48,18.482039,18:28:55,90.833,Y,N,solar-v1,3b7dc371ebe5931b3336f9982c5806a06a515dc2032569f5da7720470c1ec36c,solar-spec-v1
2020-03-01,5.98,116.01,UTC+8,28800,6.474425,06:28:28,18.481716,18:28:54,90.833,Y,N,solar-v1,3b7dc371ebe5931b3336f9982c5806a06a515dc2032569f5da7720470c1ec36c,solar-spec-v1
2020-03-02,5.98,116.01,UTC+8,28800,6.468625,06:28:07,18.481243,18:28:52,90.833,Y,N,solar-v1,3b7dc371ebe5931b3336f9982c5806a06a515dc2032569f5da7720470c1ec36c,solar-spec-v1
2020-03-03,5.98,116.01,UTC+8,28800,6.462659,06:27:46,18.480622,18:28:50,90.833,Y,N,solar-v1,3b7dc371ebe5931b3336f9982c5806a06a515dc2032569f5da7720470c1ec36c,solar-spec-v1
2020-03-04,5.98,116.01,UTC+8,28800,6.456533,06:27:24,18.479859,18:28:47,90.833,Y,N,solar-v1,3b7dc371ebe5931b3336f9982c5806a06a515dc2032569f5da7720470c1ec36c,solar-spec-v1
2020-03-05,5.98,116.01,UTC+8,28800,6.450251,06:27:01,18.478958,18:28:44,90.833,Y,N,solar-v1,3b7dc371ebe5931b3336f9982c5806a06a515dc2032569f5da7720470c1ec36c,solar-spec-v1
2020-03-06,5.98,116.01,UTC+8,28800,6.443820,06:26:38,18.477922,18:28:41,90.833,Y,N,solar-v1,3b7dc371ebe5931b3336f9982c5806a06a515dc2032569f5da7720470c1ec36c,solar-spec-v1
2020-03-07,5.98,116.01,UTC+8,28800,6.437246,06:26:14,18.476759,18:28:36,90.833,Y,N,solar-v1,3b7dc371ebe5931b3336f9982c5806a06a515dc2032569f5da7720470c1ec36c,solar-spec-v1
2020-03-08,5.98,116.01,UTC+8,28800,6.430534,06:25:50,18.475471,18:28:32,90.833,Y,N,solar-v1,3b7dc371ebe5931b3336f9982c5806a06a515dc2032569f5da7720470c1ec36c,solar-spec-v1
2020-03-09,5.98,116.01,UTC+8,28800,6.423691,06:25:25,18.474065,18:28:27,90.833,Y,N,solar-v1,3b7dc371ebe5931b3336f9982c5806a06a515dc2032569f5da7720470c1ec36c,solar-spec-v1
2020-03-10,5.98,116.01,UTC+8,28800,6.416723,06:25:00,18.472546,18:28:21,90.833,Y,N,solar-v1,3b7dc371ebe5931b3336f9982c5806a06a515dc2032569f5da7720470c1ec36c,solar-spec-v1
2020-03-11,5.98,116.01,UTC+8,28800,6.409635,06:24:35,18.470918,18:28:15,90.833,Y,N,solar-v1,3b7dc371ebe5931b3336f9982c5806a06a515dc2032569f5da7720470c1ec36c,solar-spec-v1
2020-03-12,5.98,116.01,UTC+8,28800,6.402436,06:24:09,18.469188,18:28:09,90.833,Y,N,solar-v1,3b7dc371ebe5931b3336f9982c5806a06a515dc2032569f5da7720470c1ec36c,solar-spec-v1
2020-03-13,5.98,116.01,UTC+8,28800,6.395130,06:23:42,18.467361,18:28:03,90.833,Y,N,solar-v1,3b7dc371ebe5931b3336f9982c5806a06a515dc2032569f5da7720470c1ec36c,solar-spec-v1
2020-03-14,5.98,116.01,UTC+8,28800,6.387726,06:23:16,18.465443,18:27:56,90.833,Y,N,solar-v1,3b7dc371ebe5931b3336f9982c5806a06a515dc2032569f5da7720470c1ec36c,solar-spec-v1
2020-03-15,5.98,116.01,UTC+8,28800,6.380228,06:22:49,18.463439,18:27:48,90.833,Y,N,solar-v1,3b7dc371ebe5931b3336f9982c5806a06a515dc2032569f5da7720470c1ec36c,solar-spec-v1
2020-03-16,5.98,116.01,UTC+8,28800,6.372645,06:22:22,18.461356,18:27:41,90.833,Y,N,solar-v1,3b7dc371ebe5931b3336f9982c5806a06a515dc2032569f5da7720470c1ec36c,solar-spec-v1
2020-03-17,5.98,116.01,UTC+8,28800,6.364983,06:21:54,18.459199,18:27:33,90.833,Y,N,solar-v1,3b7dc371ebe5931b3336f9982c5806a06a515dc2032569f5da7720470c1ec36c,solar-spec-v1
2020-03-18,5.98,116.01,UTC+8,28800,6.357249,06:21:26,18.456974,18:27:25,90.833,Y,N,solar-v1,3b7dc371ebe5931b3336f9982c5806a06a515dc2032569f5da7720470c1ec36c,solar-spec-v1
2020-03-19,5.98,116.01,UTC+8,28800,6.349449,06:20:58,18.454687,18:27:17,90.833,Y,N,solar-v1,3b7dc371ebe5931b3336f9982c5806a06a515dc2032569f5da7720470c1ec36c,solar-spec-v1
2020-03-20,5.98,116.01,UTC+8,28800,6.341591,06:20:30,18.452345,18:27:08,90.833,Y,N,solar-v1,3b7dc371ebe5931b3336f9982c5806a06a515dc2032569f5da7720470c1ec36c,solar-spec-v1
2020-03-21,5.98,116.01,UTC+8,28800,6.333682,06:20:01,18.449953,18:27:00,90.833,Y,N,solar-v1,3b7dc371ebe5931b3336f9982c5806a06a515dc2032569f5da7720470c1ec36c,solar-spec-v1
2020-03-22,5.98,116.01,UTC+8,28800,6.325729,06:19:33,18.447518,18:26:51,90.833,Y,N,solar-v1,3b7dc371ebe5931b3336f9982c5806a06a515dc2032569f5da7720470c1ec36c,solar-spec-v1
2020-03-23,5.98,116.01,UTC+8,28800,6.317738,06:19:04,18.445046,18:26:42,90.833,Y,N,solar-v1,3b7dc371ebe5931b3336f9982c5806a06a515dc2032569f5da7720470c1ec36c,solar-spec-v1
2020-03-24,5.98,116.01,UTC+8,28800,6.309718,06:18:35,18.442543,18:26:33,90.833,Y,N,solar-v1,3b7dc371ebe5931b3336f9982c5806a06a515dc2032569f5da7720470c1ec36c,solar-spec-v1
2020-03-25,5.98,116.01,UTC+8,28800,6.301674,06:18:06,18.440015,18:26:24,90.833,Y,N,solar-v1,3b7dc371ebe5931b3336f9982c5806a06a515dc2032569f5da7720470c1ec36c,solar-spec-v1
2020-03-26,5.98,116.01,UTC+8,28800,6.293614,06:17:37,18.437468,18:26:15,90.833,Y,N,solar-v1,3b7dc371ebe5931b3336f9982c5806a06a515dc2032569f5da7720470c1ec36c,solar-spec-v1
2020-03-27,5.98,116.01,UTC+8,28800,6.285545,06:17:08,18.434909,18:26:06,90.833,Y,N,solar-v1,3b7dc371ebe5931b3336f9982c5806a06a515dc2032569f5da7720470c1ec36c,solar-spec-v1
2020-03-28,5.98,116.01,UTC+8,28800,6.277474,06:16:39,18.432344,18:25:56,90.833,Y,N,solar-v1,3b7dc371ebe5931b3336f9982c5806a06a515dc2032569f5da7720470c1ec36c,solar-spec-v1
2020-03-29,5.98,116.01,UTC+8,28800,6.269408,06:16:10,18.429778,18:25:47,90.833,Y,N,solar-v1,3b7dc371ebe5931b3336f9982c5806a06a515dc2032569f5da7720470c1ec36c,solar-spec-v1
2020-03-30,5.98,116.01,UTC+8,28800,6.261354,06:15:41,18.427218,18:25:38,90.833,Y,N,solar-v1,3b7dc371ebe5931b3336f9982c5806a06a515dc2032569f5da7720470c1ec36c,solar-spec-v1
2020-03-31,5.98,116.01,UTC+8,28800,6.253319,06:15:12,18.424671,18:25:29,90.833,Y,N,solar-v1,3b7dc371ebe5931b3336f9982c5806a06a515dc2032569f5da7720470c1ec36c,solar-spec-v1
2020-04-01,5.98,116.01,UTC+8,28800,6.245310,06:14:43,18.422141,18:25:20,90.833,Y,N,solar-v1,3b7dc371ebe5931b3336f9982c5806a06a515dc2032569f5da7720470c1ec36c,solar-spec-v1
2020-04-02,5.98,116.01,UTC+8,28800,6.237334,06:14:14,18.419635,18:25:11,90.833,Y,N,solar-v1,3b7dc371ebe5931b3336f9982c5806a06a515dc2032569f5da7720470c1ec36c,solar-spec-v1
2020-04-03,5.98,116.01,UTC+8,28800,6.229397,06:13:46,18.417159,18:25:02,90.833,Y,N,solar-v1,3b7dc371ebe5931b3336f9982c5806a06a515dc2032569f5da7720470c1ec36c,solar-spec-v1
2020-04-04,5.98,116.01,UTC+8,28800,6.221506,06:13:17,18.414719,18:24:53,90.833,Y,N,solar-v1,3b7dc371ebe5931b3336f9982c5806a06a515dc2032569f5da7720470c1ec36c,solar-spec-v1
2020-04-05,5.98,116.01,UTC+8,28800,6.213668,06:12:49,18.412319,18:24:44,90.833,Y,N,solar-v1,3b7dc371ebe5931b3336f9982c5806a06a515dc2032569f5da7720470c1ec36c,solar-spec-v1
2020-04-06,5.98,116.01,UTC+8,28800,6.205890,06:12:21,18.409966,18:24:36,90.833,Y,N,solar-v1,3b7dc371ebe5931b3336f9982c5806a06a515dc2032569f5da7720470c1ec36c,solar-spec-v1
2020-04-07,5.98,116.01,UTC+8,28800,6.198177,06:11:53,18.407666,18:24:28,90.833,Y,N,solar-v1,3b7dc371ebe5931b3336f9982c5806a06a515dc2032569f5da7720470c1ec36c,solar-spec-v1
2020-04-08,5.98,116.01,UTC+8,28800,6.190537,06:11:26,18.405422,18:24:20,90.833,Y,N,solar-v1,3b7dc371ebe5931b3336f9982c5806a06a515dc2032569f5da7720470c1ec36c,solar-spec-v1
2020-04-09,5.98,116.01,UTC+8,28800,6.182975,06:10:59,18.403242,18:24:12,90.833,Y,N,solar-v1,3b7dc371ebe5931b3336f9982c5806a06a515dc2032569f5da7720470c1ec36c,solar-spec-v1
2020-04-10,5.98,116.01,UTC+8,28800,6.175498,06:10:32,18.401130,18:24:04,90.833,Y,N,solar-v1,3b7dc371ebe5931b3336f9982c5806a06a515dc2032569f5da7720470c1ec36c,solar-spec-v1
2020-04-11,5.98,116.01,UTC+8,28800,6.168112,06:10:05,18.399090,18:23:57,90.833,Y,N,solar-v1,3b7dc371ebe5931b3336f9982c5806a06a515dc2032569f5da7720470c1ec36c,solar-spec-v1
2020-04-12,5.98,116.01,UTC+8,28800,6.160823,06:09:39,18.397128,18:23:50,90.833,Y,N,solar-v1,3b7dc371ebe5931b3336f9982c5806a06a515dc2032569f5da7720470c1ec36c,solar-spec-v1
2020-04-13,5.98,116.01,UTC+8,28800,6.153636,06:09:13,18.395248,18:23:43,90.833,Y,N,solar-v1,3b7dc371ebe5931b3336f9982c5806a06a515dc2032569f5da7720470c1ec36c,solar-spec-v1
2020-04-14,5.98,116.01,UTC+8,28800,6.146558,06:08:48,18.393456,18:23:36,90.833,Y,N,solar-v1,3b7dc371ebe5931b3336f9982c5806a06a515dc2032569f5da7720470c1ec36c,solar-spec-v1
2020-04-15,5.98,116.01,UTC+8,28800,6.139593,06:08:23,18.391754,18:23:30,90.833,Y,N,solar-v1,3b7dc371ebe5931b3336f9982c5806a06a515dc2032569f5da7720470c1ec36c,solar-spec-v1
2020-04-16,5.98,116.01,UTC+8,28800,6.132748,06:07:58,18.390149,18:23:25,90.833,Y,N,solar-v1,3b7dc371ebe5931b3336f9982c5806a06a515dc2032569f5da7720470c1ec36c,solar-spec-v1
2020-04-17,5.98,116.01,UTC+8,28800,6.126027,06:07:34,18.388642,18:23:19,90.833,Y,N,solar-v1,3b7dc371ebe5931b3336f9982c5806a06a515dc2032569f5da7720470c1ec36c,solar-spec-v1
2020-04-18,5.98,116.01,UTC+8,28800,6.119436,06:07:10,18.387239,18:23:14,90.833,Y,N,solar-v1,3b7dc371ebe5931b3336f9982c5806a06a515dc2032569f5da7720470c1ec36c,solar-spec-v1
2020-04-19,5.98,116.01,UTC+8,28800,6.112980,06:06:47,18.385943,18:23:09,90.833,Y,N,solar-v1,3b7dc371ebe5931b3336f9982c5806a06a515dc2032569f5da7720470c1ec36c,solar-spec-v1
2020-04-20,5.98,116.01,UTC+8,28800,6.106664,06:06:24,18.384758,18:23:05,90.833,Y,N,solar-v1,3b7dc371ebe5931b3336f9982c5806a06a515dc2032569f5da7720470c1ec36c,solar-spec-v1
2020-04-21,5.98,116.01,UTC+8,28800,6.100491,06:06:02,18.383686,18:23:01,90.833,Y,N,solar-v1,3b7dc371ebe5931b3336f9982c5806a06a515dc2032569f5da7720470c1ec36c,solar-spec-v1
2020-04-22,5.98,116.01,UTC+8,28800,6.094468,06:05:40,18.382731,18:22:58,90.833,Y,N,solar-v1,3b7dc371ebe5931b3336f9982c5806a06a515dc2032569f5da7720470c1ec36c,solar-spec-v1
2020-04-23,5.98,116.01,UTC+8,28800,6.088597,06:05:19,18.381896,18:22:55,90.833,Y,N,solar-v1,3b7dc371ebe5931b3336f9982c5806a06a515dc2032569f5da7720470c1ec36c,solar-spec-v1
2020-04-24,5.98,116.01,UTC+8,28800,6.082884,06:04:58,18.381184,18:22:52,90.833,Y,N,solar-v1,3b7dc371ebe5931b3336f9982c5806a06a515dc2032569f5da7720470c1ec36c,solar-spec-v1
2020-04-25,5.98,116.01,UTC+8,28800,6.077331,06:04:38,18.380596,18:22:50,90.833,Y,N,solar-v1,3b7dc371ebe5931b3336f9982c5806a06a515dc2032569f5da7720470c1ec36c,solar-spec-v1
2020-04-26,5.98,116.01,UTC+8,28800,6.071944,06:04:19,18.380135,18:22:48,90.833,Y,N,solar-v1,3b7dc371ebe5931b3336f9982c5806a06a515dc2032569f5da7720470c1ec36c,solar-spec-v1
2020-04-27,5.98,116.01,UTC+8,28800,6.066725,06:04:00,18.379804,18:22:47,90.833,Y,N,solar-v1,3b7dc371ebe5931b3336f9982c5806a06a515dc2032569f5da7720470c1ec36c,solar-spec-v1
2020-04-28,5.98,116.01,UTC+8,28800,6.061678,06:03:42,18.379603,18:22:47,90.833,Y,N,solar-v1,3b7dc371ebe5931b3336f9982c5806a06a515dc2032569f5da7720470c1ec36c,solar-spec-v1
2020-04-29,5.98,116.01,UTC+8,28800,6.056806,06:03:25,18.379535,18:22:46,90.833,Y,N,solar-v1,3b7dc371ebe5931b3336f9982c5806a06a515dc2032569f5da7720470c1ec36c,solar-spec-v1
2020-04-30,5.98,116.01,UTC+8,28800,6.052112,06:03:08,18.379601,18:22:47,90.833,Y,N,solar-v1,3b7dc371ebe5931b3336f9982c5806a06a515dc2032569f5da7720470c1ec36c,solar-spec-v1
2020-05-01,5.98,116.01,UTC+8,28800,6.047599,06:02:51,18.379802,18:22:47,90.833,Y,N,solar-v1,3b7dc371ebe5931b3336f9982c5806a06a515dc2032569f5da7720470c1ec36c,solar-spec-v1
2020-05-02,5.98,116.01,UTC+8,28800,6.043269,06:02:36,18.380139,18:22:49,90.833,Y,N,solar-v1,3b7dc371ebe5931b3336f9982c5806a06a515dc2032569f5da7720470c1ec36c,solar-spec-v1
2020-05-03,5.98,116.01,UTC+8,28800,6.039126,06:02:21,18.380612,18:22:50,90.833,Y,N,solar-v1,3b7dc371ebe5931b3336f9982c5806a06a515dc2032569f5da7720470c1ec36c,solar-spec-v1
2020-05-04,5.98,116.01,UTC+8,28800,6.035170,06:02:07,18.381223,18:22:52,90.833,Y,N,solar-v1,3b7dc371ebe5931b3336f9982c5806a06a515dc2032569f5da7720470c1ec36c,solar-spec-v1
2020-05-05,5.98,116.01,UTC+8,28800,6.031404,06:01:53,18.381970,18:22:55,90.833,Y,N,solar-v1,3b7dc371ebe5931b3336f9982c5806a06a515dc2032569f5da7720470c1ec36c,solar-spec-v1
2020-05-06,5.98,116.01,UTC+8,28800,6.027831,06:01:40,18.382855,18:22:58,90.833,Y,N,solar-v1,3b7dc371ebe5931b3336f9982c5806a06a515dc2032569f5da7720470c1ec36c,solar-spec-v1
2020-05-07,5.98,116.01,UTC+8,28800,6.024450,06:01:28,18.383876,18:23:02,90.833,Y,N,solar-v1,3b7dc371ebe5931b3336f9982c5806a06a515dc2032569f5da7720470c1ec36c,solar-spec-v1
2020-05-08,5.98,116.01,UTC+8,28800,6.021265,06:01:17,18.385034,18:23:06,90.833,Y,N,solar-v1,3b7dc371ebe5931b3336f9982c5806a06a515dc2032569f5da7720470c1ec36c,solar-spec-v1
2020-05-09,5.98,116.01,UTC+8,28800,6.018275,06:01:06,18.386328,18:23:11,90.833,Y,N,solar-v1,3b7dc371ebe5931b3336f9982c5806a06a515dc2032569f5da7720470c1ec36c,solar-spec-v1
2020-05-10,5.98,116.01,UTC+8,28800,6.015482,06:00:56,18.387756,18:23:16,90.833,Y,N,solar-v1,3b7dc371ebe5931b3336f9982c5806a06a515dc2032569f5da7720470c1ec36c,solar-spec-v1
2020-05-11,5.98,116.01,UTC+8,28800,6.012886,06:00:46,18.389318,18:23:22,90.833,Y,N,solar-v1,3b7dc371ebe5931b3336f9982c5806a06a515dc2032569f5da7720470c1ec36c,solar-spec-v1
2020-05-12,5.98,116.01,UTC+8,28800,6.010488,06:00:38,18.391011,18:23:28,90.833,Y,N,solar-v1,3b7dc371ebe5931b3336f9982c5806a06a515dc2032569f5da7720470c1ec36c,solar-spec-v1
2020-05-13,5.98,116.01,UTC+8,28800,6.008289,06:00:30,18.392835,18:23:34,90.833,Y,N,solar-v1,3b7dc371ebe5931b3336f9982c5806a06a515dc2032569f5da7720470c1ec36c,solar-spec-v1
2020-05-14,5.98,116.01,UTC+8,28800,6.006288,06:00:23,18.394787,18:23:41,90.833,Y,N,solar-v1,3b7dc371ebe5931b3336f9982c5806a06a515dc2032569f5da7720470c1ec36c,solar-spec-v1
2020-05-15,5.98,116.01,UTC+8,28800,6.004485,06:00:16,18.396866,18:23:49,90.833,Y,N,solar-v1,3b7dc371ebe5931b3336f9982c5806a06a515dc2032569f5da7720470c1ec36c,solar-spec-v1
2020-05-16,5.98,116.01,UTC+8,28800,6.002880,06:00:10,18.399069,18:23:57,90.833,Y,N,solar-v1,3b7dc371ebe5931b3336f9982c5806a06a515dc2032569f5da7720470c1ec36c,solar-spec-v1
2020-05-17,5.98,116.01,UTC+8,28800,6.001472,06:00:05,18.401393,18:24:05,90.833,Y,N,solar-v1,3b7dc371ebe5931b3336f9982c5806a06a515dc2032569f5da7720470c1ec36c,solar-spec-v1
2020-05-18,5.98,116.01,UTC+8,28800,6.000260,06:00:01,18.403835,18:24:14,90.833,Y,N,solar-v1,3b7dc371ebe5931b3336f9982c5806a06a515dc2032569f5da7720470c1ec36c,solar-spec-v1
2020-05-19,5.98,116.01,UTC+8,28800,5.999244,05:59:57,18.406394,18:24:23,90.833,Y,N,solar-v1,3b7dc371ebe5931b3336f9982c5806a06a515dc2032569f5da7720470c1ec36c,solar-spec-v1
2020-05-20,5.98,116.01,UTC+8,28800,5.998422,05:59:54,18.409065,18:24:33,90.833,Y,N,solar-v1,3b7dc371ebe5931b3336f9982c5806a06a515dc2032569f5da7720470c1ec36c,solar-spec-v1
2020-05-21,5.98,116.01,UTC+8,28800,5.997793,05:59:52,18.411845,18:24:43,90.833,Y,N,solar-v1,3b7dc371ebe5931b3336f9982c5806a06a515dc2032569f5da7720470c1ec36c,solar-spec-v1
2020-05-22,5.98,116.01,UTC+8,28800,5.997354,05:59:50,18.414731,18:24:53,90.833,Y,N,solar-v1,3b7dc371ebe5931b3336f9982c5806a06a515dc2032569f5da7720470c1ec36c,solar-spec-v1
2020-05-23,5.98,116.01,UTC+8,28800,5.997105,05:59:50,18.417718,18:25:04,90.833,Y,N,solar-v1,3b7dc371ebe5931b3336f9982c5806a06a515dc2032569f5da7720470c1ec36c,solar-spec-v1
2020-05-24,5.98,116.01,UTC+8,28800,5.997043,05:59:49,18.420804,18:25:15,90.833,Y,N,solar-v1,3b7dc371ebe5931b3336f9982c5806a06a515dc2032569f5da7720470c1ec36c,solar-spec-v1
2020-05-25,5.98,116.01,UTC+8,28800,5.997166,05:59:50,18.423983,18:25:26,90.833,Y,N,solar-v1,3b7dc371ebe5931b3336f9982c5806a06a515dc2032569f5da7720470c1ec36c,solar-spec-v1
2020-05-26,5.98,116.01,UTC+8,28800,5.997471,05:59:51,18.427251,18:25:38,90.833,Y,N,solar-v1,3b7dc371ebe5931b3336f9982c5806a06a515dc2032569f5da7720470c1ec36c,solar-spec-v1
2020-05-27,5.98,116.01,UTC+8,28800,5.997956,05:59:53,18.430605,18:25:50,90.833,Y,N,solar-v1,3b7dc371ebe5931b3336f9982c5806a06a515dc2032569f5da7720470c1ec36c,solar-spec-v1
2020-05-28,5.98,116.01,UTC+8,28800,5.998618,05:59:55,18.434039,18:26:03,90.833,Y,N,solar-v1,3b7dc371ebe5931b3336f9982c5806a06a515dc2032569f5da7720470c1ec36c,solar-spec-v1
2020-05-29,5.98,116.01,UTC+8,28800,5.999454,05:59:58,18.437548,18:26:15,90.833,Y,N,solar-v1,3b7dc371ebe5931b3336f9982c5806a06a515dc2032569f5da7720470c1ec36c,solar-spec-v1
2020-05-30,5.98,116.01,UTC+8,28800,6.000460,06:00:02,18.441129,18:26:28,90.833,Y,N,solar-v1,3b7dc371ebe5931b3336f9982c5806a06a515dc2032569f5da7720470c1ec36c,solar-spec-v1
2020-05-31,5.98,116.01,UTC+8,28800,6.001634,06:00:06,18.444774,18:26:41,90.833,Y,N,solar-v1,3b7dc371ebe5931b3336f9982c5806a06a515dc2032569f5da7720470c1ec36c,solar-spec-v1
2020-06-01,5.98,116.01,UTC+8,28800,6.002972,06:00:11,18.448480,18:26:55,90.833,Y,N,solar-v1,3b7dc371ebe5931b3336f9982c5806a06a515dc2032569f5da7720470c1ec36c,solar-spec-v1
2020-06-02,5.98,116.01,UTC+8,28800,6.004469,06:00:16,18.452241,18:27:08,90.833,Y,N,solar-v1,3b7dc371ebe5931b3336f9982c5806a06a515dc2032569f5da7720470c1ec36c,solar-spec-v1
2020-06-03,5.98,116.01,UTC+8,28800,6.006122,06:00:22,18.456052,18:27:22,90.833,Y,N,solar-v1,3b7dc371ebe5931b3336f9982c5806a06a515dc2032569f5da7720470c1ec36c,solar-spec-v1
2020-06-04,5.98,116.01,UTC+8,28800,6.007928,06:00:29,18.459907,18:27:36,90.833,Y,N,solar-v1,3b7dc371ebe5931b3336f9982c5806a06a515dc2032569f5da7720470c1ec36c,solar-spec-v1
2020-06-05,5.98,116.01,UTC+8,28800,6.009881,06:00:36,18.463800,18:27:50,90.833,Y,N,solar-v1,3b7dc371ebe5931b3336f9982c5806a06a515dc2032569f5da7720470c1ec36c,solar-spec-v1
2020-06-06,5.98,116.01,UTC+8,28800,6.011977,06:00:43,18.467726,18:28:04,90.833,Y,N,solar-v1,3b7dc371ebe5931b3336f9982c5806a06a515dc2032569f5da7720470c1ec36c,solar-spec-v1
2020-06-07,5.98,116.01,UTC+8,28800,6.014211,06:00:51,18.471678,18:28:18,90.833,Y,N,solar-v1,3b7dc371ebe5931b3336f9982c5806a06a515dc2032569f5da7720470c1ec36c,solar-spec-v1
2020-06-08,5.98,116.01,UTC+8,28800,6.016580,06:01:00,18.475651,18:28:32,90.833,Y,N,solar-v1,3b7dc371ebe5931b3336f9982c5806a06a515dc2032569f5da7720470c1ec36c,solar-spec-v1
2020-06-09,5.98,116.01,UTC+8,28800,6.019077,06:01:09,18.479639,18:28:47,90.833,Y,N,solar-v1,3b7dc371ebe5931b3336f9982c5806a06a515dc2032569f5da7720470c1ec36c,solar-spec-v1
2020-06-10,5.98,116.01,UTC+8,28800,6.021699,06:01:18,18.483636,18:29:01,90.833,Y,N,solar-v1,3b7dc371ebe5931b3336f9982c5806a06a515dc2032569f5da7720470c1ec36c,solar-spec-v1
2020-06-11,5.98,116.01,UTC+8,28800,6.024439,06:01:28,18.487636,18:29:15,90.833,Y,N,solar-v1,3b7dc371ebe5931b3336f9982c5806a06a515dc2032569f5da7720470c1ec36c,solar-spec-v1
2020-06-12,5.98,116.01,UTC+8,28800,6.027293,06:01:38,18.491632,18:29:30,90.833,Y,N,solar-v1,3b7dc371ebe5931b3336f9982c5806a06a515dc2032569f5da7720470c1ec36c,solar-spec-v1
2020-06-13,5.98,116.01,UTC+8,28800,6.030255,06:01:49,18.495618,18:29:44,90.833,Y,N,solar-v1,3b7dc371ebe5931b3336f9982c5806a06a515dc2032569f5da7720470c1ec36c,solar-spec-v1
2020-06-14,5.98,116.01,UTC+8,28800,6.033320,06:02:00,18.499588,18:29:59,90.833,Y,N,solar-v1,3b7dc371ebe5931b3336f9982c5806a06a515dc2032569f5da7720470c1ec36c,solar-spec-v1
2020-06-15,5.98,116.01,UTC+8,28800,6.036482,06:02:11,18.503537,18:30:13,90.833,Y,N,solar-v1,3b7dc371ebe5931b3336f9982c5806a06a515dc2032569f5da7720470c1ec36c,solar-spec-v1
2020-06-16,5.98,116.01,UTC+8,28800,6.039736,06:02:23,18.507457,18:30:27,90.833,Y,N,solar-v1,3b7dc371ebe5931b3336f9982c5806a06a515dc2032569f5da7720470c1ec36c,solar-spec-v1
2020-06-17,5.98,116.01,UTC+8,28800,6.043075,06:02:35,18.511342,18:30:41,90.833,Y,N,solar-v1,3b7dc371ebe5931b3336f9982c5806a06a515dc2032569f5da7720470c1ec36c,solar-spec-v1
2020-06-18,5.98,116.01,UTC+8,28800,6.046494,06:02:47,18.515186,18:30:55,90.833,Y,N,solar-v1,3b7dc371ebe5931b3336f9982c5806a06a515dc2032569f5da7720470c1ec36c,solar-spec-v1
2020-06-19,5.98,116.01,UTC+8,28800,6.049987,06:03:00,18.518983,18:31:08,90.833,Y,N,solar-v1,3b7dc371ebe5931b3336f9982c5806a06a515dc2032569f5da7720470c1ec36c,solar-spec-v1
2020-06-20,5.98,116.01,UTC+8,28800,6.053548,06:03:13,18.522727,18:31:22,90.833,Y,N,solar-v1,3b7dc371ebe5931b3336f9982c5806a06a515dc2032569f5da7720470c1ec36c,solar-spec-v1
2020-06-21,5.98,116.01,UTC+8,28800,6.057170,06:03:26,18.526411,18:31:35,90.833,Y,N,solar-v1,3b7dc371ebe5931b3336f9982c5806a06a515dc2032569f5da7720470c1ec36c,solar-spec-v1
2020-06-22,5.98,116.01,UTC+8,28800,6.060848,06:03:39,18.530029,18:31:48,90.833,Y,N,solar-v1,3b7dc371ebe5931b3336f9982c5806a06a515dc2032569f5da7720470c1ec36c,solar-spec-v1
2020-06-23,5.98,116.01,UTC+8,28800,6.064575,06:03:52,18.533576,18:32:01,90.833,Y,N,solar-v1,3b7dc371ebe5931b3336f9982c5806a06a515dc2032569f5da7720470c1ec36c,solar-spec-v1
2020-06-24,5.98,116.01,UTC+8,28800,6.068345,06:04:06,18.537045,18:32:13,90.833,Y,N,solar-v1,3b7dc371ebe5931b3336f9982c5806a06a515dc2032569f5da7720470c1ec36c,solar-spec-v1
2020-06-25,5.98,116.01,UTC+8,28800,6.072153,06:04:20,18.540429,18:32:26,90.833,Y,N,solar-v1,3b7dc371ebe5931b3336f9982c5806a06a515dc2032569f5da7720470c1ec36c,solar-spec-v1
2020-06-26,5.98,116.01,UTC+8,28800,6.075991,06:04:34,18.543724,18:32:37,90.833,Y,N,solar-v1,3b7dc371ebe5931b3336f9982c5806a06a515dc2032569f5da7720470c1ec36c,solar-spec-v1
2020-06-27,5.98,116.01,UTC+8,28800,6.079853,06:04:47,18.546923,18:32:49,90.833,Y,N,solar-v1,3b7dc371ebe5931b3336f9982c5806a06a515dc2032569f5da7720470c1ec36c,solar-spec-v1
2020-06-28,5.98,116.01,UTC+8,28800,6.083733,06:05:01,18.550021,18:33:00,90.833,Y,N,solar-v1,3b7dc371ebe5931b3336f9982c5806a06a515dc2032569f5da7720470c1ec36c,solar-spec-v1
2020-06-29,5.98,116.01,UTC+8,28800,6.087625,06:05:15,18.553011,18:33:11,90.833,Y,N,solar-v1,3b7dc371ebe5931b3336f9982c5806a06a515dc2032569f5da7720470c1ec36c,solar-spec-v1
2020-06-30,5.98,116.01,UTC+8,28800,6.091522,06:05:29,18.555889,18:33:21,90.833,Y,N,solar-v1,3b7dc371ebe5931b3336f9982c5806a06a515dc2032569f5da7720470c1ec36c,solar-spec-v1
2020-07-01,5.98,116.01,UTC+8,28800,6.095418,06:05:44,18.558648,18:33:31,90.833,Y,N,solar-v1,3b7dc371ebe5931b3336f9982c5806a06a515dc2032569f5da7720470c1ec36c,solar-spec-v1
2020-07-02,5.98,116.01,UTC+8,28800,6.099307,06:05:58,18.561284,18:33:41,90.833,Y,N,solar-v1,3b7dc371ebe5931b3336f9982c5806a06a515dc2032569f5da7720470c1ec36c,solar-spec-v1
2020-07-03,5.98,116.01,UTC+8,28800,6.103183,06:06:11,18.563791,18:33:50,90.833,Y,N,solar-v1,3b7dc371ebe5931b3336f9982c5806a06a515dc2032569f5da7720470c1ec36c,solar-spec-v1
2020-07-04,5.98,116.01,UTC+8,28800,6.107039,06:06:25,18.566164,18:33:58,90.833,Y,N,solar-v1,3b7dc371ebe5931b3336f9982c5806a06a515dc2032569f5da7720470c1ec36c,solar-spec-v1
2020-07-05,5.98,116.01,UTC+8,28800,6.110870,06:06:39,18.568398,18:34:06,90.833,Y,N,solar-v1,3b7dc371ebe5931b3336f9982c5806a06a515dc2032569f5da7720470c1ec36c,solar-spec-v1
2020-07-06,5.98,116.01,UTC+8,28800,6.114669,06:06:53,18.570487,18:34:14,90.833,Y,N,solar-v1,3b7dc371ebe5931b3336f9982c5806a06a515dc2032569f5da7720470c1ec36c,solar-spec-v1
2020-07-07,5.98,116.01,UTC+8,28800,6.118430,06:07:06,18.572428,18:34:21,90.833,Y,N,solar-v1,3b7dc371ebe5931b3336f9982c5806a06a515dc2032569f5da7720470c1ec36c,solar-spec-v1
2020-07-08,5.98,116.01,UTC+8,28800,6.122148,06:07:20,18.574216,18:34:27,90.833,Y,N,solar-v1,3b7dc371ebe5931b3336f9982c5806a06a515dc2032569f5da7720470c1ec36c,solar-spec-v1
2020-07-09,5.98,116.01,UTC+8,28800,6.125816,06:07:33,18.575846,18:34:33,90.833,Y,N,solar-v1,3b7dc371ebe5931b3336f9982c5806a06a515dc2032569f5da7720470c1ec36c,solar-spec-v1
2020-07-10,5.98,116.01,UTC+8,28800,6.129429,06:07:46,18.577314,18:34:38,90.833,Y,N,solar-v1,3b7dc371ebe5931b3336f9982c5806a06a515dc2032569f5da7720470c1ec36c,solar-spec-v1
2020-07-11,5.98,116.01,UTC+8,28800,6.132981,06:07:59,18.578616,18:34:43,90.833,Y,N,solar-v1,3b7dc371ebe5931b3336f9982c5806a06a515dc2032569f5da7720470c1ec36c,solar-spec-v1
2020-07-12,5.98,116.01,UTC+8,28800,6.136466,06:08:11,18.579748,18:34:47,90.833,Y,N,solar-v1,3b7dc371ebe5931b3336f9982c5806a06a515dc2032569f5da7720470c1ec36c,solar-spec-v1
2020-07-13,5.98,116.01,UTC+8,28800,6.139880,06:08:24,18.580706,18:34:51,90.833,Y,N,solar-v1,3b7dc371ebe5931b3336f9982c5806a06a515dc2032569f5da7720470c1ec36c,solar-spec-v1
2020-07-14,5.98,116.01,UTC+8,28800,6.143217,06:08:36,18.581486,18:34:53,90.833,Y,N,solar-v1,3b7dc371ebe5931b3336f9982c5806a06a515dc2032569f5da7720470c1ec36c,solar-spec-v1
2020-07-15,5.98,116.01,UTC+8,28800,6.146472,06:08:47,18.582085,18:34:56,90.833,Y,N,solar-v1,3b7dc371ebe5931b3336f9982c5806a06a515dc2032569f5da7720470c1ec36c,solar-spec-v1
2020-07-16,5.98,116.01,UTC+8,28800,6.149639,06:08:59,18.582500,18:34:57,90.833,Y,N,solar-v1,3b7dc371ebe5931b3336f9982c5806a06a515dc2032569f5da7720470c1ec36c,solar-spec-v1
2020-07-17,5.98,116.01,UTC+8,28800,6.152715,06:09:10,18.582728,18:34:58,90.833,Y,N,solar-v1,3b7dc371ebe5931b3336f9982c5806a06a515dc2032569f5da7720470c1ec36c,solar-spec-v1
2020-07-18,5.98,116.01,UTC+8,28800,6.155693,06:09:20,18.582765,18:34:58,90.833,Y,N,solar-v1,3b7dc371ebe5931b3336f9982c5806a06a515dc2032569f5da7720470c1ec36c,solar-spec-v1
2020-07-19,5.98,116.01,UTC+8,28800,6.158571,06:09:31,18.582610,18:34:57,90.833,Y,N,solar-v1,3b7dc371ebe5931b3336f9982c5806a06a515dc2032569f5da7720470c1ec36c,solar-spec-v1
2020-07-20,5.98,116.01,UTC+8,28800,6.161343,06:09:41,18.582259,18:34:56,90.833,Y,N,solar-v1,3b7dc371ebe5931b3336f9982c5806a06a515dc2032569f5da7720470c1ec36c,solar-spec-v1
2020-07-21,5.98,116.01,UTC+8,28800,6.164004,06:09:50,18.581710,18:34:54,90.833,Y,N,solar-v1,3b7dc371ebe5931b3336f9982c5806a06a515dc2032569f5da7720470c1ec36c,solar-spec-v1
2020-07-22,5.98,116.01,UTC+8,28800,6.166552,06:10:00,18.580962,18:34:51,90.833,Y,N,solar-v1,3b7dc371ebe5931b3336f9982c5806a06a515dc2032569f5da7720470c1ec36c,solar-spec-v1
2020-07-23,5.98,116.01,UTC+8,28800,6.168983,06:10:08,18.580011,18:34:48,90.833,Y,N,solar-v1,3b7dc371ebe5931b3336f9982c5806a06a515dc2032569f5da7720470c1ec36c,solar-spec-v1
2020-07-24,5.98,116.01,UTC+8,28800,6.171292,06:10:17,18.578857,18:34:44,90.833,Y,N,solar-v1,3b7dc371ebe5931b3336f9982c5806a06a515dc2032569f5da7720470c1ec36c,solar-spec-v1
2020-07-25,5.98,116.01,UTC+8,28800,6.173476,06:10:25,18.577499,18:34:39,90.833,Y,N,solar-v1,3b7dc371ebe5931b3336f9982c5806a06a515dc2032569f5da7720470c1ec36c,solar-spec-v1
2020-07-26,5.98,116.01,UTC+8,28800,6.175532,06:10:32,18.575934,18:34:33,90.833,Y,N,solar-v1,3b7dc371ebe5931b3336f9982c5806a06a515dc2032569f5da7720470c1ec36c,solar-spec-v1
2020-07-27,5.98,116.01,UTC+8,28800,6.177457,06:10:39,18.574161,18:34:27,90.833,Y,N,solar-v1,3b7dc371ebe5931b3336f9982c5806a06a515dc2032569f5da7720470c1ec36c,solar-spec-v1
2020-07-28,5.98,116.01,UTC+8,28800,6.179248,06:10:45,18.572181,18:34:20,90.833,Y,N,solar-v1,3b7dc371ebe5931b3336f9982c5806a06a515dc2032569f5da7720470c1ec36c,solar-spec-v1
2020-07-29,5.98,116.01,UTC+8,28800,6.180902,06:10:51,18.569992,18:34:12,90.833,Y,N,solar-v1,3b7dc371ebe5931b3336f9982c5806a06a515dc2032569f5da7720470c1ec36c,solar-spec-v1
2020-07-30,5.98,116.01,UTC+8,28800,6.182418,06:10:57,18.567593,18:34:03,90.833,Y,N,solar-v1,3b7dc371ebe5931b3336f9982c5806a06a515dc2032569f5da7720470c1ec36c,solar-spec-v1
2020-07-31,5.98,116.01,UTC+8,28800,6.183792,06:11:02,18.564985,18:33:54,90.833,Y,N,solar-v1,3b7dc371ebe5931b3336f9982c5806a06a515dc2032569f5da7720470c1ec36c,solar-spec-v1
2020-08-01,5.98,116.01,UTC+8,28800,6.185024,06:11:06,18.562168,18:33:44,90.833,Y,N,solar-v1,3b7dc371ebe5931b3336f9982c5806a06a515dc2032569f5da7720470c1ec36c,solar-spec-v1
2020-08-02,5.98,116.01,UTC+8,28800,6.186111,06:11:10,18.559142,18:33:33,90.833,Y,N,solar-v1,3b7dc371ebe5931b3336f9982c5806a06a515dc2032569f5da7720470c1ec36c,solar-spec-v1
2020-08-03,5.98,116.01,UTC+8,28800,6.187051,06:11:13,18.555906,18:33:21,90.833,Y,N,solar-v1,3b7dc371ebe5931b3336f9982c5806a06a515dc2032569f5da7720470c1ec36c,solar-spec-v1
2020-08-04,5.98,116.01,UTC+8,28800,6.187844,06:11:16,18.552463,18:33:09,90.833,Y,N,solar-v1,3b7dc371ebe5931b3336f9982c5806a06a515dc2032569f5da7720470c1ec36c,solar-spec-v1
2020-08-05,5.98,116.01,UTC+8,28800,6.188489,06:11:19,18.548812,18:32:56,90.833,Y,N,solar-v1,3b7dc371ebe5931b3336f9982c5806a06a515dc2032569f5da7720470c1ec36c,solar-spec-v1
2020-08-06,5.98,116.01,UTC+8,28800,6.188985,06:11:20,18.544956,18:32:42,90.833,Y,N,solar-v1,3b7dc371ebe5931b3336f9982c5806a06a515dc2032569f5da7720470c1ec36c,solar-spec-v1
2020-08-07,5.98,116.01,UTC+8,28800,6.189330,06:11:22,18.540894,18:32:27,90.833,Y,N,solar-v1,3b7dc371ebe5931b3336f9982c5806a06a515dc2032569f5da7720470c1ec36c,solar-spec-v1
2020-08-08,5.98,116.01,UTC+8,28800,6.189526,06:11:22,18.536629,18:32:12,90.833,Y,N,solar-v1,3b7dc371ebe5931b3336f9982c5806a06a515dc2032569f5da7720470c1ec36c,solar-spec-v1
2020-08-09,5.98,116.01,UTC+8,28800,6.189571,06:11:22,18.532163,18:31:56,90.833,Y,N,solar-v1,3b7dc371ebe5931b3336f9982c5806a06a515dc2032569f5da7720470c1ec36c,solar-spec-v1
2020-08-10,5.98,116.01,UTC+8,28800,6.189467,06:11:22,18.527497,18:31:39,90.833,Y,N,solar-v1,3b7dc371ebe5931b3336f9982c5806a06a515dc2032569f5da7720470c1ec36c,solar-spec-v1
2020-08-11,5.98,116.01,UTC+8,28800,6.189213,06:11:21,18.522633,18:31:21,90.833,Y,N,solar-v1,3b7dc371ebe5931b3336f9982c5806a06a515dc2032569f5da7720470c1ec36c,solar-spec-v1
2020-08-12,5.98,116.01,UTC+8,28800,6.188810,06:11:20,18.517574,18:31:03,90.833,Y,N,solar-v1,3b7dc371ebe5931b3336f9982c5806a06a515dc2032569f5da7720470c1ec36c,solar-spec-v1
2020-08-13,5.98,116.01,UTC+8,28800,6.188259,06:11:18,18.512323,18:30:44,90.833,Y,N,solar-v1,3b7dc371ebe5931b3336f9982c5806a06a515dc2032569f5da7720470c1ec36c,solar-spec-v1
2020-08-14,5.98,116.01,UTC+8,28800,6.187561,06:11:15,18.506882,18:30:25,90.833,Y,N,solar-v1,3b7dc371ebe5931b3336f9982c5806a06a515dc2032569f5da7720470c1ec36c,solar-spec-v1
2020-08-15,5.98,116.01,UTC+8,28800,6.186718,06:11:12,18.501255,18:30:05,90.833,Y,N,solar-v1,3b7dc371ebe5931b3336f9982c5806a06a515dc2032569f5da7720470c1ec36c,solar-spec-v1
2020-08-16,5.98,116.01,UTC+8,28800,6.185731,06:11:09,18.495444,18:29:44,90.833,Y,N,solar-v1,3b7dc371ebe5931b3336f9982c5806a06a515dc2032569f5da7720470c1ec36c,solar-spec-v1
2020-08-17,5.98,116.01,UTC+8,28800,6.184602,06:11:05,18.489453,18:29:22,90.833,Y,N,solar-v1,3b7dc371ebe5931b3336f9982c5806a06a515dc2032569f5da7720470c1ec36c,solar-spec-v1
2020-08-18,5.98,116.01,UTC+8,28800,6.183333,06:11:00,18.483285,18:29:00,90.833,Y,N,solar-v1,3b7dc371ebe5931b3336f9982c5806a06a515dc2032569f5da7720470c1ec36c,solar-spec-v1
2020-08-19,5.98,116.01,UTC+8,28800,6.181926,06:10:55,18.476944,18:28:37,90.833,Y,N,solar-v1,3b7dc371ebe5931b3336f9982c5806a06a515dc2032569f5da7720470c1ec36c,solar-spec-v1
2020-08-20,5.98,116.01,UTC+8,28800,6.180384,06:10:49,18.470435,18:28:14,90.833,Y,N,solar-v1,3b7dc371ebe5931b3336f9982c5806a06a515dc2032569f5da7720470c1ec36c,solar-spec-v1
2020-08-21,5.98,116.01,UTC+8,28800,6.178710,06:10:43,18.463761,18:27:50,90.833,Y,N,solar-v1,3b7dc371ebe5931b3336f9982c5806a06a515dc2032569f5da7720470c1ec36c,solar-spec-v1
2020-08-22,5.98,116.01,UTC+8,28800,6.176906,06:10:37,18.456927,18:27:25,90.833,Y,N,solar-v1,3b7dc371ebe5931b3336f9982c5806a06a515dc2032569f5da7720470c1ec36c,solar-spec-v1
2020-08-23,5.98,116.01,UTC+8,28800,6.174975,06:10:30,18.449937,18:27:00,90.833,Y,N,solar-v1,3b7dc371ebe5931b3336f9982c5806a06a515dc2032569f5da7720470c1ec36c,solar-spec-v1
2020-08-24,5.98,116.01,UTC+8,28800,6.172922,06:10:23,18.442796,18:26:34,90.833,Y,N,solar-v1,3b7dc371ebe5931b3336f9982c5806a06a515dc2032569f5da7720470c1ec36c,solar-spec-v1
2020-08-25,5.98,116.01,UTC+8,28800,6.170749,06:10:15,18.435509,18:26:08,90.833,Y,N,solar-v1,3b7dc371ebe5931b3336f9982c5806a06a515dc2032569f5da7720470c1ec36c,solar-spec-v1
2020-08-26,5.98,116.01,UTC+8,28800,6.168460,06:10:06,18.428081,18:25:41,90.833,Y,N,solar-v1,3b7dc371ebe5931b3336f9982c5806a06a515dc2032569f5da7720470c1ec36c,solar-spec-v1
2020-08-27,5.98,116.01,UTC+8,28800,6.166060,06:09:58,18.420516,18:25:14,90.833,Y,N,solar-v1,3b7dc371ebe5931b3336f9982c5806a06a515dc2032569f5da7720470c1ec36c,solar-spec-v1
2020-08-28,5.98,116.01,UTC+8,28800,6.163552,06:09:49,18.412821,18:24:46,90.833,Y,N,solar-v1,3b7dc371ebe5931b3336f9982c5806a06a515dc2032569f5da7720470c1ec36c,solar-spec-v1
2020-08-29,5.98,116.01,UTC+8,28800,6.160941,06:09:39,18.405001,18:24:18,90.833,Y,N,solar-v1,3b7dc371ebe5931b3336f9982c5806a06a515dc2032569f5da7720470c1ec36c,solar-spec-v1
2020-08-30,5.98,116.01,UTC+8,28800,6.158231,06:09:30,18.397062,18:23:49,90.833,Y,N,solar-v1,3b7dc371ebe5931b3336f9982c5806a06a515dc2032569f5da7720470c1ec36c,solar-spec-v1
2020-08-31,5.98,116.01,UTC+8,28800,6.155427,06:09:20,18.389009,18:23:20,90.833,Y,N,solar-v1,3b7dc371ebe5931b3336f9982c5806a06a515dc2032569f5da7720470c1ec36c,solar-spec-v1
2020-09-01,5.98,116.01,UTC+8,28800,6.152533,06:09:09,18.380848,18:22:51,90.833,Y,N,solar-v1,3b7dc371ebe5931b3336f9982c5806a06a515dc2032569f5da7720470c1ec36c,solar-spec-v1
2020-09-02,5.98,116.01,UTC+8,28800,6.149555,06:08:58,18.372586,18:22:21,90.833,Y,N,solar-v1,3b7dc371ebe5931b3336f9982c5806a06a515dc2032569f5da7720470c1ec36c,solar-spec-v1
2020-09-03,5.98,116.01,UTC+8,28800,6.146498,06:08:47,18.364228,18:21:51,90.833,Y,N,solar-v1,3b7dc371ebe5931b3336f9982c5806a06a515dc2032569f5da7720470c1ec36c,solar-spec-v1
2020-09-04,5.98,116.01,UTC+8,28800,6.143368,06:08:36,18.355780,18:21:21,90.833,Y,N,solar-v1,3b7dc371ebe5931b3336f9982c5806a06a515dc2032569f5da7720470c1ec36c,solar-spec-v1
2020-09-05,5.98,116.01,UTC+8,28800,6.140168,06:08:25,18.347250,18:20:50,90.833,Y,N,solar-v1,3b7dc371ebe5931b3336f9982c5806a06a515dc2032569f5da7720470c1ec36c,solar-spec-v1
2020-09-06,5.98,116.01,UTC+8,28800,6.136906,06:08:13,18.338644,18:20:19,90.833,Y,N,solar-v1,3b7dc371ebe5931b3336f9982c5806a06a515dc2032569f5da7720470c1ec36c,solar-spec-v1
2020-09-07,5.98,116.01,UTC+8,28800,6.133587,06:08:01,18.329968,18:19:48,90.833,Y,N,solar-v1,3b7dc371ebe5931b3336f9982c5806a06a515dc2032569f5da7720470c1ec36c,solar-spec-v1
2020-09-08,5.98,116.01,UTC+8,28800,6.130216,06:07:49,18.321230,18:19:16,90.833,Y,N,solar-v1,3b7dc371ebe5931b3336f9982c5806a06a515dc2032569f5da7720470c1ec36c,solar-spec-v1
2020-09-09,5.98,116.01,UTC+8,28800,6.126800,06:07:36,18.312435,18:18:45,90.833,Y,N,solar-v1,3b7dc371ebe5931b3336f9982c5806a06a515dc2032569f5da7720470c1ec36c,solar-spec-v1
2020-09-10,5.98,116.01,UTC+8,28800,6.123343,06:07:24,18.303591,18:18:13,90.833,Y,N,solar-v1,3b7dc371ebe5931b3336f9982c5806a06a515dc2032569f5da7720470c1ec36c,solar-spec-v1
2020-09-11,5.98,116.01,UTC+8,28800,6.119854,06:07:11,18.294705,18:17:41,90.833,Y,N,solar-v1,3b7dc371ebe5931b3336f9982c5806a06a515dc2032569f5da7720470c1ec36c,solar-spec-v1
2020-09-12,5.98,116.01,UTC+8,28800,6.116337,06:06:59,18.285783,18:17:09,90.833,Y,N,solar-v1,3b7dc371ebe5931b3336f9982c5806a06a515dc2032569f5da7720470c1ec36c,solar-spec-v1
2020-09-13,5.98,116.01,UTC+8,28800,6.112799,06:06:46,18.276833,18:16:37,90.833,Y,N,solar-v1,3b7dc371ebe5931b3336f9982c5806a06a515dc2032569f5da7720470c1ec36c,solar-spec-v1
2020-09-14,5.98,116.01,UTC+8,28800,6.109246,06:06:33,18.267863,18:16:04,90.833,Y,N,solar-v1,3b7dc371ebe5931b3336f9982c5806a06a515dc2032569f5da7720470c1ec36c,solar-spec-v1
2020-09-15,5.98,116.01,UTC+8,28800,6.105684,06:06:20,18.258878,18:15:32,90.833,Y,N,solar-v1,3b7dc371ebe5931b3336f9982c5806a06a515dc2032569f5da7720470c1ec36c,solar-spec-v1
2020-09-16,5.98,116.01,UTC+8,28800,6.102121,06:06:08,18.249887,18:15:00,90.833,Y,N,solar-v1,3b7dc371ebe5931b3336f9982c5806a06a515dc2032569f5da7720470c1ec36c,solar-spec-v1
2020-09-17,5.98,116.01,UTC+8,28800,6.098562,06:05:55,18.240896,18:14:27,90.833,Y,N,solar-v1,3b7dc371ebe5931b3336f9982c5806a06a515dc2032569f5da7720470c1ec36c,solar-spec-v1
2020-09-18,5.98,116.01,UTC+8,28800,6.095013,06:05:42,18.231914,18:13:55,90.833,Y,N,solar-v1,3b7dc371ebe5931b3336f9982c5806a06a515dc2032569f5da7720470c1ec36c,solar-spec-v1
2020-09-19,5.98,116.01,UTC+8,28800,6.091482,06:05:29,18.222946,18:13:23,90.833,Y,N,solar-v1,3b7dc371ebe5931b3336f9982c5806a06a515dc2032569f5da7720470c1ec36c,solar-spec-v1
2020-09-20,5.98,116.01,UTC+8,28800,6.087975,06:05:17,18.214002,18:12:50,90.833,Y,N,solar-v1,3b7dc371ebe5931b3336f9982c5806a06a515dc2032569f5da7720470c1ec36c,solar-spec-v1
2020-09-21,5.98,116.01,UTC+8,28800,6.084498,06:05:04,18.205087,18:12:18,90.833,Y,N,solar-v1,3b7dc371ebe5931b3336f9982c5806a06a515dc2032569f5da7720470c1ec36c,solar-spec-v1
2020-09-22,5.98,116.01,UTC+8,28800,6.081058,06:04:52,18.196209,18:11:46,90.833,Y,N,solar-v1,3b7dc371ebe5931b3336f9982c5806a06a515dc2032569f5da7720470c1ec36c,solar-spec-v1
2020-09-23,5.98,116.01,UTC+8,28800,6.077662,06:04:40,18.187375,18:11:15,90.833,Y,N,solar-v1,3b7dc371ebe5931b3336f9982c5806a06a515dc2032569f5da7720470c1ec36c,solar-spec-v1
2020-09-24,5.98,116.01,UTC+8,28800,6.074315,06:04:28,18.178594,18:10:43,90.833,Y,N,solar-v1,3b7dc371ebe5931b3336f9982c5806a06a515dc2032569f5da7720470c1ec36c,solar-spec-v1
2020-09-25,5.98,116.01,UTC+8,28800,6.071024,06:04:16,18.169871,18:10:12,90.833,Y,N,solar-v1,3b7dc371ebe5931b3336f9982c5806a06a515dc2032569f5da7720470c1ec36c,solar-spec-v1
2020-09-26,5.98,116.01,UTC+8,28800,6.067797,06:04:04,18.161214,18:09:40,90.833,Y,N,solar-v1,3b7dc371ebe5931b3336f9982c5806a06a515dc2032569f5da7720470c1ec36c,solar-spec-v1
2020-09-27,5.98,116.01,UTC+8,28800,6.064638,06:03:53,18.152631,18:09:09,90.833,Y,N,solar-v1,3b7dc371ebe5931b3336f9982c5806a06a515dc2032569f5da7720470c1ec36c,solar-spec-v1
2020-09-28,5.98,116.01,UTC+8,28800,6.061554,06:03:42,18.144128,18:08:39,90.833,Y,N,solar-v1,3b7dc371ebe5931b3336f9982c5806a06a515dc2032569f5da7720470c1ec36c,solar-spec-v1
2020-09-29,5.98,116.01,UTC+8,28800,6.058553,06:03:31,18.135712,18:08:09,90.833,Y,N,solar-v1,3b7dc371ebe5931b3336f9982c5806a06a515dc2032569f5da7720470c1ec36c,solar-spec-v1
2020-09-30,5.98,116.01,UTC+8,28800,6.055639,06:03:20,18.127391,18:07:39,90.833,Y,N,solar-v1,3b7dc371ebe5931b3336f9982c5806a06a515dc2032569f5da7720470c1ec36c,solar-spec-v1
2020-10-01,5.98,116.01,UTC+8,28800,6.052819,06:03:10,18.119172,18:07:09,90.833,Y,N,solar-v1,3b7dc371ebe5931b3336f9982c5806a06a515dc2032569f5da7720470c1ec36c,solar-spec-v1
2020-10-02,5.98,116.01,UTC+8,28800,6.050098,06:03:00,18.111061,18:06:40,90.833,Y,N,solar-v1,3b7dc371ebe5931b3336f9982c5806a06a515dc2032569f5da7720470c1ec36c,solar-spec-v1
2020-10-03,5.98,116.01,UTC+8,28800,6.047484,06:02:51,18.103064,18:06:11,90.833,Y,N,solar-v1,3b7dc371ebe5931b3336f9982c5806a06a515dc2032569f5da7720470c1ec36c,solar-spec-v1
2020-10-04,5.98,116.01,UTC+8,28800,6.044981,06:02:42,18.095190,18:05:43,90.833,Y,N,solar-v1,3b7dc371ebe5931b3336f9982c5806a06a515dc2032569f5da7720470c1ec36c,solar-spec-v1
2020-10-05,5.98,116.01,UTC+8,28800,6.042595,06:02:33,18.087444,18:05:15,90.833,Y,N,solar-v1,3b7dc371ebe5931b3336f9982c5806a06a515dc2032569f5da7720470c1ec36c,solar-spec-v1
2020-10-06,5.98,116.01,UTC+8,28800,6.040332,06:02:25,18.079832,18:04:47,90.833,Y,N,solar-v1,3b7dc371ebe5931b3336f9982c5806a06a515dc2032569f5da7720470c1ec36c,solar-spec-v1
2020-10-07,5.98,116.01,UTC+8,28800,6.038198,06:02:18,18.072362,18:04:21,90.833,Y,N,solar-v1,3b7dc371ebe5931b3336f9982c5806a06a515dc2032569f5da7720470c1ec36c,solar-spec-v1
2020-10-08,5.98,116.01,UTC+8,28800,6.036196,06:02:10,18.065039,18:03:54,90.833,Y,N,solar-v1,3b7dc371ebe5931b3336f9982c5806a06a515dc2032569f5da7720470c1ec36c,solar-spec-v1
2020-10-09,5.98,116.01,UTC+8,28800,6.034334,06:02:04,18.057869,18:03:28,90.833,Y,N,solar-v1,3b7dc371ebe5931b3336f9982c5806a06a515dc2032569f5da7720470c1ec36c,solar-spec-v1
2020-10-10,5.98,116.01,UTC+8,28800,6.032615,06:01:57,18.050860,18:03:03,90.833,Y,N,solar-v1,3b7dc371ebe5931b3336f9982c5806a06a515dc2032569f5da7720470c1ec36c,solar-spec-v1
2020-10-11,5.98,116.01,UTC+8,28800,6.031045,06:01:52,18.044015,18:02:38,90.833,Y,N,solar-v1,3b7dc371ebe5931b3336f9982c5806a06a515dc2032569f5da7720470c1ec36c,solar-spec-v1
2020-10-12,5.98,116.01,UTC+8,28800,6.029628,06:01:47,18.037341,18:02:14,90.833,Y,N,solar-v1,3b7dc371ebe5931b3336f9982c5806a06a515dc2032569f5da7720470c1ec36c,solar-spec-v1
2020-10-13,5.98,116.01,UTC+8,28800,6.028368,06:01:42,18.030845,18:01:51,90.833,Y,N,solar-v1,3b7dc371ebe5931b3336f9982c5806a06a515dc2032569f5da7720470c1ec36c,solar-spec-v1
2020-10-14,5.98,116.01,UTC+8,28800,6.027270,06:01:38,18.024530,18:01:28,90.833,Y,N,solar-v1,3b7dc371ebe5931b3336f9982c5806a06a515dc2032569f5da7720470c1ec36c,solar-spec-v1
2020-10-15,5.98,116.01,UTC+8,28800,6.026339,06:01:35,18.018402,18:01:06,90.833,Y,N,solar-v1,3b7dc371ebe5931b3336f9982c5806a06a515dc2032569f5da7720470c1ec36c,solar-spec-v1
2020-10-16,5.98,116.01,UTC+8,28800,6.025577,06:01:32,18.012467,18:00:45,90.833,Y,N,solar-v1,3b7dc371ebe5931b3336f9982c5806a06a515dc2032569f5da7720470c1ec36c,solar-spec-v1
2020-10-17,5.98,116.01,UTC+8,28800,6.024990,06:01:30,18.006729,18:00:24,90.833,Y,N,solar-v1,3b7dc371ebe5931b3336f9982c5806a06a515dc2032569f5da7720470c1ec36c,solar-spec-v1
2020-10-18,5.98,116.01,UTC+8,28800,6.024579,06:01:28,18.001194,18:00:04,90.833,Y,N,solar-v1,3b7dc371ebe5931b3336f9982c5806a06a515dc2032569f5da7720470c1ec36c,solar-spec-v1
2020-10-19,5.98,116.01,UTC+8,28800,6.024350,06:01:28,17.995865,17:59:45,90.833,Y,N,solar-v1,3b7dc371ebe5931b3336f9982c5806a06a515dc2032569f5da7720470c1ec36c,solar-spec-v1
2020-10-20,5.98,116.01,UTC+8,28800,6.024304,06:01:27,17.990747,17:59:27,90.833,Y,N,solar-v1,3b7dc371ebe5931b3336f9982c5806a06a515dc2032569f5da7720470c1ec36c,solar-spec-v1
2020-10-21,5.98,116.01,UTC+8,28800,6.024444,06:01:28,17.985844,17:59:09,90.833,Y,N,solar-v1,3b7dc371ebe5931b3336f9982c5806a06a515dc2032569f5da7720470c1ec36c,solar-spec-v1
2020-10-22,5.98,116.01,UTC+8,28800,6.024774,06:01:29,17.981161,17:58:52,90.833,Y,N,solar-v1,3b7dc371ebe5931b3336f9982c5806a06a515dc2032569f5da7720470c1ec36c,solar-spec-v1
2020-10-23,5.98,116.01,UTC+8,28800,6.025296,06:01:31,17.976700,17:58:36,90.833,Y,N,solar-v1,3b7dc371ebe5931b3336f9982c5806a06a515dc2032569f5da7720470c1ec36c,solar-spec-v1
2020-10-24,5.98,116.01,UTC+8,28800,6.026012,06:01:34,17.972467,17:58:21,90.833,Y,N,solar-v1,3b7dc371ebe5931b3336f9982c5806a06a515dc2032569f5da7720470c1ec36c,solar-spec-v1
2020-10-25,5.98,116.01,UTC+8,28800,6.026924,06:01:37,17.968463,17:58:06,90.833,Y,N,solar-v1,3b7dc371ebe5931b3336f9982c5806a06a515dc2032569f5da7720470c1ec36c,solar-spec-v1
2020-10-26,5.98,116.01,UTC+8,28800,6.028033,06:01:41,17.964693,17:57:53,90.833,Y,N,solar-v1,3b7dc371ebe5931b3336f9982c5806a06a515dc2032569f5da7720470c1ec36c,solar-spec-v1
2020-10-27,5.98,116.01,UTC+8,28800,6.029342,06:01:46,17.961159,17:57:40,90.833,Y,N,solar-v1,3b7dc371ebe5931b3336f9982c5806a06a515dc2032569f5da7720470c1ec36c,solar-spec-v1
2020-10-28,5.98,116.01,UTC+8,28800,6.030851,06:01:51,17.957865,17:57:28,90.833,Y,N,solar-v1,3b7dc371ebe5931b3336f9982c5806a06a515dc2032569f5da7720470c1ec36c,solar-spec-v1
2020-10-29,5.98,116.01,UTC+8,28800,6.032562,06:01:57,17.954812,17:57:17,90.833,Y,N,solar-v1,3b7dc371ebe5931b3336f9982c5806a06a515dc2032569f5da7720470c1ec36c,solar-spec-v1
2020-10-30,5.98,116.01,UTC+8,28800,6.034474,06:02:04,17.952003,17:57:07,90.833,Y,N,solar-v1,3b7dc371ebe5931b3336f9982c5806a06a515dc2032569f5da7720470c1ec36c,solar-spec-v1
2020-10-31,5.98,116.01,UTC+8,28800,6.036590,06:02:12,17.949440,17:56:58,90.833,Y,N,solar-v1,3b7dc371ebe5931b3336f9982c5806a06a515dc2032569f5da7720470c1ec36c,solar-spec-v1
2020-11-01,5.98,116.01,UTC+8,28800,6.038909,06:02:20,17.947126,17:56:50,90.833,Y,N,solar-v1,3b7dc371ebe5931b3336f9982c5806a06a515dc2032569f5da7720470c1ec36c,solar-spec-v1
2020-11-02,5.98,116.01,UTC+8,28800,6.041430,06:02:29,17.945061,17:56:42,90.833,Y,N,solar-v1,3b7dc371ebe5931b3336f9982c5806a06a515dc2032569f5da7720470c1ec36c,solar-spec-v1
2020-11-03,5.98,116.01,UTC+8,28800,6.044154,06:02:39,17.943248,17:56:36,90.833,Y,N,solar-v1,3b7dc371ebe5931b3336f9982c5806a06a515dc2032569f5da7720470c1ec36c,solar-spec-v1
2020-11-04,5.98,116.01,UTC+8,28800,6.047081,06:02:49,17.941687,17:56:30,90.833,Y,N,solar-v1,3b7dc371ebe5931b3336f9982c5806a06a515dc2032569f5da7720470c1ec36c,solar-spec-v1
2020-11-05,5.98,116.01,UTC+8,28800,6.050209,06:03:01,17.940380,17:56:25,90.833,Y,N,solar-v1,3b7dc371ebe5931b3336f9982c5806a06a515dc2032569f5da7720470c1ec36c,solar-spec-v1
2020-11-06,5.98,116.01,UTC+8,28800,6.053537,06:03:13,17.939327,17:56:22,90.833,Y,N,solar-v1,3b7dc371ebe5931b3336f9982c5806a06a515dc2032569f5da7720470c1ec36c,solar-spec-v1
2020-11-07,5.98,116.01,UTC+8,28800,6.057065,06:03:25,17.938530,17:56:19,90.833,Y,N,solar-v1,3b7dc371ebe5931b3336f9982c5806a06a515dc2032569f5da7720470c1ec36c,solar-spec-v1
2020-11-08,5.98,116.01,UTC+8,28800,6.060790,06:03:39,17.937987,17:56:17,90.833,Y,N,solar-v1,3b7dc371ebe5931b3336f9982c5806a06a515dc2032569f5da7720470c1ec36c,solar-spec-v1
2020-11-09,5.98,116.01,UTC+8,28800,6.064711,06:03:53,17.937700,17:56:16,90.833,Y,N,solar-v1,3b7dc371ebe5931b3336f9982c5806a06a515dc2032569f5da7720470c1ec36c,solar-spec-v1
2020-11-10,5.98,116.01,UTC+8,28800,6.068826,06:04:08,17.937669,17:56:16,90.833,Y,N,solar-v1,3b7dc371ebe5931b3336f9982c5806a06a515dc2032569f5da7720470c1ec36c,solar-spec-v1
2020-11-11,5.98,116.01,UTC+8,28800,6.073133,06:04:23,17.937892,17:56:16,90.833,Y,N,solar-v1,3b7dc371ebe5931b3336f9982c5806a06a515dc2032569f5da7720470c1ec36c,solar-spec-v1
2020-11-12,5.98,116.01,UTC+8,28800,6.077628,06:04:39,17.938369,17:56:18,90.833,Y,N,solar-v1,3b7dc371ebe5931b3336f9982c5806a06a515dc2032569f5da7720470c1ec36c,solar-spec-v1
2020-11-13,5.98,116.01,UTC+8,28800,6.082310,06:04:56,17.939100,17:56:21,90.833,Y,N,solar-v1,3b7dc371ebe5931b3336f9982c5806a06a515dc2032569f5da7720470c1ec36c,solar-spec-v1
2020-11-14,5.98,116.01,UTC+8,28800,6.087175,06:05:14,17.940084,17:56:24,90.833,Y,N,solar-v1,3b7dc371ebe5931b3336f9982c5806a06a515dc2032569f5da7720470c1ec36c,solar-spec-v1
2020-11-15,5.98,116.01,UTC+8,28800,6.092220,06:05:32,17.941318,17:56:29,90.833,Y,N,solar-v1,3b7dc371ebe5931b3336f9982c5806a06a515dc2032569f5da7720470c1ec36c,solar-spec-v1
2020-11-16,5.98,116.01,UTC+8,28800,6.097441,06:05:51,17.942803,17:56:34,90.833,Y,N,solar-v1,3b7dc371ebe5931b3336f9982c5806a06a515dc2032569f5da7720470c1ec36c,solar-spec-v1
2020-11-17,5.98,116.01,UTC+8,28800,6.102835,06:06:10,17.944535,17:56:40,90.833,Y,N,solar-v1,3b7dc371ebe5931b3336f9982c5806a06a515dc2032569f5da7720470c1ec36c,solar-spec-v1
2020-11-18,5.98,116.01,UTC+8,28800,6.108398,06:06:30,17.946514,17:56:47,90.833,Y,N,solar-v1,3b7dc371ebe5931b3336f9982c5806a06a515dc2032569f5da7720470c1ec36c,solar-spec-v1
2020-11-19,5.98,116.01,UTC+8,28800,6.114125,06:06:51,17.948736,17:56:55,90.833,Y,N,solar-v1,3b7dc371ebe5931b3336f9982c5806a06a515dc2032569f5da7720470c1ec36c,solar-spec-v1
2020-11-20,5.98,116.01,UTC+8,28800,6.120013,06:07:12,17.951200,17:57:04,90.833,Y,N,solar-v1,3b7dc371ebe5931b3336f9982c5806a06a515dc2032569f5da7720470c1ec36c,solar-spec-v1
2020-11-21,5.98,116.01,UTC+8,28800,6.126056,06:07:34,17.953903,17:57:14,90.833,Y,N,solar-v1,3b7dc371ebe5931b3336f9982c5806a06a515dc2032569f5da7720470c1ec36c,solar-spec-v1
2020-11-22,5.98,116.01,UTC+8,28800,6.132250,06:07:56,17.956841,17:57:25,90.833,Y,N,solar-v1,3b7dc371ebe5931b3336f9982c5806a06a515dc2032569f5da7720470c1ec36c,solar-spec-v1
2020-11-23,5.98,116.01,UTC+8,28800,6.138590,06:08:19,17.960013,17:57:36,90.833,Y,N,solar-v1,3b7dc371ebe5931b3336f9982c5806a06a515dc2032569f5da7720470c1ec36c,solar-spec-v1
2020-11-24,5.98,116.01,UTC+8,28800,6.145071,06:08:42,17.963415,17:57:48,90.833,Y,N,solar-v1,3b7dc371ebe5931b3336f9982c5806a06a515dc2032569f5da7720470c1ec36c,solar-spec-v1
2020-11-25,5.98,116.01,UTC+8,28800,6.151687,06:09:06,17.967042,17:58:01,90.833,Y,N,solar-v1,3b7dc371ebe5931b3336f9982c5806a06a515dc2032569f5da7720470c1ec36c,solar-spec-v1
2020-11-26,5.98,116.01,UTC+8,28800,6.158432,06:09:30,17.970893,17:58:15,90.833,Y,N,solar-v1,3b7dc371ebe5931b3336f9982c5806a06a515dc2032569f5da7720470c1ec36c,solar-spec-v1
2020-11-27,5.98,116.01,UTC+8,28800,6.165302,06:09:55,17.974962,17:58:30,90.833,Y,N,solar-v1,3b7dc371ebe5931b3336f9982c5806a06a515dc2032569f5da7720470c1ec36c,solar-spec-v1
2020-11-28,5.98,116.01,UTC+8,28800,6.172289,06:10:20,17.979246,17:58:45,90.833,Y,N,solar-v1,3b7dc371ebe5931b3336f9982c5806a06a515dc2032569f5da7720470c1ec36c,solar-spec-v1
2020-11-29,5.98,116.01,UTC+8,28800,6.179388,06:10:46,17.983740,17:59:01,90.833,Y,N,solar-v1,3b7dc371ebe5931b3336f9982c5806a06a515dc2032569f5da7720470c1ec36c,solar-spec-v1
2020-11-30,5.98,116.01,UTC+8,28800,6.186594,06:11:12,17.988441,17:59:18,90.833,Y,N,solar-v1,3b7dc371ebe5931b3336f9982c5806a06a515dc2032569f5da7720470c1ec36c,solar-spec-v1
2020-12-01,5.98,116.01,UTC+8,28800,6.193898,06:11:38,17.993342,17:59:36,90.833,Y,N,solar-v1,3b7dc371ebe5931b3336f9982c5806a06a515dc2032569f5da7720470c1ec36c,solar-spec-v1
2020-12-02,5.98,116.01,UTC+8,28800,6.201295,06:12:05,17.998440,17:59:54,90.833,Y,N,solar-v1,3b7dc371ebe5931b3336f9982c5806a06a515dc2032569f5da7720470c1ec36c,solar-spec-v1
2020-12-03,5.98,116.01,UTC+8,28800,6.208779,06:12:32,18.003730,18:00:13,90.833,Y,N,solar-v1,3b7dc371ebe5931b3336f9982c5806a06a515dc2032569f5da7720470c1ec36c,solar-spec-v1
2020-12-04,5.98,116.01,UTC+8,28800,6.216341,06:12:59,18.009206,18:00:33,90.833,Y,N,solar-v1,3b7dc371ebe5931b3336f9982c5806a06a515dc2032569f5da7720470c1ec36c,solar-spec-v1
2020-12-05,5.98,116.01,UTC+8,28800,6.223977,06:13:26,18.014863,18:00:54,90.833,Y,N,solar-v1,3b7dc371ebe5931b3336f9982c5806a06a515dc2032569f5da7720470c1ec36c,solar-spec-v1
2020-12-06,5.98,116.01,UTC+8,28800,6.231678,06:13:54,18.020696,18:01:15,90.833,Y,N,solar-v1,3b7dc371ebe5931b3336f9982c5806a06a515dc2032569f5da7720470c1ec36c,solar-spec-v1
2020-12-07,5.98,116.01,UTC+8,28800,6.239438,06:14:22,18.026698,18:01:36,90.833,Y,N,solar-v1,3b7dc371ebe5931b3336f9982c5806a06a515dc2032569f5da7720470c1ec36c,solar-spec-v1
2020-12-08,5.98,116.01,UTC+8,28800,6.247249,06:14:50,18.032864,18:01:58,90.833,Y,N,solar-v1,3b7dc371ebe5931b3336f9982c5806a06a515dc2032569f5da7720470c1ec36c,solar-spec-v1
2020-12-09,5.98,116.01,UTC+8,28800,6.255104,06:15:18,18.039188,18:02:21,90.833,Y,N,solar-v1,3b7dc371ebe5931b3336f9982c5806a06a515dc2032569f5da7720470c1ec36c,solar-spec-v1
2020-12-10,5.98,116.01,UTC+8,28800,6.262996,06:15:47,18.045664,18:02:44,90.833,Y,N,solar-v1,3b7dc371ebe5931b3336f9982c5806a06a515dc2032569f5da7720470c1ec36c,solar-spec-v1
2020-12-11,5.98,116.01,UTC+8,28800,6.270917,06:16:15,18.052286,18:03:08,90.833,Y,N,solar-v1,3b7dc371ebe5931b3336f9982c5806a06a515dc2032569f5da7720470c1ec36c,solar-spec-v1
2020-12-12,5.98,116.01,UTC+8,28800,6.278861,06:16:44,18.059047,18:03:33,90.833,Y,N,solar-v1,3b7dc371ebe5931b3336f9982c5806a06a515dc2032569f5da7720470c1ec36c,solar-spec-v1
2020-12-13,5.98,116.01,UTC+8,28800,6.286819,06:17:13,18.065941,18:03:57,90.833,Y,N,solar-v1,3b7dc371ebe5931b3336f9982c5806a06a515dc2032569f5da7720470c1ec36c,solar-spec-v1
2020-12-14,5.98,116.01,UTC+8,28800,6.294784,06:17:41,18.072961,18:04:23,90.833,Y,N,solar-v1,3b7dc371ebe5931b3336f9982c5806a06a515dc2032569f5da7720470c1ec36c,solar-spec-v1
2020-12-15,5.98,116.01,UTC+8,28800,6.302749,06:18:10,18.080100,18:04:48,90.833,Y,N,solar-v1,3b7dc371ebe5931b3336f9982c5806a06a515dc2032569f5da7720470c1ec36c,solar-spec-v1
2020-12-16,5.98,116.01,UTC+8,28800,6.310706,06:18:39,18.087352,18:05:14,90.833,Y,N,solar-v1,3b7dc371ebe5931b3336f9982c5806a06a515dc2032569f5da7720470c1ec36c,solar-spec-v1
2020-12-17,5.98,116.01,UTC+8,28800,6.318648,06:19:07,18.094709,18:05:41,90.833,Y,N,solar-v1,3b7dc371ebe5931b3336f9982c5806a06a515dc2032569f5da7720470c1ec36c,solar-spec-v1
2020-12-18,5.98,116.01,UTC+8,28800,6.326567,06:19:36,18.102165,18:06:08,90.833,Y,N,solar-v1,3b7dc371ebe5931b3336f9982c5806a06a515dc2032569f5da7720470c1ec36c,solar-spec-v1
2020-12-19,5.98,116.01,UTC+8,28800,6.334455,06:20:04,18.109712,18:06:35,90.833,Y,N,solar-v1,3b7dc371ebe5931b3336f9982c5806a06a515dc2032569f5da7720470c1ec36c,solar-spec-v1
2020-12-20,5.98,116.01,UTC+8,28800,6.342305,06:20:32,18.117344,18:07:02,90.833,Y,N,solar-v1,3b7dc371ebe5931b3336f9982c5806a06a515dc2032569f5da7720470c1ec36c,solar-spec-v1
2020-12-21,5.98,116.01,UTC+8,28800,6.350110,06:21:00,18.125052,18:07:30,90.833,Y,N,solar-v1,3b7dc371ebe5931b3336f9982c5806a06a515dc2032569f5da7720470c1ec36c,solar-spec-v1
2020-12-22,5.98,116.01,UTC+8,28800,6.357862,06:21:28,18.132831,18:07:58,90.833,Y,N,solar-v1,3b7dc371ebe5931b3336f9982c5806a06a515dc2032569f5da7720470c1ec36c,solar-spec-v1
2020-12-23,5.98,116.01,UTC+8,28800,6.365554,06:21:56,18.140671,18:08:26,90.833,Y,N,solar-v1,3b7dc371ebe5931b3336f9982c5806a06a515dc2032569f5da7720470c1ec36c,solar-spec-v1
2020-12-24,5.98,116.01,UTC+8,28800,6.373179,06:22:23,18.148567,18:08:55,90.833,Y,N,solar-v1,3b7dc371ebe5931b3336f9982c5806a06a515dc2032569f5da7720470c1ec36c,solar-spec-v1
2020-12-25,5.98,116.01,UTC+8,28800,6.380729,06:22:51,18.156510,18:09:23,90.833,Y,N,solar-v1,3b7dc371ebe5931b3336f9982c5806a06a515dc2032569f5da7720470c1ec36c,solar-spec-v1
2020-12-26,5.98,116.01,UTC+8,28800,6.388196,06:23:18,18.164493,18:09:52,90.833,Y,N,solar-v1,3b7dc371ebe5931b3336f9982c5806a06a515dc2032569f5da7720470c1ec36c,solar-spec-v1
2020-12-27,5.98,116.01,UTC+8,28800,6.395575,06:23:44,18.172509,18:10:21,90.833,Y,N,solar-v1,3b7dc371ebe5931b3336f9982c5806a06a515dc2032569f5da7720470c1ec36c,solar-spec-v1
2020-12-28,5.98,116.01,UTC+8,28800,6.402857,06:24:10,18.180549,18:10:50,90.833,Y,N,solar-v1,3b7dc371ebe5931b3336f9982c5806a06a515dc2032569f5da7720470c1ec36c,solar-spec-v1
2020-12-29,5.98,116.01,UTC+8,28800,6.410037,06:24:36,18.188608,18:11:19,90.833,Y,N,solar-v1,3b7dc371ebe5931b3336f9982c5806a06a515dc2032569f5da7720470c1ec36c,solar-spec-v1
2020-12-30,5.98,116.01,UTC+8,28800,6.417106,06:25:02,18.196676,18:11:48,90.833,Y,N,solar-v1,3b7dc371ebe5931b3336f9982c5806a06a515dc2032569f5da7720470c1ec36c,solar-spec-v1
2020-12-31,5.98,116.01,UTC+8,28800,6.424059,06:25:27,18.204747,18:12:17,90.833,Y,N,solar-v1,3b7dc371ebe5931b3336f9982c5806a06a515dc2032569f5da7720470c1ec36c,solar-spec-v1
2021-01-01,5.98,116.01,UTC+8,28800,6.424059,06:25:27,18.204747,18:12:17,90.833,Y,N,solar-v1,3b7dc371ebe5931b3336f9982c5806a06a515dc2032569f5da7720470c1ec36c,solar-spec-v1
2021-01-02,5.98,116.01,UTC+8,28800,6.430888,06:25:51,18.212813,18:12:46,90.833,Y,N,solar-v1,3b7dc371ebe5931b3336f9982c5806a06a515dc2032569f5da7720470c1ec36c,solar-spec-v1
2021-01-03,5.98,116.01,UTC+8,28800,6.437588,06:26:15,18.220867,18:13:15,90.833,Y,N,solar-v1,3b7dc371ebe5931b3336f9982c5806a06a515dc2032569f5da7720470c1ec36c,solar-spec-v1
2021-01-04,5.98,116.01,UTC+8,28800,6.444152,06:26:39,18.228901,18:13:44,90.833,Y,N,solar-v1,3b7dc371ebe5931b3336f9982c5806a06a515dc2032569f5da7720470c1ec36c,solar-spec-v1
2021-01-05,5.98,116.01,UTC+8,28800,6.450573,06:27:02,18.236908,18:14:13,90.833,Y,N,solar-v1,3b7dc371ebe5931b3336f9982c5806a06a515dc2032569f5da7720470c1ec36c,solar-spec-v1
2021-01-06,5.98,116.01,UTC+8,28800,6.456846,06:27:25,18.244881,18:14:42,90.833,Y,N,solar-v1,3b7dc371ebe5931b3336f9982c5806a06a515dc2032569f5da7720470c1ec36c,solar-spec-v1
2021-01-07,5.98,116.01,UTC+8,28800,6.462965,06:27:47,18.252813,18:15:10,90.833,Y,N,solar-v1,3b7dc371ebe5931b3336f9982c5806a06a515dc2032569f5da7720470c1ec36c,solar-spec-v1
2021-01-08,5.98,116.01,UTC+8,28800,6.468923,06:28:08,18.260696,18:15:39,90.833,Y,N,solar-v1,3b7dc371ebe5931b3336f9982c5806a06a515dc2032569f5da7720470c1ec36c,solar-spec-v1
2021-01-09,5.98,116.01,UTC+8,28800,6.474716,06:28:29,18.268524,18:16:07,90.833,Y,N,solar-v1,3b7dc371ebe5931b3336f9982c5806a06a515dc2032569f5da7720470c1ec36c,solar-spec-v1
2021-01-10,5.98,116.01,UTC+8,28800,6.480337,06:28:49,18.276289,18:16:35,90.833,Y,N,solar-v1,3b7dc371ebe5931b3336f9982c5806a06a515dc2032569f5da7720470c1ec36c,solar-spec-v1
2021-01-11,5.98,116.01,UTC+8,28800,6.485781,06:29:09,18.283985,18:17:02,90.833,Y,N,solar-v1,3b7dc371ebe5931b3336f9982c5806a06a515dc2032569f5da7720470c1ec36c,solar-spec-v1
2021-01-12,5.98,116.01,UTC+8,28800,6.491044,06:29:28,18.291606,18:17:30,90.833,Y,N,solar-v1,3b7dc371ebe5931b3336f9982c5806a06a515dc2032569f5da7720470c1ec36c,solar-spec-v1
2021-01-13,5.98,116.01,UTC+8,28800,6.496120,06:29:46,18.299144,18:17:57,90.833,Y,N,solar-v1,3b7dc371ebe5931b3336f9982c5806a06a515dc2032569f5da7720470c1ec36c,solar-spec-v1
2021-01-14,5.98,116.01,UTC+8,28800,6.501004,06:30:04,18.306593,18:18:24,90.833,Y,N,solar-v1,3b7dc371ebe5931b3336f9982c5806a06a515dc2032569f5da7720470c1ec36c,solar-spec-v1
2021-01-15,5.98,116.01,UTC+8,28800,6.505693,06:30:20,18.313946,18:18:50,90.833,Y,N,solar-v1,3b7dc371ebe5931b3336f9982c5806a06a515dc2032569f5da7720470c1ec36c,solar-spec-v1
2021-01-16,5.98,116.01,UTC+8,28800,6.510181,06:30:37,18.321199,18:19:16,90.833,Y,N,solar-v1,3b7dc371ebe5931b3336f9982c5806a06a515dc2032569f5da7720470c1ec36c,solar-spec-v1
2021-01-17,5.98,116.01,UTC+8,28800,6.514464,06:30:52,18.328343,18:19:42,90.833,Y,N,solar-v1,3b7dc371ebe5931b3336f9982c5806a06a515dc2032569f5da7720470c1ec36c,solar-spec-v1
2021-01-18,5.98,116.01,UTC+8,28800,6.518538,06:31:07,18.335375,18:20:07,90.833,Y,N,solar-v1,3b7dc371ebe5931b3336f9982c5806a06a515dc2032569f5da7720470c1ec36c,solar-spec-v1
2021-01-19,5.98,116.01,UTC+8,28800,6.522400,06:31:21,18.342288,18:20:32,90.833,Y,N,solar-v1,3b7dc371ebe5931b3336f9982c5806a06a515dc2032569f5da7720470c1ec36c,solar-spec-v1
2021-01-20,5.98,116.01,UTC+8,28800,6.526045,06:31:34,18.349076,18:20:57,90.833,Y,N,solar-v1,3b7dc371ebe5931b3336f9982c5806a06a515dc2032569f5da7720470c1ec36c,solar-spec-v1
2021-01-21,5.98,116.01,UTC+8,28800,6.529471,06:31:46,18.355735,18:21:21,90.833,Y,N,solar-v1,3b7dc371ebe5931b3336f9982c5806a06a515dc2032569f5da7720470c1ec36c,solar-spec-v1
2021-01-22,5.98,116.01,UTC+8,28800,6.532674,06:31:58,18.362258,18:21:44,90.833,Y,N,solar-v1,3b7dc371ebe5931b3336f9982c5806a06a515dc2032569f5da7720470c1ec36c,solar-spec-v1
2021-01-23,5.98,116.01,UTC+8,28800,6.535652,06:32:08,18.368642,18:22:07,90.833,Y,N,solar-v1,3b7dc371ebe5931b3336f9982c5806a06a515dc2032569f5da7720470c1ec36c,solar-spec-v1
2021-01-24,5.98,116.01,UTC+8,28800,6.538400,06:32:18,18.374881,18:22:30,90.833,Y,N,solar-v1,3b7dc371ebe5931b3336f9982c5806a06a515dc2032569f5da7720470c1ec36c,solar-spec-v1
2021-01-25,5.98,116.01,UTC+8,28800,6.540918,06:32:27,18.380971,18:22:51,90.833,Y,N,solar-v1,3b7dc371ebe5931b3336f9982c5806a06a515dc2032569f5da7720470c1ec36c,solar-spec-v1
2021-01-26,5.98,116.01,UTC+8,28800,6.543202,06:32:36,18.386908,18:23:13,90.833,Y,N,solar-v1,3b7dc371ebe5931b3336f9982c5806a06a515dc2032569f5da7720470c1ec36c,solar-spec-v1
2021-01-27,5.98,116.01,UTC+8,28800,6.545251,06:32:43,18.392687,18:23:34,90.833,Y,N,solar-v1,3b7dc371ebe5931b3336f9982c5806a06a515dc2032569f5da7720470c1ec36c,solar-spec-v1
2021-01-28,5.98,116.01,UTC+8,28800,6.547062,06:32:49,18.398304,18:23:54,90.833,Y,N,solar-v1,3b7dc371ebe5931b3336f9982c5806a06a515dc2032569f5da7720470c1ec36c,solar-spec-v1
2021-01-29,5.98,116.01,UTC+8,28800,6.548634,06:32:55,18.403757,18:24:14,90.833,Y,N,solar-v1,3b7dc371ebe5931b3336f9982c5806a06a515dc2032569f5da7720470c1ec36c,solar-spec-v1
2021-01-30,5.98,116.01,UTC+8,28800,6.549965,06:33:00,18.409040,18:24:33,90.833,Y,N,solar-v1,3b7dc371ebe5931b3336f9982c5806a06a515dc2032569f5da7720470c1ec36c,solar-spec-v1
2021-01-31,5.98,116.01,UTC+8,28800,6.551054,06:33:04,18.414152,18:24:51,90.833,Y,N,solar-v1,3b7dc371ebe5931b3336f9982c5806a06a515dc2032569f5da7720470c1ec36c,solar-spec-v1
2021-02-01,5.98,116.01,UTC+8,28800,6.551901,06:33:07,18.419090,18:25:09,90.833,Y,N,solar-v1,3b7dc371ebe5931b3336f9982c5806a06a515dc2032569f5da7720470c1ec36c,solar-spec-v1
2021-02-02,5.98,116.01,UTC+8,28800,6.552504,06:33:09,18.423849,18:25:26,90.833,Y,N,solar-v1,3b7dc371ebe5931b3336f9982c5806a06a515dc2032569f5da7720470c1ec36c,solar-spec-v1
2021-02-03,5.98,116.01,UTC+8,28800,6.552863,06:33:10,18.428429,18:25:42,90.833,Y,N,solar-v1,3b7dc371ebe5931b3336f9982c5806a06a515dc2032569f5da7720470c1ec36c,solar-spec-v1
2021-02-04,5.98,116.01,UTC+8,28800,6.552977,06:33:11,18.432826,18:25:58,90.833,Y,N,solar-v1,3b7dc371ebe5931b3336f9982c5806a06a515dc2032569f5da7720470c1ec36c,solar-spec-v1
2021-02-05,5.98,116.01,UTC+8,28800,6.552847,06:33:10,18.437040,18:26:13,90.833,Y,N,solar-v1,3b7dc371ebe5931b3336f9982c5806a06a515dc2032569f5da7720470c1ec36c,solar-spec-v1
2021-02-06,5.98,116.01,UTC+8,28800,6.552473,06:33:09,18.441067,18:26:28,90.833,Y,N,solar-v1,3b7dc371ebe5931b3336f9982c5806a06a515dc2032569f5da7720470c1ec36c,solar-spec-v1
2021-02-07,5.98,116.01,UTC+8,28800,6.551854,06:33:07,18.444907,18:26:42,90.833,Y,N,solar-v1,3b7dc371ebe5931b3336f9982c5806a06a515dc2032569f5da7720470c1ec36c,solar-spec-v1
2021-02-08,5.98,116.01,UTC+8,28800,6.550993,06:33:04,18.448558,18:26:55,90.833,Y,N,solar-v1,3b7dc371ebe5931b3336f9982c5806a06a515dc2032569f5da7720470c1ec36c,solar-spec-v1
2021-02-09,5.98,116.01,UTC+8,28800,6.549888,06:33:00,18.452019,18:27:07,90.833,Y,N,solar-v1,3b7dc371ebe5931b3336f9982c5806a06a515dc2032569f5da7720470c1ec36c,solar-spec-v1
2021-02-10,5.98,116.01,UTC+8,28800,6.548542,06:32:55,18.455289,18:27:19,90.833,Y,N,solar-v1,3b7dc371ebe5931b3336f9982c5806a06a515dc2032569f5da7720470c1ec36c,solar-spec-v1
2021-02-11,5.98,116.01,UTC+8,28800,6.546956,06:32:49,18.458369,18:27:30,90.833,Y,N,solar-v1,3b7dc371ebe5931b3336f9982c5806a06a515dc2032569f5da7720470c1ec36c,solar-spec-v1
2021-02-12,5.98,116.01,UTC+8,28800,6.545131,06:32:42,18.461258,18:27:41,90.833,Y,N,solar-v1,3b7dc371ebe5931b3336f9982c5806a06a515dc2032569f5da7720470c1ec36c,solar-spec-v1
2021-02-13,5.98,116.01,UTC+8,28800,6.543069,06:32:35,18.463955,18:27:50,90.833,Y,N,solar-v1,3b7dc371ebe5931b3336f9982c5806a06a515dc2032569f5da7720470c1ec36c,solar-spec-v1
2021-02-14,5.98,116.01,UTC+8,28800,6.540771,06:32:27,18.466461,18:27:59,90.833,Y,N,solar-v1,3b7dc371ebe5931b3336f9982c5806a06a515dc2032569f5da7720470c1ec36c,solar-spec-v1
2021-02-15,5.98,116.01,UTC+8,28800,6.538241,06:32:18,18.468777,18:28:08,90.833,Y,N,solar-v1,3b7dc371ebe5931b3336f9982c5806a06a515dc2032569f5da7720470c1ec36c,solar-spec-v1
2021-02-16,5.98,116.01,UTC+8,28800,6.535480,06:32:08,18.470903,18:28:15,90.833,Y,N,solar-v1,3b7dc371ebe5931b3336f9982c5806a06a515dc2032569f5da7720470c1ec36c,solar-spec-v1
2021-02-17,5.98,116.01,UTC+8,28800,6.532491,06:31:57,18.472840,18:28:22,90.833,Y,N,solar-v1,3b7dc371ebe5931b3336f9982c5806a06a515dc2032569f5da7720470c1ec36c,solar-spec-v1
2021-02-18,5.98,116.01,UTC+8,28800,6.529277,06:31:45,18.474589,18:28:29,90.833,Y,N,solar-v1,3b7dc371ebe5931b3336f9982c5806a06a515dc2032569f5da7720470c1ec36c,solar-spec-v1
2021-02-19,5.98,116.01,UTC+8,28800,6.525841,06:31:33,18.476153,18:28:34,90.833,Y,N,solar-v1,3b7dc371ebe5931b3336f9982c5806a06a515dc2032569f5da7720470c1ec36c,solar-spec-v1
2021-02-20,5.98,116.01,UTC+8,28800,6.522185,06:31:20,18.477532,18:28:39,90.833,Y,N,solar-v1,3b7dc371ebe5931b3336f9982c5806a06a515dc2032569f5da7720470c1ec36c,solar-spec-v1
2021-02-21,5.98,116.01,UTC+8,28800,6.518314,06:31:06,18.478728,18:28:43,90.833,Y,N,solar-v1,3b7dc371ebe5931b3336f9982c5806a06a515dc2032569f5da7720470c1ec36c,solar-spec-v1
2021-02-22,5.98,116.01,UTC+8,28800,6.514231,06:30:51,18.479745,18:28:47,90.833,Y,N,solar-v1,3b7dc371ebe5931b3336f9982c5806a06a515dc2032569f5da7720470c1ec36c,solar-spec-v1
2021-02-23,5.98,116.01,UTC+8,28800,6.509940,06:30:36,18.480583,18:28:50,90.833,Y,N,solar-v1,3b7dc371ebe5931b3336f9982c5806a06a515dc2032569f5da7720470c1ec36c,solar-spec-v1
2021-02-24,5.98,116.01,UTC+8,28800,6.505444,06:30:20,18.481246,18:28:52,90.833,Y,N,solar-v1,3b7dc371ebe5931b3336f9982c5806a06a515dc2032569f5da7720470c1ec36c,solar-spec-v1
2021-02-25,5.98,116.01,UTC+8,28800,6.500748,06:30:03,18.481737,18:28:54,90.833,Y,N,solar-v1,3b7dc371ebe5931b3336f9982c5806a06a515dc2032569f5da7720470c1ec36c,solar-spec-v1
2021-02-26,5.98,116.01,UTC+8,28800,6.495856,06:29:45,18.482058,18:28:55,90.833,Y,N,solar-v1,3b7dc371ebe5931b3336f9982c5806a06a515dc2032569f5da7720470c1ec36c,solar-spec-v1
2021-02-27,5.98,116.01,UTC+8,28800,6.490773,06:29:27,18.482213,18:28:56,90.833,Y,N,solar-v1,3b7dc371ebe5931b3336f9982c5806a06a515dc2032569f5da7720470c1ec36c,solar-spec-v1
2021-02-28,5.98,116.01,UTC+8,28800,6.485504,06:29:08,18.482205,18:28:56,90.833,Y,N,solar-v1,3b7dc371ebe5931b3336f9982c5806a06a515dc2032569f5da7720470c1ec36c,solar-spec-v1
2021-03-01,5.98,116.01,UTC+8,28800,6.480053,06:28:48,18.482039,18:28:55,90.833,Y,N,solar-v1,3b7dc371ebe5931b3336f9982c5806a06a515dc2032569f5da7720470c1ec36c,solar-spec-v1
2021-03-02,5.98,116.01,UTC+8,28800,6.474425,06:28:28,18.481716,18:28:54,90.833,Y,N,solar-v1,3b7dc371ebe5931b3336f9982c5806a06a515dc2032569f5da7720470c1ec36c,solar-spec-v1
2021-03-03,5.98,116.01,UTC+8,28800,6.468625,06:28:07,18.481243,18:28:52,90.833,Y,N,solar-v1,3b7dc371ebe5931b3336f9982c5806a06a515dc2032569f5da7720470c1ec36c,solar-spec-v1
2021-03-04,5.98,116.01,UTC+8,28800,6.462659,06:27:46,18.480622,18:28:50,90.833,Y,N,solar-v1,3b7dc371ebe5931b3336f9982c5806a06a515dc2032569f5da7720470c1ec36c,solar-spec-v1
2021-03-05,5.98,116.01,UTC+8,28800,6.456533,06:27:24,18.479859,18:28:47,90.833,Y,N,solar-v1,3b7dc371ebe5931b3336f9982c5806a06a515dc2032569f5da7720470c1ec36c,solar-spec-v1
2021-03-06,5.98,116.01,UTC+8,28800,6.450251,06:27:01,18.478958,18:28:44,90.833,Y,N,solar-v1,3b7dc371ebe5931b3336f9982c5806a06a515dc2032569f5da7720470c1ec36c,solar-spec-v1
2021-03-07,5.98,116.01,UTC+8,28800,6.443820,06:26:38,18.477922,18:28:41,90.833,Y,N,solar-v1,3b7dc371ebe5931b3336f9982c5806a06a515dc2032569f5da7720470c1ec36c,solar-spec-v1
2021-03-08,5.98,116.01,UTC+8,28800,6.437246,06:26:14,18.476759,18:28:36,90.833,Y,N,solar-v1,3b7dc371ebe5931b3336f9982c5806a06a515dc2032569f5da7720470c1ec36c,solar-spec-v1
2021-03-09,5.98,116.01,UTC+8,28800,6.430534,06:25:50,18.475471,18:28:32,90.833,Y,N,solar-v1,3b7dc371ebe5931b3336f9982c5806a06a515dc2032569f5da7720470c1ec36c,solar-spec-v1
2021-03-10,5.98,116.01,UTC+8,28800,6.423691,06:25:25,18.474065,18:28:27,90.833,Y,N,solar-v1,3b7dc371ebe5931b3336f9982c5806a06a515dc2032569f5da7720470c1ec36c,solar-spec-v1
2021-03-11,5.98,116.01,UTC+8,28800,6.416723,06:25:00,18.472546,18:28:21,90.833,Y,N,solar-v1,3b7dc371ebe5931b3336f9982c5806a06a515dc2032569f5da7720470c1ec36c,solar-spec-v1
2021-03-12,5.98,116.01,UTC+8,28800,6.409635,06:24:35,18.470918,18:28:15,90.833,Y,N,solar-v1,3b7dc371ebe5931b3336f9982c5806a06a515dc2032569f5da7720470c1ec36c,solar-spec-v1
2021-03-13,5.98,116.01,UTC+8,28800,6.402436,06:24:09,18.469188,18:28:09,90.833,Y,N,solar-v1,3b7dc371ebe5931b3336f9982c5806a06a515dc2032569f5da7720470c1ec36c,solar-spec-v1
2021-03-14,5.98,116.01,UTC+8,28800,6.395130,06:23:42,18.467361,18:28:03,90.833,Y,N,solar-v1,3b7dc371ebe5931b3336f9982c5806a06a515dc2032569f5da7720470c1ec36c,solar-spec-v1
2021-03-15,5.98,116.01,UTC+8,28800,6.387726,06:23:16,18.465443,18:27:56,90.833,Y,N,solar-v1,3b7dc371ebe5931b3336f9982c5806a06a515dc2032569f5da7720470c1ec36c,solar-spec-v1
2021-03-16,5.98,116.01,UTC+8,28800,6.380228,06:22:49,18.463439,18:27:48,90.833,Y,N,solar-v1,3b7dc371ebe5931b3336f9982c5806a06a515dc2032569f5da7720470c1ec36c,solar-spec-v1
2021-03-17,5.98,116.01,UTC+8,28800,6.372645,06:22:22,18.461356,18:27:41,90.833,Y,N,solar-v1,3b7dc371ebe5931b3336f9982c5806a06a515dc2032569f5da7720470c1ec36c,solar-spec-v1
2021-03-18,5.98,116.01,UTC+8,28800,6.364983,06:21:54,18.459199,18:27:33,90.833,Y,N,solar-v1,3b7dc371ebe5931b3336f9982c5806a06a515dc2032569f5da7720470c1ec36c,solar-spec-v1
2021-03-19,5.98,116.01,UTC+8,28800,6.357249,06:21:26,18.456974,18:27:25,90.833,Y,N,solar-v1,3b7dc371ebe5931b3336f9982c5806a06a515dc2032569f5da7720470c1ec36c,solar-spec-v1
2021-03-20,5.98,116.01,UTC+8,28800,6.349449,06:20:58,18.454687,18:27:17,90.833,Y,N,solar-v1,3b7dc371ebe5931b3336f9982c5806a06a515dc2032569f5da7720470c1ec36c,solar-spec-v1
2021-03-21,5.98,116.01,UTC+8,28800,6.341591,06:20:30,18.452345,18:27:08,90.833,Y,N,solar-v1,3b7dc371ebe5931b3336f9982c5806a06a515dc2032569f5da7720470c1ec36c,solar-spec-v1
2021-03-22,5.98,116.01,UTC+8,28800,6.333682,06:20:01,18.449953,18:27:00,90.833,Y,N,solar-v1,3b7dc371ebe5931b3336f9982c5806a06a515dc2032569f5da7720470c1ec36c,solar-spec-v1
2021-03-23,5.98,116.01,UTC+8,28800,6.325729,06:19:33,18.447518,18:26:51,90.833,Y,N,solar-v1,3b7dc371ebe5931b3336f9982c5806a06a515dc2032569f5da7720470c1ec36c,solar-spec-v1
2021-03-24,5.98,116.01,UTC+8,28800,6.317738,06:19:04,18.445046,18:26:42,90.833,Y,N,solar-v1,3b7dc371ebe5931b3336f9982c5806a06a515dc2032569f5da7720470c1ec36c,solar-spec-v1
2021-03-25,5.98,116.01,UTC+8,28800,6.309718,06:18:35,18.442543,18:26:33,90.833,Y,N,solar-v1,3b7dc371ebe5931b3336f9982c5806a06a515dc2032569f5da7720470c1ec36c,solar-spec-v1
2021-03-26,5.98,116.01,UTC+8,28800,6.301674,06:18:06,18.440015,18:26:24,90.833,Y,N,solar-v1,3b7dc371ebe5931b3336f9982c5806a06a515dc2032569f5da7720470c1ec36c,solar-spec-v1
2021-03-27,5.98,116.01,UTC+8,28800,6.293614,06:17:37,18.437468,18:26:15,90.833,Y,N,solar-v1,3b7dc371ebe5931b3336f9982c5806a06a515dc2032569f5da7720470c1ec36c,solar-spec-v1
2021-03-28,5.98,116.01,UTC+8,28800,6.285545,06:17:08,18.434909,18:26:06,90.833,Y,N,solar-v1,3b7dc371ebe5931b3336f9982c5806a06a515dc2032569f5da7720470c1ec36c,solar-spec-v1
2021-03-29,5.98,116.01,UTC+8,28800,6.277474,06:16:39,18.432344,18:25:56,90.833,Y,N,solar-v1,3b7dc371ebe5931b3336f9982c5806a06a515dc2032569f5da7720470c1ec36c,solar-spec-v1
2021-03-30,5.98,116.01,UTC+8,28800,6.269408,06:16:10,18.429778,18:25:47,90.833,Y,N,solar-v1,3b7dc371ebe5931b3336f9982c5806a06a515dc2032569f5da7720470c1ec36c,solar-spec-v1
2021-03-31,5.98,116.01,UTC+8,28800,6.261354,06:15:41,18.427218,18:25:38,90.833,Y,N,solar-v1,3b7dc371ebe5931b3336f9982c5806a06a515dc2032569f5da7720470c1ec36c,solar-spec-v1
2021-04-01,5.98,116.01,UTC+8,28800,6.253319,06:15:12,18.424671,18:25:29,90.833,Y,N,solar-v1,3b7dc371ebe5931b3336f9982c5806a06a515dc2032569f5da7720470c1ec36c,solar-spec-v1
2021-04-02,5.98,116.01,UTC+8,28800,6.245310,06:14:43,18.422141,18:25:20,90.833,Y,N,solar-v1,3b7dc371ebe5931b3336f9982c5806a06a515dc2032569f5da7720470c1ec36c,solar-spec-v1
2021-04-03,5.98,116.01,UTC+8,28800,6.237334,06:14:14,18.419635,18:25:11,90.833,Y,N,solar-v1,3b7dc371ebe5931b3336f9982c5806a06a515dc2032569f5da7720470c1ec36c,solar-spec-v1
2021-04-04,5.98,116.01,UTC+8,28800,6.229397,06:13:46,18.417159,18:25:02,90.833,Y,N,solar-v1,3b7dc371ebe5931b3336f9982c5806a06a515dc2032569f5da7720470c1ec36c,solar-spec-v1
2021-04-05,5.98,116.01,UTC+8,28800,6.221506,06:13:17,18.414719,18:24:53,90.833,Y,N,solar-v1,3b7dc371ebe5931b3336f9982c5806a06a515dc2032569f5da7720470c1ec36c,solar-spec-v1
2021-04-06,5.98,116.01,UTC+8,28800,6.213668,06:12:49,18.412319,18:24:44,90.833,Y,N,solar-v1,3b7dc371ebe5931b3336f9982c5806a06a515dc2032569f5da7720470c1ec36c,solar-spec-v1
2021-04-07,5.98,116.01,UTC+8,28800,6.205890,06:12:21,18.409966,18:24:36,90.833,Y,N,solar-v1,3b7dc371ebe5931b3336f9982c5806a06a515dc2032569f5da7720470c1ec36c,solar-spec-v1
2021-04-08,5.98,116.01,UTC+8,28800,6.198177,06:11:53,18.407666,18:24:28,90.833,Y,N,solar-v1,3b7dc371ebe5931b3336f9982c5806a06a515dc2032569f5da7720470c1ec36c,solar-spec-v1
2021-04-09,5.98,116.01,UTC+8,28800,6.190537,06:11:26,18.405422,18:24:20,90.833,Y,N,solar-v1,3b7dc371ebe5931b3336f9982c5806a06a515dc2032569f5da7720470c1ec36c,solar-spec-v1
2021-04-10,5.98,116.01,UTC+8,28800,6.182975,06:10:59,18.403242,18:24:12,90.833,Y,N,solar-v1,3b7dc371ebe5931b3336f9982c5806a06a515dc2032569f5da7720470c1ec36c,solar-spec-v1
2021-04-11,5.98,116.01,UTC+8,28800,6.175498,06:10:32,18.401130,18:24:04,90.833,Y,N,solar-v1,3b7dc371ebe5931b3336f9982c5806a06a515dc2032569f5da7720470c1ec36c,solar-spec-v1
2021-04-12,5.98,116.01,UTC+8,28800,6.168112,06:10:05,18.399090,18:23:57,90.833,Y,N,solar-v1,3b7dc371ebe5931b3336f9982c5806a06a515dc2032569f5da7720470c1ec36c,solar-spec-v1
2021-04-13,5.98,116.01,UTC+8,28800,6.160823,06:09:39,18.397128,18:23:50,90.833,Y,N,solar-v1,3b7dc371ebe5931b3336f9982c5806a06a515dc2032569f5da7720470c1ec36c,solar-spec-v1
2021-04-14,5.98,116.01,UTC+8,28800,6.153636,06:09:13,18.395248,18:23:43,90.833,Y,N,solar-v1,3b7dc371ebe5931b3336f9982c5806a06a515dc2032569f5da7720470c1ec36c,solar-spec-v1
2021-04-15,5.98,116.01,UTC+8,28800,6.146558,06:08:48,18.393456,18:23:36,90.833,Y,N,solar-v1,3b7dc371ebe5931b3336f9982c5806a06a515dc2032569f5da7720470c1ec36c,solar-spec-v1
2021-04-16,5.98,116.01,UTC+8,28800,6.139593,06:08:23,18.391754,18:23:30,90.833,Y,N,solar-v1,3b7dc371ebe5931b3336f9982c5806a06a515dc2032569f5da7720470c1ec36c,solar-spec-v1
2021-04-17,5.98,116.01,UTC+8,28800,6.132748,06:07:58,18.390149,18:23:25,90.833,Y,N,solar-v1,3b7dc371ebe5931b3336f9982c5806a06a515dc2032569f5da7720470c1ec36c,solar-spec-v1
2021-04-18,5.98,116.01,UTC+8,28800,6.126027,06:07:34,18.388642,18:23:19,90.833,Y,N,solar-v1,3b7dc371ebe5931b3336f9982c5806a06a515dc2032569f5da7720470c1ec36c,solar-spec-v1
2021-04-19,5.98,116.01,UTC+8,28800,6.119436,06:07:10,18.387239,18:23:14,90.833,Y,N,solar-v1,3b7dc371ebe5931b3336f9982c5806a06a515dc2032569f5da7720470c1ec36c,solar-spec-v1
2021-04-20,5.98,116.01,UTC+8,28800,6.112980,06:06:47,18.385943,18:23:09,90.833,Y,N,solar-v1,3b7dc371ebe5931b3336f9982c5806a06a515dc2032569f5da7720470c1ec36c,solar-spec-v1
2021-04-21,5.98,116.01,UTC+8,28800,6.106664,06:06:24,18.384758,18:23:05,90.833,Y,N,solar-v1,3b7dc371ebe5931b3336f9982c5806a06a515dc2032569f5da7720470c1ec36c,solar-spec-v1
2021-04-22,5.98,116.01,UTC+8,28800,6.100491,06:06:02,18.383686,18:23:01,90.833,Y,N,solar-v1,3b7dc371ebe5931b3336f9982c5806a06a515dc2032569f5da7720470c1ec36c,solar-spec-v1
2021-04-23,5.98,116.01,UTC+8,28800,6.094468,06:05:40,18.382731,18:22:58,90.833,Y,N,solar-v1,3b7dc371ebe5931b3336f9982c5806a06a515dc2032569f5da7720470c1ec36c,solar-spec-v1
2021-04-24,5.98,116.01,UTC+8,28800,6.088597,06:05:19,18.381896,18:22:55,90.833,Y,N,solar-v1,3b7dc371ebe5931b3336f9982c5806a06a515dc2032569f5da7720470c1ec36c,solar-spec-v1
2021-04-25,5.98,116.01,UTC+8,28800,6.082884,06:04:58,18.381184,18:22:52,90.833,Y,N,solar-v1,3b7dc371ebe5931b3336f9982c5806a06a515dc2032569f5da7720470c1ec36c,solar-spec-v1
2021-04-26,5.98,116.01,UTC+8,28800,6.077331,06:04:38,18.380596,18:22:50,90.833,Y,N,solar-v1,3b7dc371ebe5931b3336f9982c5806a06a515dc2032569f5da7720470c1ec36c,solar-spec-v1
2021-04-27,5.98,116.01,UTC+8,28800,6.071944,06:04:19,18.380135,18:22:48,90.833,Y,N,solar-v1,3b7dc371ebe5931b3336f9982c5806a06a515dc2032569f5da7720470c1ec36c,solar-spec-v1
2021-04-28,5.98,116.01,UTC+8,28800,6.066725,06:04:00,18.379804,18:22:47,90.833,Y,N,solar-v1,3b7dc371ebe5931b3336f9982c5806a06a515dc2032569f5da7720470c1ec36c,solar-spec-v1
2021-04-29,5.98,116.01,UTC+8,28800,6.061678,06:03:42,18.379603,18:22:47,90.833,Y,N,solar-v1,3b7dc371ebe5931b3336f9982c5806a06a515dc2032569f5da7720470c1ec36c,solar-spec-v1
2021-04-30,5.98,116.01,UTC+8,28800,6.056806,06:03:25,18.379535,18:22:46,90.833,Y,N,solar-v1,3b7dc371ebe5931b3336f9982c5806a06a515dc2032569f5da7720470c1ec36c,solar-spec-v1
2021-05-01,5.98,116.01,UTC+8,28800,6.052112,06:03:08,18.379601,18:22:47,90.833,Y,N,solar-v1,3b7dc371ebe5931b3336f9982c5806a06a515dc2032569f5da7720470c1ec36c,solar-spec-v1
2021-05-02,5.98,116.01,UTC+8,28800,6.047599,06:02:51,18.379802,18:22:47,90.833,Y,N,solar-v1,3b7dc371ebe5931b3336f9982c5806a06a515dc2032569f5da7720470c1ec36c,solar-spec-v1
2021-05-03,5.98,116.01,UTC+8,28800,6.043269,06:02:36,18.380139,18:22:49,90.833,Y,N,solar-v1,3b7dc371ebe5931b3336f9982c5806a06a515dc2032569f5da7720470c1ec36c,solar-spec-v1
2021-05-04,5.98,116.01,UTC+8,28800,6.039126,06:02:21,18.380612,18:22:50,90.833,Y,N,solar-v1,3b7dc371ebe5931b3336f9982c5806a06a515dc2032569f5da7720470c1ec36c,solar-spec-v1
2021-05-05,5.98,116.01,UTC+8,28800,6.035170,06:02:07,18.381223,18:22:52,90.833,Y,N,solar-v1,3b7dc371ebe5931b3336f9982c5806a06a515dc2032569f5da7720470c1ec36c,solar-spec-v1
2021-05-06,5.98,116.01,UTC+8,28800,6.031404,06:01:53,18.381970,18:22:55,90.833,Y,N,solar-v1,3b7dc371ebe5931b3336f9982c5806a06a515dc2032569f5da7720470c1ec36c,solar-spec-v1
2021-05-07,5.98,116.01,UTC+8,28800,6.027831,06:01:40,18.382855,18:22:58,90.833,Y,N,solar-v1,3b7dc371ebe5931b3336f9982c5806a06a515dc2032569f5da7720470c1ec36c,solar-spec-v1
2021-05-08,5.98,116.01,UTC+8,28800,6.024450,06:01:28,18.383876,18:23:02,90.833,Y,N,solar-v1,3b7dc371ebe5931b3336f9982c5806a06a515dc2032569f5da7720470c1ec36c,solar-spec-v1
2021-05-09,5.98,116.01,UTC+8,28800,6.021265,06:01:17,18.385034,18:23:06,90.833,Y,N,solar-v1,3b7dc371ebe5931b3336f9982c5806a06a515dc2032569f5da7720470c1ec36c,solar-spec-v1
2021-05-10,5.98,116.01,UTC+8,28800,6.018275,06:01:06,18.386328,18:23:11,90.833,Y,N,solar-v1,3b7dc371ebe5931b3336f9982c5806a06a515dc2032569f5da7720470c1ec36c,solar-spec-v1
2021-05-11,5.98,116.01,UTC+8,28800,6.015482,06:00:56,18.387756,18:23:16,90.833,Y,N,solar-v1,3b7dc371ebe5931b3336f9982c5806a06a515dc2032569f5da7720470c1ec36c,solar-spec-v1
2021-05-12,5.98,116.01,UTC+8,28800,6.012886,06:00:46,18.389318,18:23:22,90.833,Y,N,solar-v1,3b7dc371ebe5931b3336f9982c5806a06a515dc2032569f5da7720470c1ec36c,solar-spec-v1
2021-05-13,5.98,116.01,UTC+8,28800,6.010488,06:00:38,18.391011,18:23:28,90.833,Y,N,solar-v1,3b7dc371ebe5931b3336f9982c5806a06a515dc2032569f5da7720470c1ec36c,solar-spec-v1
2021-05-14,5.98,116.01,UTC+8,28800,6.008289,06:00:30,18.392835,18:23:34,90.833,Y,N,solar-v1,3b7dc371ebe5931b3336f9982c5806a06a515dc2032569f5da7720470c1ec36c,solar-spec-v1
2021-05-15,5.98,116.01,UTC+8,28800,6.006288,06:00:23,18.394787,18:23:41,90.833,Y,N,solar-v1,3b7dc371ebe5931b3336f9982c5806a06a515dc2032569f5da7720470c1ec36c,solar-spec-v1
2021-05-16,5.98,116.01,UTC+8,28800,6.004485,06:00:16,18.396866,18:23:49,90.833,Y,N,solar-v1,3b7dc371ebe5931b3336f9982c5806a06a515dc2032569f5da7720470c1ec36c,solar-spec-v1
2021-05-17,5.98,116.01,UTC+8,28800,6.002880,06:00:10,18.399069,18:23:57,90.833,Y,N,solar-v1,3b7dc371ebe5931b3336f9982c5806a06a515dc2032569f5da7720470c1ec36c,solar-spec-v1
2021-05-18,5.98,116.01,UTC+8,28800,6.001472,06:00:05,18.401393,18:24:05,90.833,Y,N,solar-v1,3b7dc371ebe5931b3336f9982c5806a06a515dc2032569f5da7720470c1ec36c,solar-spec-v1
2021-05-19,5.98,116.01,UTC+8,28800,6.000260,06:00:01,18.403835,18:24:14,90.833,Y,N,solar-v1,3b7dc371ebe5931b3336f9982c5806a06a515dc2032569f5da7720470c1ec36c,solar-spec-v1
2021-05-20,5.98,116.01,UTC+8,28800,5.999244,05:59:57,18.406394,18:24:23,90.833,Y,N,solar-v1,3b7dc371ebe5931b3336f9982c5806a06a515dc2032569f5da7720470c1ec36c,solar-spec-v1
2021-05-21,5.98,116.01,UTC+8,28800,5.998422,05:59:54,18.409065,18:24:33,90.833,Y,N,solar-v1,3b7dc371ebe5931b3336f9982c5806a06a515dc2032569f5da7720470c1ec36c,solar-spec-v1
2021-05-22,5.98,116.01,UTC+8,28800,5.997793,05:59:52,18.411845,18:24:43,90.833,Y,N,solar-v1,3b7dc371ebe5931b3336f9982c5806a06a515dc2032569f5da7720470c1ec36c,solar-spec-v1
2021-05-23,5.98,116.01,UTC+8,28800,5.997354,05:59:50,18.414731,18:24:53,90.833,Y,N,solar-v1,3b7dc371ebe5931b3336f9982c5806a06a515dc2032569f5da7720470c1ec36c,solar-spec-v1
2021-05-24,5.98,116.01,UTC+8,28800,5.997105,05:59:50,18.417718,18:25:04,90.833,Y,N,solar-v1,3b7dc371ebe5931b3336f9982c5806a06a515dc2032569f5da7720470c1ec36c,solar-spec-v1
2021-05-25,5.98,116.01,UTC+8,28800,5.997043,05:59:49,18.420804,18:25:15,90.833,Y,N,solar-v1,3b7dc371ebe5931b3336f9982c5806a06a515dc2032569f5da7720470c1ec36c,solar-spec-v1
2021-05-26,5.98,116.01,UTC+8,28800,5.997166,05:59:50,18.423983,18:25:26,90.833,Y,N,solar-v1,3b7dc371ebe5931b3336f9982c5806a06a515dc2032569f5da7720470c1ec36c,solar-spec-v1
2021-05-27,5.98,116.01,UTC+8,28800,5.997471,05:59:51,18.427251,18:25:38,90.833,Y,N,solar-v1,3b7dc371ebe5931b3336f9982c5806a06a515dc2032569f5da7720470c1ec36c,solar-spec-v1
2021-05-28,5.98,116.01,UTC+8,28800,5.997956,05:59:53,18.430605,18:25:50,90.833,Y,N,solar-v1,3b7dc371ebe5931b3336f9982c5806a06a515dc2032569f5da7720470c1ec36c,solar-spec-v1
2021-05-29,5.98,116.01,UTC+8,28800,5.998618,05:59:55,18.434039,18:26:03,90.833,Y,N,solar-v1,3b7dc371ebe5931b3336f9982c5806a06a515dc2032569f5da7720470c1ec36c,solar-spec-v1
2021-05-30,5.98,116.01,UTC+8,28800,5.999454,05:59:58,18.437548,18:26:15,90.833,Y,N,solar-v1,3b7dc371ebe5931b3336f9982c5806a06a515dc2032569f5da7720470c1ec36c,solar-spec-v1
2021-05-31,5.98,116.01,UTC+8,28800,6.000460,06:00:02,18.441129,18:26:28,90.833,Y,N,solar-v1,3b7dc371ebe5931b3336f9982c5806a06a515dc2032569f5da7720470c1ec36c,solar-spec-v1
2021-06-01,5.98,116.01,UTC+8,28800,6.001634,06:00:06,18.444774,18:26:41,90.833,Y,N,solar-v1,3b7dc371ebe5931b3336f9982c5806a06a515dc2032569f5da7720470c1ec36c,solar-spec-v1
2021-06-02,5.98,116.01,UTC+8,28800,6.002972,06:00:11,18.448480,18:26:55,90.833,Y,N,solar-v1,3b7dc371ebe5931b3336f9982c5806a06a515dc2032569f5da7720470c1ec36c,solar-spec-v1
2021-06-03,5.98,116.01,UTC+8,28800,6.004469,06:00:16,18.452241,18:27:08,90.833,Y,N,solar-v1,3b7dc371ebe5931b3336f9982c5806a06a515dc2032569f5da7720470c1ec36c,solar-spec-v1
2021-06-04,5.98,116.01,UTC+8,28800,6.006122,06:00:22,18.456052,18:27:22,90.833,Y,N,solar-v1,3b7dc371ebe5931b3336f9982c5806a06a515dc2032569f5da7720470c1ec36c,solar-spec-v1
2021-06-05,5.98,116.01,UTC+8,28800,6.007928,06:00:29,18.459907,18:27:36,90.833,Y,N,solar-v1,3b7dc371ebe5931b3336f9982c5806a06a515dc2032569f5da7720470c1ec36c,solar-spec-v1
2021-06-06,5.98,116.01,UTC+8,28800,6.009881,06:00:36,18.463800,18:27:50,90.833,Y,N,solar-v1,3b7dc371ebe5931b3336f9982c5806a06a515dc2032569f5da7720470c1ec36c,solar-spec-v1
2021-06-07,5.98,116.01,UTC+8,28800,6.011977,06:00:43,18.467726,18:28:04,90.833,Y,N,solar-v1,3b7dc371ebe5931b3336f9982c5806a06a515dc2032569f5da7720470c1ec36c,solar-spec-v1
2021-06-08,5.98,116.01,UTC+8,28800,6.014211,06:00:51,18.471678,18:28:18,90.833,Y,N,solar-v1,3b7dc371ebe5931b3336f9982c5806a06a515dc2032569f5da7720470c1ec36c,solar-spec-v1
2021-06-09,5.98,116.01,UTC+8,28800,6.016580,06:01:00,18.475651,18:28:32,90.833,Y,N,solar-v1,3b7dc371ebe5931b3336f9982c5806a06a515dc2032569f5da7720470c1ec36c,solar-spec-v1
2021-06-10,5.98,116.01,UTC+8,28800,6.019077,06:01:09,18.479639,18:28:47,90.833,Y,N,solar-v1,3b7dc371ebe5931b3336f9982c5806a06a515dc2032569f5da7720470c1ec36c,solar-spec-v1
2021-06-11,5.98,116.01,UTC+8,28800,6.021699,06:01:18,18.483636,18:29:01,90.833,Y,N,solar-v1,3b7dc371ebe5931b3336f9982c5806a06a515dc2032569f5da7720470c1ec36c,solar-spec-v1
2021-06-12,5.98,116.01,UTC+8,28800,6.024439,06:01:28,18.487636,18:29:15,90.833,Y,N,solar-v1,3b7dc371ebe5931b3336f9982c5806a06a515dc2032569f5da7720470c1ec36c,solar-spec-v1
2021-06-13,5.98,116.01,UTC+8,28800,6.027293,06:01:38,18.491632,18:29:30,90.833,Y,N,solar-v1,3b7dc371ebe5931b3336f9982c5806a06a515dc2032569f5da7720470c1ec36c,solar-spec-v1
2021-06-14,5.98,116.01,UTC+8,28800,6.030255,06:01:49,18.495618,18:29:44,90.833,Y,N,solar-v1,3b7dc371ebe5931b3336f9982c5806a06a515dc2032569f5da7720470c1ec36c,solar-spec-v1
2021-06-15,5.98,116.01,UTC+8,28800,6.033320,06:02:00,18.499588,18:29:59,90.833,Y,N,solar-v1,3b7dc371ebe5931b3336f9982c5806a06a515dc2032569f5da7720470c1ec36c,solar-spec-v1
2021-06-16,5.98,116.01,UTC+8,28800,6.036482,06:02:11,18.503537,18:30:13,90.833,Y,N,solar-v1,3b7dc371ebe5931b3336f9982c5806a06a515dc2032569f5da7720470c1ec36c,solar-spec-v1
2021-06-17,5.98,116.01,UTC+8,28800,6.039736,06:02:23,18.507457,18:30:27,90.833,Y,N,solar-v1,3b7dc371ebe5931b3336f9982c5806a06a515dc2032569f5da7720470c1ec36c,solar-spec-v1
2021-06-18,5.98,116.01,UTC+8,28800,6.043075,06:02:35,18.511342,18:30:41,90.833,Y,N,solar-v1,3b7dc371ebe5931b3336f9982c5806a06a515dc2032569f5da7720470c1ec36c,solar-spec-v1
2021-06-19,5.98,116.01,UTC+8,28800,6.046494,06:02:47,18.515186,18:30:55,90.833,Y,N,solar-v1,3b7dc371ebe5931b3336f9982c5806a06a515dc2032569f5da7720470c1ec36c,solar-spec-v1
2021-06-20,5.98,116.01,UTC+8,28800,6.049987,06:03:00,18.518983,18:31:08,90.833,Y,N,solar-v1,3b7dc371ebe5931b3336f9982c5806a06a515dc2032569f5da7720470c1ec36c,solar-spec-v1
2021-06-21,5.98,116.01,UTC+8,28800,6.053548,06:03:13,18.522727,18:31:22,90.833,Y,N,solar-v1,3b7dc371ebe5931b3336f9982c5806a06a515dc2032569f5da7720470c1ec36c,solar-spec-v1
2021-06-22,5.98,116.01,UTC+8,28800,6.057170,06:03:26,18.526411,18:31:35,90.833,Y,N,solar-v1,3b7dc371ebe5931b3336f9982c5806a06a515dc2032569f5da7720470c1ec36c,solar-spec-v1
2021-06-23,5.98,116.01,UTC+8,28800,6.060848,06:03:39,18.530029,18:31:48,90.833,Y,N,solar-v1,3b7dc371ebe5931b3336f9982c5806a06a515dc2032569f5da7720470c1ec36c,solar-spec-v1
2021-06-24,5.98,116.01,UTC+8,28800,6.064575,06:03:52,18.533576,18:32:01,90.833,Y,N,solar-v1,3b7dc371ebe5931b3336f9982c5806a06a515dc2032569f5da7720470c1ec36c,solar-spec-v1
2021-06-25,5.98,116.01,UTC+8,28800,6.068345,06:04:06,18.537045,18:32:13,90.833,Y,N,solar-v1,3b7dc371ebe5931b3336f9982c5806a06a515dc2032569f5da7720470c1ec36c,solar-spec-v1
2021-06-26,5.98,116.01,UTC+8,28800,6.072153,06:04:20,18.540429,18:32:26,90.833,Y,N,solar-v1,3b7dc371ebe5931b3336f9982c5806a06a515dc2032569f5da7720470c1ec36c,solar-spec-v1
2021-06-27,5.98,116.01,UTC+8,28800,6.075991,06:04:34,18.543724,18:32:37,90.833,Y,N,solar-v1,3b7dc371ebe5931b3336f9982c5806a06a515dc2032569f5da7720470c1ec36c,solar-spec-v1
2021-06-28,5.98,116.01,UTC+8,28800,6.079853,06:04:47,18.546923,18:32:49,90.833,Y,N,solar-v1,3b7dc371ebe5931b3336f9982c5806a06a515dc2032569f5da7720470c1ec36c,solar-spec-v1
2021-06-29,5.98,116.01,UTC+8,28800,6.083733,06:05:01,18.550021,18:33:00,90.833,Y,N,solar-v1,3b7dc371ebe5931b3336f9982c5806a06a515dc2032569f5da7720470c1ec36c,solar-spec-v1
2021-06-30,5.98,116.01,UTC+8,28800,6.087625,06:05:15,18.553011,18:33:11,90.833,Y,N,solar-v1,3b7dc371ebe5931b3336f9982c5806a06a515dc2032569f5da7720470c1ec36c,solar-spec-v1
2021-07-01,5.98,116.01,UTC+8,28800,6.091522,06:05:29,18.555889,18:33:21,90.833,Y,N,solar-v1,3b7dc371ebe5931b3336f9982c5806a06a515dc2032569f5da7720470c1ec36c,solar-spec-v1
2021-07-02,5.98,116.01,UTC+8,28800,6.095418,06:05:44,18.558648,18:33:31,90.833,Y,N,solar-v1,3b7dc371ebe5931b3336f9982c5806a06a515dc2032569f5da7720470c1ec36c,solar-spec-v1
2021-07-03,5.98,116.01,UTC+8,28800,6.099307,06:05:58,18.561284,18:33:41,90.833,Y,N,solar-v1,3b7dc371ebe5931b3336f9982c5806a06a515dc2032569f5da7720470c1ec36c,solar-spec-v1
2021-07-04,5.98,116.01,UTC+8,28800,6.103183,06:06:11,18.563791,18:33:50,90.833,Y,N,solar-v1,3b7dc371ebe5931b3336f9982c5806a06a515dc2032569f5da7720470c1ec36c,solar-spec-v1
2021-07-05,5.98,116.01,UTC+8,28800,6.107039,06:06:25,18.566164,18:33:58,90.833,Y,N,solar-v1,3b7dc371ebe5931b3336f9982c5806a06a515dc2032569f5da7720470c1ec36c,solar-spec-v1
2021-07-06,5.98,116.01,UTC+8,28800,6.110870,06:06:39,18.568398,18:34:06,90.833,Y,N,solar-v1,3b7dc371ebe5931b3336f9982c5806a06a515dc2032569f5da7720470c1ec36c,solar-spec-v1
2021-07-07,5.98,116.01,UTC+8,28800,6.114669,06:06:53,18.570487,18:34:14,90.833,Y,N,solar-v1,3b7dc371ebe5931b3336f9982c5806a06a515dc2032569f5da7720470c1ec36c,solar-spec-v1
2021-07-08,5.98,116.01,UTC+8,28800,6.118430,06:07:06,18.572428,18:34:21,90.833,Y,N,solar-v1,3b7dc371ebe5931b3336f9982c5806a06a515dc2032569f5da7720470c1ec36c,solar-spec-v1
2021-07-09,5.98,116.01,UTC+8,28800,6.122148,06:07:20,18.574216,18:34:27,90.833,Y,N,solar-v1,3b7dc371ebe5931b3336f9982c5806a06a515dc2032569f5da7720470c1ec36c,solar-spec-v1
2021-07-10,5.98,116.01,UTC+8,28800,6.125816,06:07:33,18.575846,18:34:33,90.833,Y,N,solar-v1,3b7dc371ebe5931b3336f9982c5806a06a515dc2032569f5da7720470c1ec36c,solar-spec-v1
2021-07-11,5.98,116.01,UTC+8,28800,6.129429,06:07:46,18.577314,18:34:38,90.833,Y,N,solar-v1,3b7dc371ebe5931b3336f9982c5806a06a515dc2032569f5da7720470c1ec36c,solar-spec-v1
2021-07-12,5.98,116.01,UTC+8,28800,6.132981,06:07:59,18.578616,18:34:43,90.833,Y,N,solar-v1,3b7dc371ebe5931b3336f9982c5806a06a515dc2032569f5da7720470c1ec36c,solar-spec-v1
2021-07-13,5.98,116.01,UTC+8,28800,6.136466,06:08:11,18.579748,18:34:47,90.833,Y,N,solar-v1,3b7dc371ebe5931b3336f9982c5806a06a515dc2032569f5da7720470c1ec36c,solar-spec-v1
2021-07-14,5.98,116.01,UTC+8,28800,6.139880,06:08:24,18.580706,18:34:51,90.833,Y,N,solar-v1,3b7dc371ebe5931b3336f9982c5806a06a515dc2032569f5da7720470c1ec36c,solar-spec-v1
2021-07-15,5.98,116.01,UTC+8,28800,6.143217,06:08:36,18.581486,18:34:53,90.833,Y,N,solar-v1,3b7dc371ebe5931b3336f9982c5806a06a515dc2032569f5da7720470c1ec36c,solar-spec-v1
2021-07-16,5.98,116.01,UTC+8,28800,6.146472,06:08:47,18.582085,18:34:56,90.833,Y,N,solar-v1,3b7dc371ebe5931b3336f9982c5806a06a515dc2032569f5da7720470c1ec36c,solar-spec-v1
2021-07-17,5.98,116.01,UTC+8,28800,6.149639,06:08:59,18.582500,18:34:57,90.833,Y,N,solar-v1,3b7dc371ebe5931b3336f9982c5806a06a515dc2032569f5da7720470c1ec36c,solar-spec-v1
2021-07-18,5.98,116.01,UTC+8,28800,6.152715,06:09:10,18.582728,18:34:58,90.833,Y,N,solar-v1,3b7dc371ebe5931b3336f9982c5806a06a515dc2032569f5da7720470c1ec36c,solar-spec-v1
2021-07-19,5.98,116.01,UTC+8,28800,6.155693,06:09:20,18.582765,18:34:58,90.833,Y,N,solar-v1,3b7dc371ebe5931b3336f9982c5806a06a515dc2032569f5da7720470c1ec36c,solar-spec-v1
2021-07-20,5.98,116.01,UTC+8,28800,6.158571,06:09:31,18.582610,18:34:57,90.833,Y,N,solar-v1,3b7dc371ebe5931b3336f9982c5806a06a515dc2032569f5da7720470c1ec36c,solar-spec-v1
2021-07-21,5.98,116.01,UTC+8,28800,6.161343,06:09:41,18.582259,18:34:56,90.833,Y,N,solar-v1,3b7dc371ebe5931b3336f9982c5806a06a515dc2032569f5da7720470c1ec36c,solar-spec-v1
2021-07-22,5.98,116.01,UTC+8,28800,6.164004,06:09:50,18.581710,18:34:54,90.833,Y,N,solar-v1,3b7dc371ebe5931b3336f9982c5806a06a515dc2032569f5da7720470c1ec36c,solar-spec-v1
2021-07-23,5.98,116.01,UTC+8,28800,6.166552,06:10:00,18.580962,18:34:51,90.833,Y,N,solar-v1,3b7dc371ebe5931b3336f9982c5806a06a515dc2032569f5da7720470c1ec36c,solar-spec-v1
2021-07-24,5.98,116.01,UTC+8,28800,6.168983,06:10:08,18.580011,18:34:48,90.833,Y,N,solar-v1,3b7dc371ebe5931b3336f9982c5806a06a515dc2032569f5da7720470c1ec36c,solar-spec-v1
2021-07-25,5.98,116.01,UTC+8,28800,6.171292,06:10:17,18.578857,18:34:44,90.833,Y,N,solar-v1,3b7dc371ebe5931b3336f9982c5806a06a515dc2032569f5da7720470c1ec36c,solar-spec-v1
2021-07-26,5.98,116.01,UTC+8,28800,6.173476,06:10:25,18.577499,18:34:39,90.833,Y,N,solar-v1,3b7dc371ebe5931b3336f9982c5806a06a515dc2032569f5da7720470c1ec36c,solar-spec-v1
2021-07-27,5.98,116.01,UTC+8,28800,6.175532,06:10:32,18.575934,18:34:33,90.833,Y,N,solar-v1,3b7dc371ebe5931b3336f9982c5806a06a515dc2032569f5da7720470c1ec36c,solar-spec-v1
2021-07-28,5.98,116.01,UTC+8,28800,6.177457,06:10:39,18.574161,18:34:27,90.833,Y,N,solar-v1,3b7dc371ebe5931b3336f9982c5806a06a515dc2032569f5da7720470c1ec36c,solar-spec-v1
2021-07-29,5.98,116.01,UTC+8,28800,6.179248,06:10:45,18.572181,18:34:20,90.833,Y,N,solar-v1,3b7dc371ebe5931b3336f9982c5806a06a515dc2032569f5da7720470c1ec36c,solar-spec-v1
2021-07-30,5.98,116.01,UTC+8,28800,6.180902,06:10:51,18.569992,18:34:12,90.833,Y,N,solar-v1,3b7dc371ebe5931b3336f9982c5806a06a515dc2032569f5da7720470c1ec36c,solar-spec-v1
2021-07-31,5.98,116.01,UTC+8,28800,6.182418,06:10:57,18.567593,18:34:03,90.833,Y,N,solar-v1,3b7dc371ebe5931b3336f9982c5806a06a515dc2032569f5da7720470c1ec36c,solar-spec-v1
2021-08-01,5.98,116.01,UTC+8,28800,6.183792,06:11:02,18.564985,18:33:54,90.833,Y,N,solar-v1,3b7dc371ebe5931b3336f9982c5806a06a515dc2032569f5da7720470c1ec36c,solar-spec-v1
2021-08-02,5.98,116.01,UTC+8,28800,6.185024,06:11:06,18.562168,18:33:44,90.833,Y,N,solar-v1,3b7dc371ebe5931b3336f9982c5806a06a515dc2032569f5da7720470c1ec36c,solar-spec-v1
2021-08-03,5.98,116.01,UTC+8,28800,6.186111,06:11:10,18.559142,18:33:33,90.833,Y,N,solar-v1,3b7dc371ebe5931b3336f9982c5806a06a515dc2032569f5da7720470c1ec36c,solar-spec-v1
2021-08-04,5.98,116.01,UTC+8,28800,6.187051,06:11:13,18.555906,18:33:21,90.833,Y,N,solar-v1,3b7dc371ebe5931b3336f9982c5806a06a515dc2032569f5da7720470c1ec36c,solar-spec-v1
2021-08-05,5.98,116.01,UTC+8,28800,6.187844,06:11:16,18.552463,18:33:09,90.833,Y,N,solar-v1,3b7dc371ebe5931b3336f9982c5806a06a515dc2032569f5da7720470c1ec36c,solar-spec-v1
2021-08-06,5.98,116.01,UTC+8,28800,6.188489,06:11:19,18.548812,18:32:56,90.833,Y,N,solar-v1,3b7dc371ebe5931b3336f9982c5806a06a515dc2032569f5da7720470c1ec36c,solar-spec-v1
2021-08-07,5.98,116.01,UTC+8,28800,6.188985,06:11:20,18.544956,18:32:42,90.833,Y,N,solar-v1,3b7dc371ebe5931b3336f9982c5806a06a515dc2032569f5da7720470c1ec36c,solar-spec-v1
2021-08-08,5.98,116.01,UTC+8,28800,6.189330,06:11:22,18.540894,18:32:27,90.833,Y,N,solar-v1,3b7dc371ebe5931b3336f9982c5806a06a515dc2032569f5da7720470c1ec36c,solar-spec-v1
2021-08-09,5.98,116.01,UTC+8,28800,6.189526,06:11:22,18.536629,18:32:12,90.833,Y,N,solar-v1,3b7dc371ebe5931b3336f9982c5806a06a515dc2032569f5da7720470c1ec36c,solar-spec-v1
2021-08-10,5.98,116.01,UTC+8,28800,6.189571,06:11:22,18.532163,18:31:56,90.833,Y,N,solar-v1,3b7dc371ebe5931b3336f9982c5806a06a515dc2032569f5da7720470c1ec36c,solar-spec-v1
2021-08-11,5.98,116.01,UTC+8,28800,6.189467,06:11:22,18.527497,18:31:39,90.833,Y,N,solar-v1,3b7dc371ebe5931b3336f9982c5806a06a515dc2032569f5da7720470c1ec36c,solar-spec-v1
2021-08-12,5.98,116.01,UTC+8,28800,6.189213,06:11:21,18.522633,18:31:21,90.833,Y,N,solar-v1,3b7dc371ebe5931b3336f9982c5806a06a515dc2032569f5da7720470c1ec36c,solar-spec-v1
2021-08-13,5.98,116.01,UTC+8,28800,6.188810,06:11:20,18.517574,18:31:03,90.833,Y,N,solar-v1,3b7dc371ebe5931b3336f9982c5806a06a515dc2032569f5da7720470c1ec36c,solar-spec-v1
2021-08-14,5.98,116.01,UTC+8,28800,6.188259,06:11:18,18.512323,18:30:44,90.833,Y,N,solar-v1,3b7dc371ebe5931b3336f9982c5806a06a515dc2032569f5da7720470c1ec36c,solar-spec-v1
2021-08-15,5.98,116.01,UTC+8,28800,6.187561,06:11:15,18.506882,18:30:25,90.833,Y,N,solar-v1,3b7dc371ebe5931b3336f9982c5806a06a515dc2032569f5da7720470c1ec36c,solar-spec-v1
2021-08-16,5.98,116.01,UTC+8,28800,6.186718,06:11:12,18.501255,18:30:05,90.833,Y,N,solar-v1,3b7dc371ebe5931b3336f9982c5806a06a515dc2032569f5da7720470c1ec36c,solar-spec-v1
2021-08-17,5.98,116.01,UTC+8,28800,6.185731,06:11:09,18.495444,18:29:44,90.833,Y,N,solar-v1,3b7dc371ebe5931b3336f9982c5806a06a515dc2032569f5da7720470c1ec36c,solar-spec-v1
2021-08-18,5.98,116.01,UTC+8,28800,6.184602,06:11:05,18.489453,18:29:22,90.833,Y,N,solar-v1,3b7dc371ebe5931b3336f9982c5806a06a515dc2032569f5da7720470c1ec36c,solar-spec-v1
2021-08-19,5.98,116.01,UTC+8,28800,6.183333,06:11:00,18.483285,18:29:00,90.833,Y,N,solar-v1,3b7dc371ebe5931b3336f9982c5806a06a515dc2032569f5da7720470c1ec36c,solar-spec-v1
2021-08-20,5.98,116.01,UTC+8,28800,6.181926,06:10:55,18.476944,18:28:37,90.833,Y,N,solar-v1,3b7dc371ebe5931b3336f9982c5806a06a515dc2032569f5da7720470c1ec36c,solar-spec-v1
2021-08-21,5.98,116.01,UTC+8,28800,6.180384,06:10:49,18.470435,18:28:14,90.833,Y,N,solar-v1,3b7dc371ebe5931b3336f9982c5806a06a515dc2032569f5da7720470c1ec36c,solar-spec-v1
2021-08-22,5.98,116.01,UTC+8,28800,6.178710,06:10:43,18.463761,18:27:50,90.833,Y,N,solar-v1,3b7dc371ebe5931b3336f9982c5806a06a515dc2032569f5da7720470c1ec36c,solar-spec-v1
2021-08-23,5.98,116.01,UTC+8,28800,6.176906,06:10:37,18.456927,18:27:25,90.833,Y,N,solar-v1,3b7dc371ebe5931b3336f9982c5806a06a515dc2032569f5da7720470c1ec36c,solar-spec-v1
2021-08-24,5.98,116.01,UTC+8,28800,6.174975,06:10:30,18.449937,18:27:00,90.833,Y,N,solar-v1,3b7dc371ebe5931b3336f9982c5806a06a515dc2032569f5da7720470c1ec36c,solar-spec-v1
2021-08-25,5.98,116.01,UTC+8,28800,6.172922,06:10:23,18.442796,18:26:34,90.833,Y,N,solar-v1,3b7dc371ebe5931b3336f9982c5806a06a515dc2032569f5da7720470c1ec36c,solar-spec-v1
2021-08-26,5.98,116.01,UTC+8,28800,6.170749,06:10:15,18.435509,18:26:08,90.833,Y,N,solar-v1,3b7dc371ebe5931b3336f9982c5806a06a515dc2032569f5da7720470c1ec36c,solar-spec-v1
2021-08-27,5.98,116.01,UTC+8,28800,6.168460,06:10:06,18.428081,18:25:41,90.833,Y,N,solar-v1,3b7dc371ebe5931b3336f9982c5806a06a515dc2032569f5da7720470c1ec36c,solar-spec-v1
2021-08-28,5.98,116.01,UTC+8,28800,6.166060,06:09:58,18.420516,18:25:14,90.833,Y,N,solar-v1,3b7dc371ebe5931b3336f9982c5806a06a515dc2032569f5da7720470c1ec36c,solar-spec-v1
2021-08-29,5.98,116.01,UTC+8,28800,6.163552,06:09:49,18.412821,18:24:46,90.833,Y,N,solar-v1,3b7dc371ebe5931b3336f9982c5806a06a515dc2032569f5da7720470c1ec36c,solar-spec-v1
2021-08-30,5.98,116.01,UTC+8,28800,6.160941,06:09:39,18.405001,18:24:18,90.833,Y,N,solar-v1,3b7dc371ebe5931b3336f9982c5806a06a515dc2032569f5da7720470c1ec36c,solar-spec-v1
2021-08-31,5.98,116.01,UTC+8,28800,6.158231,06:09:30,18.397062,18:23:49,90.833,Y,N,solar-v1,3b7dc371ebe5931b3336f9982c5806a06a515dc2032569f5da7720470c1ec36c,solar-spec-v1
2021-09-01,5.98,116.01,UTC+8,28800,6.155427,06:09:20,18.389009,18:23:20,90.833,Y,N,solar-v1,3b7dc371ebe5931b3336f9982c5806a06a515dc2032569f5da7720470c1ec36c,solar-spec-v1
2021-09-02,5.98,116.01,UTC+8,28800,6.152533,06:09:09,18.380848,18:22:51,90.833,Y,N,solar-v1,3b7dc371ebe5931b3336f9982c5806a06a515dc2032569f5da7720470c1ec36c,solar-spec-v1
2021-09-03,5.98,116.01,UTC+8,28800,6.149555,06:08:58,18.372586,18:22:21,90.833,Y,N,solar-v1,3b7dc371ebe5931b3336f9982c5806a06a515dc2032569f5da7720470c1ec36c,solar-spec-v1
2021-09-04,5.98,116.01,UTC+8,28800,6.146498,06:08:47,18.364228,18:21:51,90.833,Y,N,solar-v1,3b7dc371ebe5931b3336f9982c5806a06a515dc2032569f5da7720470c1ec36c,solar-spec-v1
2021-09-05,5.98,116.01,UTC+8,28800,6.143368,06:08:36,18.355780,18:21:21,90.833,Y,N,solar-v1,3b7dc371ebe5931b3336f9982c5806a06a515dc2032569f5da7720470c1ec36c,solar-spec-v1
2021-09-06,5.98,116.01,UTC+8,28800,6.140168,06:08:25,18.347250,18:20:50,90.833,Y,N,solar-v1,3b7dc371ebe5931b3336f9982c5806a06a515dc2032569f5da7720470c1ec36c,solar-spec-v1
2021-09-07,5.98,116.01,UTC+8,28800,6.136906,06:08:13,18.338644,18:20:19,90.833,Y,N,solar-v1,3b7dc371ebe5931b3336f9982c5806a06a515dc2032569f5da7720470c1ec36c,solar-spec-v1
2021-09-08,5.98,116.01,UTC+8,28800,6.133587,06:08:01,18.329968,18:19:48,90.833,Y,N,solar-v1,3b7dc371ebe5931b3336f9982c5806a06a515dc2032569f5da7720470c1ec36c,solar-spec-v1
2021-09-09,5.98,116.01,UTC+8,28800,6.130216,06:07:49,18.321230,18:19:16,90.833,Y,N,solar-v1,3b7dc371ebe5931b3336f9982c5806a06a515dc2032569f5da7720470c1ec36c,solar-spec-v1
2021-09-10,5.98,116.01,UTC+8,28800,6.126800,06:07:36,18.312435,18:18:45,90.833,Y,N,solar-v1,3b7dc371ebe5931b3336f9982c5806a06a515dc2032569f5da7720470c1ec36c,solar-spec-v1
2021-09-11,5.98,116.01,UTC+8,28800,6.123343,06:07:24,18.303591,18:18:13,90.833,Y,N,solar-v1,3b7dc371ebe5931b3336f9982c5806a06a515dc2032569f5da7720470c1ec36c,solar-spec-v1
2021-09-12,5.98,116.01,UTC+8,28800,6.119854,06:07:11,18.294705,18:17:41,90.833,Y,N,solar-v1,3b7dc371ebe5931b3336f9982c5806a06a515dc2032569f5da7720470c1ec36c,solar-spec-v1
2021-09-13,5.98,116.01,UTC+8,28800,6.116337,06:06:59,18.285783,18:17:09,90.833,Y,N,solar-v1,3b7dc371ebe5931b3336f9982c5806a06a515dc2032569f5da7720470c1ec36c,solar-spec-v1
2021-09-14,5.98,116.01,UTC+8,28800,6.112799,06:06:46,18.276833,18:16:37,90.833,Y,N,solar-v1,3b7dc371ebe5931b3336f9982c5806a06a515dc2032569f5da7720470c1ec36c,solar-spec-v1
2021-09-15,5.98,116.01,UTC+8,28800,6.109246,06:06:33,18.267863,18:16:04,90.833,Y,N,solar-v1,3b7dc371ebe5931b3336f9982c5806a06a515dc2032569f5da7720470c1ec36c,solar-spec-v1
2021-09-16,5.98,116.01,UTC+8,28800,6.105684,06:06:20,18.258878,18:15:32,90.833,Y,N,solar-v1,3b7dc371ebe5931b3336f9982c5806a06a515dc2032569f5da7720470c1ec36c,solar-spec-v1
2021-09-17,5.98,116.01,UTC+8,28800,6.102121,06:06:08,18.249887,18:15:00,90.833,Y,N,solar-v1,3b7dc371ebe5931b3336f9982c5806a06a515dc2032569f5da7720470c1ec36c,solar-spec-v1
2021-09-18,5.98,116.01,UTC+8,28800,6.098562,06:05:55,18.240896,18:14:27,90.833,Y,N,solar-v1,3b7dc371ebe5931b3336f9982c5806a06a515dc2032569f5da7720470c1ec36c,solar-spec-v1
2021-09-19,5.98,116.01,UTC+8,28800,6.095013,06:05:42,18.231914,18:13:55,90.833,Y,N,solar-v1,3b7dc371ebe5931b3336f9982c5806a06a515dc2032569f5da7720470c1ec36c,solar-spec-v1
2021-09-20,5.98,116.01,UTC+8,28800,6.091482,06:05:29,18.222946,18:13:23,90.833,Y,N,solar-v1,3b7dc371ebe5931b3336f9982c5806a06a515dc2032569f5da7720470c1ec36c,solar-spec-v1
2021-09-21,5.98,116.01,UTC+8,28800,6.087975,06:05:17,18.214002,18:12:50,90.833,Y,N,solar-v1,3b7dc371ebe5931b3336f9982c5806a06a515dc2032569f5da7720470c1ec36c,solar-spec-v1
2021-09-22,5.98,116.01,UTC+8,28800,6.084498,06:05:04,18.205087,18:12:18,90.833,Y,N,solar-v1,3b7dc371ebe5931b3336f9982c5806a06a515dc2032569f5da7720470c1ec36c,solar-spec-v1
2021-09-23,5.98,116.01,UTC+8,28800,6.081058,06:04:52,18.196209,18:11:46,90.833,Y,N,solar-v1,3b7dc371ebe5931b3336f9982c5806a06a515dc2032569f5da7720470c1ec36c,solar-spec-v1
2021-09-24,5.98,116.01,UTC+8,28800,6.077662,06:04:40,18.187375,18:11:15,90.833,Y,N,solar-v1,3b7dc371ebe5931b3336f9982c5806a06a515dc2032569f5da7720470c1ec36c,solar-spec-v1
2021-09-25,5.98,116.01,UTC+8,28800,6.074315,06:04:28,18.178594,18:10:43,90.833,Y,N,solar-v1,3b7dc371ebe5931b3336f9982c5806a06a515dc2032569f5da7720470c1ec36c,solar-spec-v1
2021-09-26,5.98,116.01,UTC+8,28800,6.071024,06:04:16,18.169871,18:10:12,90.833,Y,N,solar-v1,3b7dc371ebe5931b3336f9982c5806a06a515dc2032569f5da7720470c1ec36c,solar-spec-v1
2021-09-27,5.98,116.01,UTC+8,28800,6.067797,06:04:04,18.161214,18:09:40,90.833,Y,N,solar-v1,3b7dc371ebe5931b3336f9982c5806a06a515dc2032569f5da7720470c1ec36c,solar-spec-v1
2021-09-28,5.98,116.01,UTC+8,28800,6.064638,06:03:53,18.152631,18:09:09,90.833,Y,N,solar-v1,3b7dc371ebe5931b3336f9982c5806a06a515dc2032569f5da7720470c1ec36c,solar-spec-v1
2021-09-29,5.98,116.01,UTC+8,28800,6.061554,06:03:42,18.144128,18:08:39,90.833,Y,N,solar-v1,3b7dc371ebe5931b3336f9982c5806a06a515dc2032569f5da7720470c1ec36c,solar-spec-v1
2021-09-30,5.98,116.01,UTC+8,28800,6.058553,06:03:31,18.135712,18:08:09,90.833,Y,N,solar-v1,3b7dc371ebe5931b3336f9982c5806a06a515dc2032569f5da7720470c1ec36c,solar-spec-v1
2021-10-01,5.98,116.01,UTC+8,28800,6.055639,06:03:20,18.127391,18:07:39,90.833,Y,Y,solar-v1,3b7dc371ebe5931b3336f9982c5806a06a515dc2032569f5da7720470c1ec36c,solar-spec-v1
2021-10-02,5.98,116.01,UTC+8,28800,6.052819,06:03:10,18.119172,18:07:09,90.833,Y,Y,solar-v1,3b7dc371ebe5931b3336f9982c5806a06a515dc2032569f5da7720470c1ec36c,solar-spec-v1
2021-10-03,5.98,116.01,UTC+8,28800,6.050098,06:03:00,18.111061,18:06:40,90.833,Y,Y,solar-v1,3b7dc371ebe5931b3336f9982c5806a06a515dc2032569f5da7720470c1ec36c,solar-spec-v1
2021-10-04,5.98,116.01,UTC+8,28800,6.047484,06:02:51,18.103064,18:06:11,90.833,Y,Y,solar-v1,3b7dc371ebe5931b3336f9982c5806a06a515dc2032569f5da7720470c1ec36c,solar-spec-v1
2021-10-05,5.98,116.01,UTC+8,28800,6.044981,06:02:42,18.095190,18:05:43,90.833,Y,Y,solar-v1,3b7dc371ebe5931b3336f9982c5806a06a515dc2032569f5da7720470c1ec36c,solar-spec-v1
2021-10-06,5.98,116.01,UTC+8,28800,6.042595,06:02:33,18.087444,18:05:15,90.833,Y,Y,solar-v1,3b7dc371ebe5931b3336f9982c5806a06a515dc2032569f5da7720470c1ec36c,solar-spec-v1
2021-10-07,5.98,116.01,UTC+8,28800,6.040332,06:02:25,18.079832,18:04:47,90.833,Y,Y,solar-v1,3b7dc371ebe5931b3336f9982c5806a06a515dc2032569f5da7720470c1ec36c,solar-spec-v1
2021-10-08,5.98,116.01,UTC+8,28800,6.038198,06:02:18,18.072362,18:04:21,90.833,Y,Y,solar-v1,3b7dc371ebe5931b3336f9982c5806a06a515dc2032569f5da7720470c1ec36c,solar-spec-v1
2021-10-09,5.98,116.01,UTC+8,28800,6.036196,06:02:10,18.065039,18:03:54,90.833,Y,Y,solar-v1,3b7dc371ebe5931b3336f9982c5806a06a515dc2032569f5da7720470c1ec36c,solar-spec-v1
2021-10-10,5.98,116.01,UTC+8,28800,6.034334,06:02:04,18.057869,18:03:28,90.833,Y,Y,solar-v1,3b7dc371ebe5931b3336f9982c5806a06a515dc2032569f5da7720470c1ec36c,solar-spec-v1
2021-10-11,5.98,116.01,UTC+8,28800,6.032615,06:01:57,18.050860,18:03:03,90.833,Y,Y,solar-v1,3b7dc371ebe5931b3336f9982c5806a06a515dc2032569f5da7720470c1ec36c,solar-spec-v1
2021-10-12,5.98,116.01,UTC+8,28800,6.031045,06:01:52,18.044015,18:02:38,90.833,Y,Y,solar-v1,3b7dc371ebe5931b3336f9982c5806a06a515dc2032569f5da7720470c1ec36c,solar-spec-v1
2021-10-13,5.98,116.01,UTC+8,28800,6.029628,06:01:47,18.037341,18:02:14,90.833,Y,Y,solar-v1,3b7dc371ebe5931b3336f9982c5806a06a515dc2032569f5da7720470c1ec36c,solar-spec-v1
2021-10-14,5.98,116.01,UTC+8,28800,6.028368,06:01:42,18.030845,18:01:51,90.833,Y,Y,solar-v1,3b7dc371ebe5931b3336f9982c5806a06a515dc2032569f5da7720470c1ec36c,solar-spec-v1
2021-10-15,5.98,116.01,UTC+8,28800,6.027270,06:01:38,18.024530,18:01:28,90.833,Y,Y,solar-v1,3b7dc371ebe5931b3336f9982c5806a06a515dc2032569f5da7720470c1ec36c,solar-spec-v1
2021-10-16,5.98,116.01,UTC+8,28800,6.026339,06:01:35,18.018402,18:01:06,90.833,Y,Y,solar-v1,3b7dc371ebe5931b3336f9982c5806a06a515dc2032569f5da7720470c1ec36c,solar-spec-v1
2021-10-17,5.98,116.01,UTC+8,28800,6.025577,06:01:32,18.012467,18:00:45,90.833,Y,Y,solar-v1,3b7dc371ebe5931b3336f9982c5806a06a515dc2032569f5da7720470c1ec36c,solar-spec-v1
2021-10-18,5.98,116.01,UTC+8,28800,6.024990,06:01:30,18.006729,18:00:24,90.833,Y,Y,solar-v1,3b7dc371ebe5931b3336f9982c5806a06a515dc2032569f5da7720470c1ec36c,solar-spec-v1
2021-10-19,5.98,116.01,UTC+8,28800,6.024579,06:01:28,18.001194,18:00:04,90.833,Y,Y,solar-v1,3b7dc371ebe5931b3336f9982c5806a06a515dc2032569f5da7720470c1ec36c,solar-spec-v1
2021-10-20,5.98,116.01,UTC+8,28800,6.024350,06:01:28,17.995865,17:59:45,90.833,Y,Y,solar-v1,3b7dc371ebe5931b3336f9982c5806a06a515dc2032569f5da7720470c1ec36c,solar-spec-v1
2021-10-21,5.98,116.01,UTC+8,28800,6.024304,06:01:27,17.990747,17:59:27,90.833,Y,Y,solar-v1,3b7dc371ebe5931b3336f9982c5806a06a515dc2032569f5da7720470c1ec36c,solar-spec-v1
2021-10-22,5.98,116.01,UTC+8,28800,6.024444,06:01:28,17.985844,17:59:09,90.833,Y,Y,solar-v1,3b7dc371ebe5931b3336f9982c5806a06a515dc2032569f5da7720470c1ec36c,solar-spec-v1
2021-10-23,5.98,116.01,UTC+8,28800,6.024774,06:01:29,17.981161,17:58:52,90.833,Y,Y,solar-v1,3b7dc371ebe5931b3336f9982c5806a06a515dc2032569f5da7720470c1ec36c,solar-spec-v1
2021-10-24,5.98,116.01,UTC+8,28800,6.025296,06:01:31,17.976700,17:58:36,90.833,Y,Y,solar-v1,3b7dc371ebe5931b3336f9982c5806a06a515dc2032569f5da7720470c1ec36c,solar-spec-v1
2021-10-25,5.98,116.01,UTC+8,28800,6.026012,06:01:34,17.972467,17:58:21,90.833,Y,Y,solar-v1,3b7dc371ebe5931b3336f9982c5806a06a515dc2032569f5da7720470c1ec36c,solar-spec-v1
2021-10-26,5.98,116.01,UTC+8,28800,6.026924,06:01:37,17.968463,17:58:06,90.833,Y,Y,solar-v1,3b7dc371ebe5931b3336f9982c5806a06a515dc2032569f5da7720470c1ec36c,solar-spec-v1
2021-10-27,5.98,116.01,UTC+8,28800,6.028033,06:01:41,17.964693,17:57:53,90.833,Y,Y,solar-v1,3b7dc371ebe5931b3336f9982c5806a06a515dc2032569f5da7720470c1ec36c,solar-spec-v1
2021-10-28,5.98,116.01,UTC+8,28800,6.029342,06:01:46,17.961159,17:57:40,90.833,Y,Y,solar-v1,3b7dc371ebe5931b3336f9982c5806a06a515dc2032569f5da7720470c1ec36c,solar-spec-v1
2021-10-29,5.98,116.01,UTC+8,28800,6.030851,06:01:51,17.957865,17:57:28,90.833,Y,Y,solar-v1,3b7dc371ebe5931b3336f9982c5806a06a515dc2032569f5da7720470c1ec36c,solar-spec-v1
2021-10-30,5.98,116.01,UTC+8,28800,6.032562,06:01:57,17.954812,17:57:17,90.833,Y,Y,solar-v1,3b7dc371ebe5931b3336f9982c5806a06a515dc2032569f5da7720470c1ec36c,solar-spec-v1
2021-10-31,5.98,116.01,UTC+8,28800,6.034474,06:02:04,17.952003,17:57:07,90.833,Y,Y,solar-v1,3b7dc371ebe5931b3336f9982c5806a06a515dc2032569f5da7720470c1ec36c,solar-spec-v1
2021-11-01,5.98,116.01,UTC+8,28800,6.036590,06:02:12,17.949440,17:56:58,90.833,Y,Y,solar-v1,3b7dc371ebe5931b3336f9982c5806a06a515dc2032569f5da7720470c1ec36c,solar-spec-v1
2021-11-02,5.98,116.01,UTC+8,28800,6.038909,06:02:20,17.947126,17:56:50,90.833,Y,Y,solar-v1,3b7dc371ebe5931b3336f9982c5806a06a515dc2032569f5da7720470c1ec36c,solar-spec-v1
2021-11-03,5.98,116.01,UTC+8,28800,6.041430,06:02:29,17.945061,17:56:42,90.833,Y,Y,solar-v1,3b7dc371ebe5931b3336f9982c5806a06a515dc2032569f5da7720470c1ec36c,solar-spec-v1
2021-11-04,5.98,116.01,UTC+8,28800,6.044154,06:02:39,17.943248,17:56:36,90.833,Y,Y,solar-v1,3b7dc371ebe5931b3336f9982c5806a06a515dc2032569f5da7720470c1ec36c,solar-spec-v1
2021-11-05,5.98,116.01,UTC+8,28800,6.047081,06:02:49,17.941687,17:56:30,90.833,Y,Y,solar-v1,3b7dc371ebe5931b3336f9982c5806a06a515dc2032569f5da7720470c1ec36c,solar-spec-v1
2021-11-06,5.98,116.01,UTC+8,28800,6.050209,06:03:01,17.940380,17:56:25,90.833,Y,Y,solar-v1,3b7dc371ebe5931b3336f9982c5806a06a515dc2032569f5da7720470c1ec36c,solar-spec-v1
2021-11-07,5.98,116.01,UTC+8,28800,6.053537,06:03:13,17.939327,17:56:22,90.833,Y,Y,solar-v1,3b7dc371ebe5931b3336f9982c5806a06a515dc2032569f5da7720470c1ec36c,solar-spec-v1
2021-11-08,5.98,116.01,UTC+8,28800,6.057065,06:03:25,17.938530,17:56:19,90.833,Y,Y,solar-v1,3b7dc371ebe5931b3336f9982c5806a06a515dc2032569f5da7720470c1ec36c,solar-spec-v1
2021-11-09,5.98,116.01,UTC+8,28800,6.060790,06:03:39,17.937987,17:56:17,90.833,Y,Y,solar-v1,3b7dc371ebe5931b3336f9982c5806a06a515dc2032569f5da7720470c1ec36c,solar-spec-v1
2021-11-10,5.98,116.01,UTC+8,28800,6.064711,06:03:53,17.937700,17:56:16,90.833,Y,Y,solar-v1,3b7dc371ebe5931b3336f9982c5806a06a515dc2032569f5da7720470c1ec36c,solar-spec-v1
2021-11-11,5.98,116.01,UTC+8,28800,6.068826,06:04:08,17.937669,17:56:16,90.833,Y,Y,solar-v1,3b7dc371ebe5931b3336f9982c5806a06a515dc2032569f5da7720470c1ec36c,solar-spec-v1
2021-11-12,5.98,116.01,UTC+8,28800,6.073133,06:04:23,17.937892,17:56:16,90.833,Y,Y,solar-v1,3b7dc371ebe5931b3336f9982c5806a06a515dc2032569f5da7720470c1ec36c,solar-spec-v1
2021-11-13,5.98,116.01,UTC+8,28800,6.077628,06:04:39,17.938369,17:56:18,90.833,Y,Y,solar-v1,3b7dc371ebe5931b3336f9982c5806a06a515dc2032569f5da7720470c1ec36c,solar-spec-v1
2021-11-14,5.98,116.01,UTC+8,28800,6.082310,06:04:56,17.939100,17:56:21,90.833,Y,Y,solar-v1,3b7dc371ebe5931b3336f9982c5806a06a515dc2032569f5da7720470c1ec36c,solar-spec-v1
2021-11-15,5.98,116.01,UTC+8,28800,6.087175,06:05:14,17.940084,17:56:24,90.833,Y,Y,solar-v1,3b7dc371ebe5931b3336f9982c5806a06a515dc2032569f5da7720470c1ec36c,solar-spec-v1
2021-11-16,5.98,116.01,UTC+8,28800,6.092220,06:05:32,17.941318,17:56:29,90.833,Y,Y,solar-v1,3b7dc371ebe5931b3336f9982c5806a06a515dc2032569f5da7720470c1ec36c,solar-spec-v1
2021-11-17,5.98,116.01,UTC+8,28800,6.097441,06:05:51,17.942803,17:56:34,90.833,Y,Y,solar-v1,3b7dc371ebe5931b3336f9982c5806a06a515dc2032569f5da7720470c1ec36c,solar-spec-v1
2021-11-18,5.98,116.01,UTC+8,28800,6.102835,06:06:10,17.944535,17:56:40,90.833,Y,Y,solar-v1,3b7dc371ebe5931b3336f9982c5806a06a515dc2032569f5da7720470c1ec36c,solar-spec-v1
2021-11-19,5.98,116.01,UTC+8,28800,6.108398,06:06:30,17.946514,17:56:47,90.833,Y,Y,solar-v1,3b7dc371ebe5931b3336f9982c5806a06a515dc2032569f5da7720470c1ec36c,solar-spec-v1
2021-11-20,5.98,116.01,UTC+8,28800,6.114125,06:06:51,17.948736,17:56:55,90.833,Y,Y,solar-v1,3b7dc371ebe5931b3336f9982c5806a06a515dc2032569f5da7720470c1ec36c,solar-spec-v1
2021-11-21,5.98,116.01,UTC+8,28800,6.120013,06:07:12,17.951200,17:57:04,90.833,Y,Y,solar-v1,3b7dc371ebe5931b3336f9982c5806a06a515dc2032569f5da7720470c1ec36c,solar-spec-v1
2021-11-22,5.98,116.01,UTC+8,28800,6.126056,06:07:34,17.953903,17:57:14,90.833,Y,Y,solar-v1,3b7dc371ebe5931b3336f9982c5806a06a515dc2032569f5da7720470c1ec36c,solar-spec-v1
2021-11-23,5.98,116.01,UTC+8,28800,6.132250,06:07:56,17.956841,17:57:25,90.833,Y,Y,solar-v1,3b7dc371ebe5931b3336f9982c5806a06a515dc2032569f5da7720470c1ec36c,solar-spec-v1
2021-11-24,5.98,116.01,UTC+8,28800,6.138590,06:08:19,17.960013,17:57:36,90.833,Y,Y,solar-v1,3b7dc371ebe5931b3336f9982c5806a06a515dc2032569f5da7720470c1ec36c,solar-spec-v1
2021-11-25,5.98,116.01,UTC+8,28800,6.145071,06:08:42,17.963415,17:57:48,90.833,Y,Y,solar-v1,3b7dc371ebe5931b3336f9982c5806a06a515dc2032569f5da7720470c1ec36c,solar-spec-v1
2021-11-26,5.98,116.01,UTC+8,28800,6.151687,06:09:06,17.967042,17:58:01,90.833,Y,Y,solar-v1,3b7dc371ebe5931b3336f9982c5806a06a515dc2032569f5da7720470c1ec36c,solar-spec-v1
2021-11-27,5.98,116.01,UTC+8,28800,6.158432,06:09:30,17.970893,17:58:15,90.833,Y,Y,solar-v1,3b7dc371ebe5931b3336f9982c5806a06a515dc2032569f5da7720470c1ec36c,solar-spec-v1
2021-11-28,5.98,116.01,UTC+8,28800,6.165302,06:09:55,17.974962,17:58:30,90.833,Y,Y,solar-v1,3b7dc371ebe5931b3336f9982c5806a06a515dc2032569f5da7720470c1ec36c,solar-spec-v1
2021-11-29,5.98,116.01,UTC+8,28800,6.172289,06:10:20,17.979246,17:58:45,90.833,Y,Y,solar-v1,3b7dc371ebe5931b3336f9982c5806a06a515dc2032569f5da7720470c1ec36c,solar-spec-v1
2021-11-30,5.98,116.01,UTC+8,28800,6.179388,06:10:46,17.983740,17:59:01,90.833,Y,Y,solar-v1,3b7dc371ebe5931b3336f9982c5806a06a515dc2032569f5da7720470c1ec36c,solar-spec-v1
2021-12-01,5.98,116.01,UTC+8,28800,6.186594,06:11:12,17.988441,17:59:18,90.833,Y,Y,solar-v1,3b7dc371ebe5931b3336f9982c5806a06a515dc2032569f5da7720470c1ec36c,solar-spec-v1
2021-12-02,5.98,116.01,UTC+8,28800,6.193898,06:11:38,17.993342,17:59:36,90.833,Y,Y,solar-v1,3b7dc371ebe5931b3336f9982c5806a06a515dc2032569f5da7720470c1ec36c,solar-spec-v1
2021-12-03,5.98,116.01,UTC+8,28800,6.201295,06:12:05,17.998440,17:59:54,90.833,Y,Y,solar-v1,3b7dc371ebe5931b3336f9982c5806a06a515dc2032569f5da7720470c1ec36c,solar-spec-v1
2021-12-04,5.98,116.01,UTC+8,28800,6.208779,06:12:32,18.003730,18:00:13,90.833,Y,Y,solar-v1,3b7dc371ebe5931b3336f9982c5806a06a515dc2032569f5da7720470c1ec36c,solar-spec-v1
2021-12-05,5.98,116.01,UTC+8,28800,6.216341,06:12:59,18.009206,18:00:33,90.833,Y,Y,solar-v1,3b7dc371ebe5931b3336f9982c5806a06a515dc2032569f5da7720470c1ec36c,solar-spec-v1
2021-12-06,5.98,116.01,UTC+8,28800,6.223977,06:13:26,18.014863,18:00:54,90.833,Y,Y,solar-v1,3b7dc371ebe5931b3336f9982c5806a06a515dc2032569f5da7720470c1ec36c,solar-spec-v1
2021-12-07,5.98,116.01,UTC+8,28800,6.231678,06:13:54,18.020696,18:01:15,90.833,Y,Y,solar-v1,3b7dc371ebe5931b3336f9982c5806a06a515dc2032569f5da7720470c1ec36c,solar-spec-v1
2021-12-08,5.98,116.01,UTC+8,28800,6.239438,06:14:22,18.026698,18:01:36,90.833,Y,Y,solar-v1,3b7dc371ebe5931b3336f9982c5806a06a515dc2032569f5da7720470c1ec36c,solar-spec-v1
2021-12-09,5.98,116.01,UTC+8,28800,6.247249,06:14:50,18.032864,18:01:58,90.833,Y,Y,solar-v1,3b7dc371ebe5931b3336f9982c5806a06a515dc2032569f5da7720470c1ec36c,solar-spec-v1
2021-12-10,5.98,116.01,UTC+8,28800,6.255104,06:15:18,18.039188,18:02:21,90.833,Y,Y,solar-v1,3b7dc371ebe5931b3336f9982c5806a06a515dc2032569f5da7720470c1ec36c,solar-spec-v1
2021-12-11,5.98,116.01,UTC+8,28800,6.262996,06:15:47,18.045664,18:02:44,90.833,Y,Y,solar-v1,3b7dc371ebe5931b3336f9982c5806a06a515dc2032569f5da7720470c1ec36c,solar-spec-v1
2021-12-12,5.98,116.01,UTC+8,28800,6.270917,06:16:15,18.052286,18:03:08,90.833,Y,Y,solar-v1,3b7dc371ebe5931b3336f9982c5806a06a515dc2032569f5da7720470c1ec36c,solar-spec-v1
2021-12-13,5.98,116.01,UTC+8,28800,6.278861,06:16:44,18.059047,18:03:33,90.833,Y,Y,solar-v1,3b7dc371ebe5931b3336f9982c5806a06a515dc2032569f5da7720470c1ec36c,solar-spec-v1
2021-12-14,5.98,116.01,UTC+8,28800,6.286819,06:17:13,18.065941,18:03:57,90.833,Y,Y,solar-v1,3b7dc371ebe5931b3336f9982c5806a06a515dc2032569f5da7720470c1ec36c,solar-spec-v1
2021-12-15,5.98,116.01,UTC+8,28800,6.294784,06:17:41,18.072961,18:04:23,90.833,Y,Y,solar-v1,3b7dc371ebe5931b3336f9982c5806a06a515dc2032569f5da7720470c1ec36c,solar-spec-v1
2021-12-16,5.98,116.01,UTC+8,28800,6.302749,06:18:10,18.080100,18:04:48,90.833,Y,Y,solar-v1,3b7dc371ebe5931b3336f9982c5806a06a515dc2032569f5da7720470c1ec36c,solar-spec-v1
2021-12-17,5.98,116.01,UTC+8,28800,6.310706,06:18:39,18.087352,18:05:14,90.833,Y,Y,solar-v1,3b7dc371ebe5931b3336f9982c5806a06a515dc2032569f5da7720470c1ec36c,solar-spec-v1
2021-12-18,5.98,116.01,UTC+8,28800,6.318648,06:19:07,18.094709,18:05:41,90.833,Y,Y,solar-v1,3b7dc371ebe5931b3336f9982c5806a06a515dc2032569f5da7720470c1ec36c,solar-spec-v1
2021-12-19,5.98,116.01,UTC+8,28800,6.326567,06:19:36,18.102165,18:06:08,90.833,Y,Y,solar-v1,3b7dc371ebe5931b3336f9982c5806a06a515dc2032569f5da7720470c1ec36c,solar-spec-v1
2021-12-20,5.98,116.01,UTC+8,28800,6.334455,06:20:04,18.109712,18:06:35,90.833,Y,Y,solar-v1,3b7dc371ebe5931b3336f9982c5806a06a515dc2032569f5da7720470c1ec36c,solar-spec-v1
2021-12-21,5.98,116.01,UTC+8,28800,6.342305,06:20:32,18.117344,18:07:02,90.833,Y,Y,solar-v1,3b7dc371ebe5931b3336f9982c5806a06a515dc2032569f5da7720470c1ec36c,solar-spec-v1
2021-12-22,5.98,116.01,UTC+8,28800,6.350110,06:21:00,18.125052,18:07:30,90.833,Y,Y,solar-v1,3b7dc371ebe5931b3336f9982c5806a06a515dc2032569f5da7720470c1ec36c,solar-spec-v1
2021-12-23,5.98,116.01,UTC+8,28800,6.357862,06:21:28,18.132831,18:07:58,90.833,Y,Y,solar-v1,3b7dc371ebe5931b3336f9982c5806a06a515dc2032569f5da7720470c1ec36c,solar-spec-v1
2021-12-24,5.98,116.01,UTC+8,28800,6.365554,06:21:56,18.140671,18:08:26,90.833,Y,Y,solar-v1,3b7dc371ebe5931b3336f9982c5806a06a515dc2032569f5da7720470c1ec36c,solar-spec-v1
2021-12-25,5.98,116.01,UTC+8,28800,6.373179,06:22:23,18.148567,18:08:55,90.833,Y,Y,solar-v1,3b7dc371ebe5931b3336f9982c5806a06a515dc2032569f5da7720470c1ec36c,solar-spec-v1
2021-12-26,5.98,116.01,UTC+8,28800,6.380729,06:22:51,18.156510,18:09:23,90.833,Y,Y,solar-v1,3b7dc371ebe5931b3336f9982c5806a06a515dc2032569f5da7720470c1ec36c,solar-spec-v1
2021-12-27,5.98,116.01,UTC+8,28800,6.388196,06:23:18,18.164493,18:09:52,90.833,Y,Y,solar-v1,3b7dc371ebe5931b3336f9982c5806a06a515dc2032569f5da7720470c1ec36c,solar-spec-v1
2021-12-28,5.98,116.01,UTC+8,28800,6.395575,06:23:44,18.172509,18:10:21,90.833,Y,Y,solar-v1,3b7dc371ebe5931b3336f9982c5806a06a515dc2032569f5da7720470c1ec36c,solar-spec-v1
2021-12-29,5.98,116.01,UTC+8,28800,6.402857,06:24:10,18.180549,18:10:50,90.833,Y,Y,solar-v1,3b7dc371ebe5931b3336f9982c5806a06a515dc2032569f5da7720470c1ec36c,solar-spec-v1
2021-12-30,5.98,116.01,UTC+8,28800,6.410037,06:24:36,18.188608,18:11:19,90.833,Y,Y,solar-v1,3b7dc371ebe5931b3336f9982c5806a06a515dc2032569f5da7720470c1ec36c,solar-spec-v1
2021-12-31,5.98,116.01,UTC+8,28800,6.417106,06:25:02,18.196676,18:11:48,90.833,Y,Y,solar-v1,3b7dc371ebe5931b3336f9982c5806a06a515dc2032569f5da7720470c1ec36c,solar-spec-v1
2022-01-01,5.98,116.01,UTC+8,28800,6.424059,06:25:27,18.204747,18:12:17,90.833,Y,Y,solar-v1,3b7dc371ebe5931b3336f9982c5806a06a515dc2032569f5da7720470c1ec36c,solar-spec-v1
2022-01-02,5.98,116.01,UTC+8,28800,6.430888,06:25:51,18.212813,18:12:46,90.833,Y,Y,solar-v1,3b7dc371ebe5931b3336f9982c5806a06a515dc2032569f5da7720470c1ec36c,solar-spec-v1
2022-01-03,5.98,116.01,UTC+8,28800,6.437588,06:26:15,18.220867,18:13:15,90.833,Y,Y,solar-v1,3b7dc371ebe5931b3336f9982c5806a06a515dc2032569f5da7720470c1ec36c,solar-spec-v1
2022-01-04,5.98,116.01,UTC+8,28800,6.444152,06:26:39,18.228901,18:13:44,90.833,Y,Y,solar-v1,3b7dc371ebe5931b3336f9982c5806a06a515dc2032569f5da7720470c1ec36c,solar-spec-v1
2022-01-05,5.98,116.01,UTC+8,28800,6.450573,06:27:02,18.236908,18:14:13,90.833,Y,Y,solar-v1,3b7dc371ebe5931b3336f9982c5806a06a515dc2032569f5da7720470c1ec36c,solar-spec-v1
2022-01-06,5.98,116.01,UTC+8,28800,6.456846,06:27:25,18.244881,18:14:42,90.833,Y,Y,solar-v1,3b7dc371ebe5931b3336f9982c5806a06a515dc2032569f5da7720470c1ec36c,solar-spec-v1
2022-01-07,5.98,116.01,UTC+8,28800,6.462965,06:27:47,18.252813,18:15:10,90.833,Y,Y,solar-v1,3b7dc371ebe5931b3336f9982c5806a06a515dc2032569f5da7720470c1ec36c,solar-spec-v1
2022-01-08,5.98,116.01,UTC+8,28800,6.468923,06:28:08,18.260696,18:15:39,90.833,Y,Y,solar-v1,3b7dc371ebe5931b3336f9982c5806a06a515dc2032569f5da7720470c1ec36c,solar-spec-v1
2022-01-09,5.98,116.01,UTC+8,28800,6.474716,06:28:29,18.268524,18:16:07,90.833,Y,Y,solar-v1,3b7dc371ebe5931b3336f9982c5806a06a515dc2032569f5da7720470c1ec36c,solar-spec-v1
2022-01-10,5.98,116.01,UTC+8,28800,6.480337,06:28:49,18.276289,18:16:35,90.833,Y,Y,solar-v1,3b7dc371ebe5931b3336f9982c5806a06a515dc2032569f5da7720470c1ec36c,solar-spec-v1
2022-01-11,5.98,116.01,UTC+8,28800,6.485781,06:29:09,18.283985,18:17:02,90.833,Y,Y,solar-v1,3b7dc371ebe5931b3336f9982c5806a06a515dc2032569f5da7720470c1ec36c,solar-spec-v1
2022-01-12,5.98,116.01,UTC+8,28800,6.491044,06:29:28,18.291606,18:17:30,90.833,Y,Y,solar-v1,3b7dc371ebe5931b3336f9982c5806a06a515dc2032569f5da7720470c1ec36c,solar-spec-v1
2022-01-13,5.98,116.01,UTC+8,28800,6.496120,06:29:46,18.299144,18:17:57,90.833,Y,Y,solar-v1,3b7dc371ebe5931b3336f9982c5806a06a515dc2032569f5da7720470c1ec36c,solar-spec-v1
2022-01-14,5.98,116.01,UTC+8,28800,6.501004,06:30:04,18.306593,18:18:24,90.833,Y,Y,solar-v1,3b7dc371ebe5931b3336f9982c5806a06a515dc2032569f5da7720470c1ec36c,solar-spec-v1
2022-01-15,5.98,116.01,UTC+8,28800,6.505693,06:30:20,18.313946,18:18:50,90.833,Y,Y,solar-v1,3b7dc371ebe5931b3336f9982c5806a06a515dc2032569f5da7720470c1ec36c,solar-spec-v1
2022-01-16,5.98,116.01,UTC+8,28800,6.510181,06:30:37,18.321199,18:19:16,90.833,Y,Y,solar-v1,3b7dc371ebe5931b3336f9982c5806a06a515dc2032569f5da7720470c1ec36c,solar-spec-v1
2022-01-17,5.98,116.01,UTC+8,28800,6.514464,06:30:52,18.328343,18:19:42,90.833,Y,Y,solar-v1,3b7dc371ebe5931b3336f9982c5806a06a515dc2032569f5da7720470c1ec36c,solar-spec-v1
2022-01-18,5.98,116.01,UTC+8,28800,6.518538,06:31:07,18.335375,18:20:07,90.833,Y,Y,solar-v1,3b7dc371ebe5931b3336f9982c5806a06a515dc2032569f5da7720470c1ec36c,solar-spec-v1
2022-01-19,5.98,116.01,UTC+8,28800,6.522400,06:31:21,18.342288,18:20:32,90.833,Y,Y,solar-v1,3b7dc371ebe5931b3336f9982c5806a06a515dc2032569f5da7720470c1ec36c,solar-spec-v1
2022-01-20,5.98,116.01,UTC+8,28800,6.526045,06:31:34,18.349076,18:20:57,90.833,Y,Y,solar-v1,3b7dc371ebe5931b3336f9982c5806a06a515dc2032569f5da7720470c1ec36c,solar-spec-v1
2022-01-21,5.98,116.01,UTC+8,28800,6.529471,06:31:46,18.355735,18:21:21,90.833,Y,Y,solar-v1,3b7dc371ebe5931b3336f9982c5806a06a515dc2032569f5da7720470c1ec36c,solar-spec-v1
2022-01-22,5.98,116.01,UTC+8,28800,6.532674,06:31:58,18.362258,18:21:44,90.833,Y,Y,solar-v1,3b7dc371ebe5931b3336f9982c5806a06a515dc2032569f5da7720470c1ec36c,solar-spec-v1
2022-01-23,5.98,116.01,UTC+8,28800,6.535652,06:32:08,18.368642,18:22:07,90.833,Y,Y,solar-v1,3b7dc371ebe5931b3336f9982c5806a06a515dc2032569f5da7720470c1ec36c,solar-spec-v1
2022-01-24,5.98,116.01,UTC+8,28800,6.538400,06:32:18,18.374881,18:22:30,90.833,Y,Y,solar-v1,3b7dc371ebe5931b3336f9982c5806a06a515dc2032569f5da7720470c1ec36c,solar-spec-v1
2022-01-25,5.98,116.01,UTC+8,28800,6.540918,06:32:27,18.380971,18:22:51,90.833,Y,Y,solar-v1,3b7dc371ebe5931b3336f9982c5806a06a515dc2032569f5da7720470c1ec36c,solar-spec-v1
2022-01-26,5.98,116.01,UTC+8,28800,6.543202,06:32:36,18.386908,18:23:13,90.833,Y,Y,solar-v1,3b7dc371ebe5931b3336f9982c5806a06a515dc2032569f5da7720470c1ec36c,solar-spec-v1
2022-01-27,5.98,116.01,UTC+8,28800,6.545251,06:32:43,18.392687,18:23:34,90.833,Y,Y,solar-v1,3b7dc371ebe5931b3336f9982c5806a06a515dc2032569f5da7720470c1ec36c,solar-spec-v1
2022-01-28,5.98,116.01,UTC+8,28800,6.547062,06:32:49,18.398304,18:23:54,90.833,Y,Y,solar-v1,3b7dc371ebe5931b3336f9982c5806a06a515dc2032569f5da7720470c1ec36c,solar-spec-v1
2022-01-29,5.98,116.01,UTC+8,28800,6.548634,06:32:55,18.403757,18:24:14,90.833,Y,Y,solar-v1,3b7dc371ebe5931b3336f9982c5806a06a515dc2032569f5da7720470c1ec36c,solar-spec-v1
2022-01-30,5.98,116.01,UTC+8,28800,6.549965,06:33:00,18.409040,18:24:33,90.833,Y,Y,solar-v1,3b7dc371ebe5931b3336f9982c5806a06a515dc2032569f5da7720470c1ec36c,solar-spec-v1
2022-01-31,5.98,116.01,UTC+8,28800,6.551054,06:33:04,18.414152,18:24:51,90.833,Y,Y,solar-v1,3b7dc371ebe5931b3336f9982c5806a06a515dc2032569f5da7720470c1ec36c,solar-spec-v1
2022-02-01,5.98,116.01,UTC+8,28800,6.551901,06:33:07,18.419090,18:25:09,90.833,Y,Y,solar-v1,3b7dc371ebe5931b3336f9982c5806a06a515dc2032569f5da7720470c1ec36c,solar-spec-v1
2022-02-02,5.98,116.01,UTC+8,28800,6.552504,06:33:09,18.423849,18:25:26,90.833,Y,Y,solar-v1,3b7dc371ebe5931b3336f9982c5806a06a515dc2032569f5da7720470c1ec36c,solar-spec-v1
2022-02-03,5.98,116.01,UTC+8,28800,6.552863,06:33:10,18.428429,18:25:42,90.833,Y,Y,solar-v1,3b7dc371ebe5931b3336f9982c5806a06a515dc2032569f5da7720470c1ec36c,solar-spec-v1
2022-02-04,5.98,116.01,UTC+8,28800,6.552977,06:33:11,18.432826,18:25:58,90.833,Y,Y,solar-v1,3b7dc371ebe5931b3336f9982c5806a06a515dc2032569f5da7720470c1ec36c,solar-spec-v1
2022-02-05,5.98,116.01,UTC+8,28800,6.552847,06:33:10,18.437040,18:26:13,90.833,Y,Y,solar-v1,3b7dc371ebe5931b3336f9982c5806a06a515dc2032569f5da7720470c1ec36c,solar-spec-v1
2022-02-06,5.98,116.01,UTC+8,28800,6.552473,06:33:09,18.441067,18:26:28,90.833,Y,Y,solar-v1,3b7dc371ebe5931b3336f9982c5806a06a515dc2032569f5da7720470c1ec36c,solar-spec-v1
2022-02-07,5.98,116.01,UTC+8,28800,6.551854,06:33:07,18.444907,18:26:42,90.833,Y,Y,solar-v1,3b7dc371ebe5931b3336f9982c5806a06a515dc2032569f5da7720470c1ec36c,solar-spec-v1
2022-02-08,5.98,116.01,UTC+8,28800,6.550993,06:33:04,18.448558,18:26:55,90.833,Y,Y,solar-v1,3b7dc371ebe5931b3336f9982c5806a06a515dc2032569f5da7720470c1ec36c,solar-spec-v1
2022-02-09,5.98,116.01,UTC+8,28800,6.549888,06:33:00,18.452019,18:27:07,90.833,Y,Y,solar-v1,3b7dc371ebe5931b3336f9982c5806a06a515dc2032569f5da7720470c1ec36c,solar-spec-v1
2022-02-10,5.98,116.01,UTC+8,28800,6.548542,06:32:55,18.455289,18:27:19,90.833,Y,Y,solar-v1,3b7dc371ebe5931b3336f9982c5806a06a515dc2032569f5da7720470c1ec36c,solar-spec-v1
2022-02-11,5.98,116.01,UTC+8,28800,6.546956,06:32:49,18.458369,18:27:30,90.833,Y,Y,solar-v1,3b7dc371ebe5931b3336f9982c5806a06a515dc2032569f5da7720470c1ec36c,solar-spec-v1
2022-02-12,5.98,116.01,UTC+8,28800,6.545131,06:32:42,18.461258,18:27:41,90.833,Y,Y,solar-v1,3b7dc371ebe5931b3336f9982c5806a06a515dc2032569f5da7720470c1ec36c,solar-spec-v1
2022-02-13,5.98,116.01,UTC+8,28800,6.543069,06:32:35,18.463955,18:27:50,90.833,Y,Y,solar-v1,3b7dc371ebe5931b3336f9982c5806a06a515dc2032569f5da7720470c1ec36c,solar-spec-v1
2022-02-14,5.98,116.01,UTC+8,28800,6.540771,06:32:27,18.466461,18:27:59,90.833,Y,Y,solar-v1,3b7dc371ebe5931b3336f9982c5806a06a515dc2032569f5da7720470c1ec36c,solar-spec-v1
2022-02-15,5.98,116.01,UTC+8,28800,6.538241,06:32:18,18.468777,18:28:08,90.833,Y,Y,solar-v1,3b7dc371ebe5931b3336f9982c5806a06a515dc2032569f5da7720470c1ec36c,solar-spec-v1
2022-02-16,5.98,116.01,UTC+8,28800,6.535480,06:32:08,18.470903,18:28:15,90.833,Y,Y,solar-v1,3b7dc371ebe5931b3336f9982c5806a06a515dc2032569f5da7720470c1ec36c,solar-spec-v1
2022-02-17,5.98,116.01,UTC+8,28800,6.532491,06:31:57,18.472840,18:28:22,90.833,Y,Y,solar-v1,3b7dc371ebe5931b3336f9982c5806a06a515dc2032569f5da7720470c1ec36c,solar-spec-v1
2022-02-18,5.98,116.01,UTC+8,28800,6.529277,06:31:45,18.474589,18:28:29,90.833,Y,Y,solar-v1,3b7dc371ebe5931b3336f9982c5806a06a515dc2032569f5da7720470c1ec36c,solar-spec-v1
2022-02-19,5.98,116.01,UTC+8,28800,6.525841,06:31:33,18.476153,18:28:34,90.833,Y,Y,solar-v1,3b7dc371ebe5931b3336f9982c5806a06a515dc2032569f5da7720470c1ec36c,solar-spec-v1
2022-02-20,5.98,116.01,UTC+8,28800,6.522185,06:31:20,18.477532,18:28:39,90.833,Y,Y,solar-v1,3b7dc371ebe5931b3336f9982c5806a06a515dc2032569f5da7720470c1ec36c,solar-spec-v1
2022-02-21,5.98,116.01,UTC+8,28800,6.518314,06:31:06,18.478728,18:28:43,90.833,Y,Y,solar-v1,3b7dc371ebe5931b3336f9982c5806a06a515dc2032569f5da7720470c1ec36c,solar-spec-v1
2022-02-22,5.98,116.01,UTC+8,28800,6.514231,06:30:51,18.479745,18:28:47,90.833,Y,Y,solar-v1,3b7dc371ebe5931b3336f9982c5806a06a515dc2032569f5da7720470c1ec36c,solar-spec-v1
2022-02-23,5.98,116.01,UTC+8,28800,6.509940,06:30:36,18.480583,18:28:50,90.833,Y,Y,solar-v1,3b7dc371ebe5931b3336f9982c5806a06a515dc2032569f5da7720470c1ec36c,solar-spec-v1
2022-02-24,5.98,116.01,UTC+8,28800,6.505444,06:30:20,18.481246,18:28:52,90.833,Y,Y,solar-v1,3b7dc371ebe5931b3336f9982c5806a06a515dc2032569f5da7720470c1ec36c,solar-spec-v1
2022-02-25,5.98,116.01,UTC+8,28800,6.500748,06:30:03,18.481737,18:28:54,90.833,Y,Y,solar-v1,3b7dc371ebe5931b3336f9982c5806a06a515dc2032569f5da7720470c1ec36c,solar-spec-v1
2022-02-26,5.98,116.01,UTC+8,28800,6.495856,06:29:45,18.482058,18:28:55,90.833,Y,Y,solar-v1,3b7dc371ebe5931b3336f9982c5806a06a515dc2032569f5da7720470c1ec36c,solar-spec-v1
2022-02-27,5.98,116.01,UTC+8,28800,6.490773,06:29:27,18.482213,18:28:56,90.833,Y,Y,solar-v1,3b7dc371ebe5931b3336f9982c5806a06a515dc2032569f5da7720470c1ec36c,solar-spec-v1
2022-02-28,5.98,116.01,UTC+8,28800,6.485504,06:29:08,18.482205,18:28:56,90.833,Y,Y,solar-v1,3b7dc371ebe5931b3336f9982c5806a06a515dc2032569f5da7720470c1ec36c,solar-spec-v1
2022-03-01,5.98,116.01,UTC+8,28800,6.480053,06:28:48,18.482039,18:28:55,90.833,Y,Y,solar-v1,3b7dc371ebe5931b3336f9982c5806a06a515dc2032569f5da7720470c1ec36c,solar-spec-v1
2022-03-02,5.98,116.01,UTC+8,28800,6.474425,06:28:28,18.481716,18:28:54,90.833,Y,Y,solar-v1,3b7dc371ebe5931b3336f9982c5806a06a515dc2032569f5da7720470c1ec36c,solar-spec-v1
2022-03-03,5.98,116.01,UTC+8,28800,6.468625,06:28:07,18.481243,18:28:52,90.833,Y,Y,solar-v1,3b7dc371ebe5931b3336f9982c5806a06a515dc2032569f5da7720470c1ec36c,solar-spec-v1
2022-03-04,5.98,116.01,UTC+8,28800,6.462659,06:27:46,18.480622,18:28:50,90.833,Y,Y,solar-v1,3b7dc371ebe5931b3336f9982c5806a06a515dc2032569f5da7720470c1ec36c,solar-spec-v1
2022-03-05,5.98,116.01,UTC+8,28800,6.456533,06:27:24,18.479859,18:28:47,90.833,Y,Y,solar-v1,3b7dc371ebe5931b3336f9982c5806a06a515dc2032569f5da7720470c1ec36c,solar-spec-v1
2022-03-06,5.98,116.01,UTC+8,28800,6.450251,06:27:01,18.478958,18:28:44,90.833,Y,Y,solar-v1,3b7dc371ebe5931b3336f9982c5806a06a515dc2032569f5da7720470c1ec36c,solar-spec-v1
2022-03-07,5.98,116.01,UTC+8,28800,6.443820,06:26:38,18.477922,18:28:41,90.833,Y,Y,solar-v1,3b7dc371ebe5931b3336f9982c5806a06a515dc2032569f5da7720470c1ec36c,solar-spec-v1
2022-03-08,5.98,116.01,UTC+8,28800,6.437246,06:26:14,18.476759,18:28:36,90.833,Y,Y,solar-v1,3b7dc371ebe5931b3336f9982c5806a06a515dc2032569f5da7720470c1ec36c,solar-spec-v1
2022-03-09,5.98,116.01,UTC+8,28800,6.430534,06:25:50,18.475471,18:28:32,90.833,Y,Y,solar-v1,3b7dc371ebe5931b3336f9982c5806a06a515dc2032569f5da7720470c1ec36c,solar-spec-v1
2022-03-10,5.98,116.01,UTC+8,28800,6.423691,06:25:25,18.474065,18:28:27,90.833,Y,Y,solar-v1,3b7dc371ebe5931b3336f9982c5806a06a515dc2032569f5da7720470c1ec36c,solar-spec-v1
2022-03-11,5.98,116.01,UTC+8,28800,6.416723,06:25:00,18.472546,18:28:21,90.833,Y,Y,solar-v1,3b7dc371ebe5931b3336f9982c5806a06a515dc2032569f5da7720470c1ec36c,solar-spec-v1
2022-03-12,5.98,116.01,UTC+8,28800,6.409635,06:24:35,18.470918,18:28:15,90.833,Y,Y,solar-v1,3b7dc371ebe5931b3336f9982c5806a06a515dc2032569f5da7720470c1ec36c,solar-spec-v1
2022-03-13,5.98,116.01,UTC+8,28800,6.402436,06:24:09,18.469188,18:28:09,90.833,Y,Y,solar-v1,3b7dc371ebe5931b3336f9982c5806a06a515dc2032569f5da7720470c1ec36c,solar-spec-v1
2022-03-14,5.98,116.01,UTC+8,28800,6.395130,06:23:42,18.467361,18:28:03,90.833,Y,Y,solar-v1,3b7dc371ebe5931b3336f9982c5806a06a515dc2032569f5da7720470c1ec36c,solar-spec-v1
2022-03-15,5.98,116.01,UTC+8,28800,6.387726,06:23:16,18.465443,18:27:56,90.833,Y,Y,solar-v1,3b7dc371ebe5931b3336f9982c5806a06a515dc2032569f5da7720470c1ec36c,solar-spec-v1
2022-03-16,5.98,116.01,UTC+8,28800,6.380228,06:22:49,18.463439,18:27:48,90.833,Y,Y,solar-v1,3b7dc371ebe5931b3336f9982c5806a06a515dc2032569f5da7720470c1ec36c,solar-spec-v1
2022-03-17,5.98,116.01,UTC+8,28800,6.372645,06:22:22,18.461356,18:27:41,90.833,Y,Y,solar-v1,3b7dc371ebe5931b3336f9982c5806a06a515dc2032569f5da7720470c1ec36c,solar-spec-v1
2022-03-18,5.98,116.01,UTC+8,28800,6.364983,06:21:54,18.459199,18:27:33,90.833,Y,Y,solar-v1,3b7dc371ebe5931b3336f9982c5806a06a515dc2032569f5da7720470c1ec36c,solar-spec-v1
2022-03-19,5.98,116.01,UTC+8,28800,6.357249,06:21:26,18.456974,18:27:25,90.833,Y,Y,solar-v1,3b7dc371ebe5931b3336f9982c5806a06a515dc2032569f5da7720470c1ec36c,solar-spec-v1
2022-03-20,5.98,116.01,UTC+8,28800,6.349449,06:20:58,18.454687,18:27:17,90.833,Y,Y,solar-v1,3b7dc371ebe5931b3336f9982c5806a06a515dc2032569f5da7720470c1ec36c,solar-spec-v1
2022-03-21,5.98,116.01,UTC+8,28800,6.341591,06:20:30,18.452345,18:27:08,90.833,Y,Y,solar-v1,3b7dc371ebe5931b3336f9982c5806a06a515dc2032569f5da7720470c1ec36c,solar-spec-v1
2022-03-22,5.98,116.01,UTC+8,28800,6.333682,06:20:01,18.449953,18:27:00,90.833,Y,Y,solar-v1,3b7dc371ebe5931b3336f9982c5806a06a515dc2032569f5da7720470c1ec36c,solar-spec-v1
2022-03-23,5.98,116.01,UTC+8,28800,6.325729,06:19:33,18.447518,18:26:51,90.833,Y,Y,solar-v1,3b7dc371ebe5931b3336f9982c5806a06a515dc2032569f5da7720470c1ec36c,solar-spec-v1
2022-03-24,5.98,116.01,UTC+8,28800,6.317738,06:19:04,18.445046,18:26:42,90.833,Y,Y,solar-v1,3b7dc371ebe5931b3336f9982c5806a06a515dc2032569f5da7720470c1ec36c,solar-spec-v1
2022-03-25,5.98,116.01,UTC+8,28800,6.309718,06:18:35,18.442543,18:26:33,90.833,Y,Y,solar-v1,3b7dc371ebe5931b3336f9982c5806a06a515dc2032569f5da7720470c1ec36c,solar-spec-v1
2022-03-26,5.98,116.01,UTC+8,28800,6.301674,06:18:06,18.440015,18:26:24,90.833,Y,Y,solar-v1,3b7dc371ebe5931b3336f9982c5806a06a515dc2032569f5da7720470c1ec36c,solar-spec-v1
2022-03-27,5.98,116.01,UTC+8,28800,6.293614,06:17:37,18.437468,18:26:15,90.833,Y,Y,solar-v1,3b7dc371ebe5931b3336f9982c5806a06a515dc2032569f5da7720470c1ec36c,solar-spec-v1
2022-03-28,5.98,116.01,UTC+8,28800,6.285545,06:17:08,18.434909,18:26:06,90.833,Y,Y,solar-v1,3b7dc371ebe5931b3336f9982c5806a06a515dc2032569f5da7720470c1ec36c,solar-spec-v1
2022-03-29,5.98,116.01,UTC+8,28800,6.277474,06:16:39,18.432344,18:25:56,90.833,Y,Y,solar-v1,3b7dc371ebe5931b3336f9982c5806a06a515dc2032569f5da7720470c1ec36c,solar-spec-v1
2022-03-30,5.98,116.01,UTC+8,28800,6.269408,06:16:10,18.429778,18:25:47,90.833,Y,Y,solar-v1,3b7dc371ebe5931b3336f9982c5806a06a515dc2032569f5da7720470c1ec36c,solar-spec-v1
2022-03-31,5.98,116.01,UTC+8,28800,6.261354,06:15:41,18.427218,18:25:38,90.833,Y,Y,solar-v1,3b7dc371ebe5931b3336f9982c5806a06a515dc2032569f5da7720470c1ec36c,solar-spec-v1
2022-04-01,5.98,116.01,UTC+8,28800,6.253319,06:15:12,18.424671,18:25:29,90.833,Y,Y,solar-v1,3b7dc371ebe5931b3336f9982c5806a06a515dc2032569f5da7720470c1ec36c,solar-spec-v1
2022-04-02,5.98,116.01,UTC+8,28800,6.245310,06:14:43,18.422141,18:25:20,90.833,Y,Y,solar-v1,3b7dc371ebe5931b3336f9982c5806a06a515dc2032569f5da7720470c1ec36c,solar-spec-v1
2022-04-03,5.98,116.01,UTC+8,28800,6.237334,06:14:14,18.419635,18:25:11,90.833,Y,Y,solar-v1,3b7dc371ebe5931b3336f9982c5806a06a515dc2032569f5da7720470c1ec36c,solar-spec-v1
2022-04-04,5.98,116.01,UTC+8,28800,6.229397,06:13:46,18.417159,18:25:02,90.833,Y,Y,solar-v1,3b7dc371ebe5931b3336f9982c5806a06a515dc2032569f5da7720470c1ec36c,solar-spec-v1
2022-04-05,5.98,116.01,UTC+8,28800,6.221506,06:13:17,18.414719,18:24:53,90.833,Y,Y,solar-v1,3b7dc371ebe5931b3336f9982c5806a06a515dc2032569f5da7720470c1ec36c,solar-spec-v1
2022-04-06,5.98,116.01,UTC+8,28800,6.213668,06:12:49,18.412319,18:24:44,90.833,Y,Y,solar-v1,3b7dc371ebe5931b3336f9982c5806a06a515dc2032569f5da7720470c1ec36c,solar-spec-v1
2022-04-07,5.98,116.01,UTC+8,28800,6.205890,06:12:21,18.409966,18:24:36,90.833,Y,Y,solar-v1,3b7dc371ebe5931b3336f9982c5806a06a515dc2032569f5da7720470c1ec36c,solar-spec-v1
2022-04-08,5.98,116.01,UTC+8,28800,6.198177,06:11:53,18.407666,18:24:28,90.833,Y,Y,solar-v1,3b7dc371ebe5931b3336f9982c5806a06a515dc2032569f5da7720470c1ec36c,solar-spec-v1
2022-04-09,5.98,116.01,UTC+8,28800,6.190537,06:11:26,18.405422,18:24:20,90.833,Y,Y,solar-v1,3b7dc371ebe5931b3336f9982c5806a06a515dc2032569f5da7720470c1ec36c,solar-spec-v1
2022-04-10,5.98,116.01,UTC+8,28800,6.182975,06:10:59,18.403242,18:24:12,90.833,Y,Y,solar-v1,3b7dc371ebe5931b3336f9982c5806a06a515dc2032569f5da7720470c1ec36c,solar-spec-v1
2022-04-11,5.98,116.01,UTC+8,28800,6.175498,06:10:32,18.401130,18:24:04,90.833,Y,Y,solar-v1,3b7dc371ebe5931b3336f9982c5806a06a515dc2032569f5da7720470c1ec36c,solar-spec-v1
2022-04-12,5.98,116.01,UTC+8,28800,6.168112,06:10:05,18.399090,18:23:57,90.833,Y,Y,solar-v1,3b7dc371ebe5931b3336f9982c5806a06a515dc2032569f5da7720470c1ec36c,solar-spec-v1
2022-04-13,5.98,116.01,UTC+8,28800,6.160823,06:09:39,18.397128,18:23:50,90.833,Y,Y,solar-v1,3b7dc371ebe5931b3336f9982c5806a06a515dc2032569f5da7720470c1ec36c,solar-spec-v1
2022-04-14,5.98,116.01,UTC+8,28800,6.153636,06:09:13,18.395248,18:23:43,90.833,Y,Y,solar-v1,3b7dc371ebe5931b3336f9982c5806a06a515dc2032569f5da7720470c1ec36c,solar-spec-v1
2022-04-15,5.98,116.01,UTC+8,28800,6.146558,06:08:48,18.393456,18:23:36,90.833,Y,Y,solar-v1,3b7dc371ebe5931b3336f9982c5806a06a515dc2032569f5da7720470c1ec36c,solar-spec-v1
2022-04-16,5.98,116.01,UTC+8,28800,6.139593,06:08:23,18.391754,18:23:30,90.833,Y,Y,solar-v1,3b7dc371ebe5931b3336f9982c5806a06a515dc2032569f5da7720470c1ec36c,solar-spec-v1
2022-04-17,5.98,116.01,UTC+8,28800,6.132748,06:07:58,18.390149,18:23:25,90.833,Y,Y,solar-v1,3b7dc371ebe5931b3336f9982c5806a06a515dc2032569f5da7720470c1ec36c,solar-spec-v1
2022-04-18,5.98,116.01,UTC+8,28800,6.126027,06:07:34,18.388642,18:23:19,90.833,Y,Y,solar-v1,3b7dc371ebe5931b3336f9982c5806a06a515dc2032569f5da7720470c1ec36c,solar-spec-v1
2022-04-19,5.98,116.01,UTC+8,28800,6.119436,06:07:10,18.387239,18:23:14,90.833,Y,Y,solar-v1,3b7dc371ebe5931b3336f9982c5806a06a515dc2032569f5da7720470c1ec36c,solar-spec-v1
2022-04-20,5.98,116.01,UTC+8,28800,6.112980,06:06:47,18.385943,18:23:09,90.833,Y,Y,solar-v1,3b7dc371ebe5931b3336f9982c5806a06a515dc2032569f5da7720470c1ec36c,solar-spec-v1
2022-04-21,5.98,116.01,UTC+8,28800,6.106664,06:06:24,18.384758,18:23:05,90.833,Y,Y,solar-v1,3b7dc371ebe5931b3336f9982c5806a06a515dc2032569f5da7720470c1ec36c,solar-spec-v1
2022-04-22,5.98,116.01,UTC+8,28800,6.100491,06:06:02,18.383686,18:23:01,90.833,Y,Y,solar-v1,3b7dc371ebe5931b3336f9982c5806a06a515dc2032569f5da7720470c1ec36c,solar-spec-v1
2022-04-23,5.98,116.01,UTC+8,28800,6.094468,06:05:40,18.382731,18:22:58,90.833,Y,Y,solar-v1,3b7dc371ebe5931b3336f9982c5806a06a515dc2032569f5da7720470c1ec36c,solar-spec-v1
2022-04-24,5.98,116.01,UTC+8,28800,6.088597,06:05:19,18.381896,18:22:55,90.833,Y,Y,solar-v1,3b7dc371ebe5931b3336f9982c5806a06a515dc2032569f5da7720470c1ec36c,solar-spec-v1
2022-04-25,5.98,116.01,UTC+8,28800,6.082884,06:04:58,18.381184,18:22:52,90.833,Y,Y,solar-v1,3b7dc371ebe5931b3336f9982c5806a06a515dc2032569f5da7720470c1ec36c,solar-spec-v1
2022-04-26,5.98,116.01,UTC+8,28800,6.077331,06:04:38,18.380596,18:22:50,90.833,Y,Y,solar-v1,3b7dc371ebe5931b3336f9982c5806a06a515dc2032569f5da7720470c1ec36c,solar-spec-v1
2022-04-27,5.98,116.01,UTC+8,28800,6.071944,06:04:19,18.380135,18:22:48,90.833,Y,Y,solar-v1,3b7dc371ebe5931b3336f9982c5806a06a515dc2032569f5da7720470c1ec36c,solar-spec-v1
2022-04-28,5.98,116.01,UTC+8,28800,6.066725,06:04:00,18.379804,18:22:47,90.833,Y,Y,solar-v1,3b7dc371ebe5931b3336f9982c5806a06a515dc2032569f5da7720470c1ec36c,solar-spec-v1
2022-04-29,5.98,116.01,UTC+8,28800,6.061678,06:03:42,18.379603,18:22:47,90.833,Y,Y,solar-v1,3b7dc371ebe5931b3336f9982c5806a06a515dc2032569f5da7720470c1ec36c,solar-spec-v1
2022-04-30,5.98,116.01,UTC+8,28800,6.056806,06:03:25,18.379535,18:22:46,90.833,Y,Y,solar-v1,3b7dc371ebe5931b3336f9982c5806a06a515dc2032569f5da7720470c1ec36c,solar-spec-v1
2022-05-01,5.98,116.01,UTC+8,28800,6.052112,06:03:08,18.379601,18:22:47,90.833,Y,Y,solar-v1,3b7dc371ebe5931b3336f9982c5806a06a515dc2032569f5da7720470c1ec36c,solar-spec-v1
2022-05-02,5.98,116.01,UTC+8,28800,6.047599,06:02:51,18.379802,18:22:47,90.833,Y,Y,solar-v1,3b7dc371ebe5931b3336f9982c5806a06a515dc2032569f5da7720470c1ec36c,solar-spec-v1
2022-05-03,5.98,116.01,UTC+8,28800,6.043269,06:02:36,18.380139,18:22:49,90.833,Y,Y,solar-v1,3b7dc371ebe5931b3336f9982c5806a06a515dc2032569f5da7720470c1ec36c,solar-spec-v1
2022-05-04,5.98,116.01,UTC+8,28800,6.039126,06:02:21,18.380612,18:22:50,90.833,Y,Y,solar-v1,3b7dc371ebe5931b3336f9982c5806a06a515dc2032569f5da7720470c1ec36c,solar-spec-v1
2022-05-05,5.98,116.01,UTC+8,28800,6.035170,06:02:07,18.381223,18:22:52,90.833,Y,Y,solar-v1,3b7dc371ebe5931b3336f9982c5806a06a515dc2032569f5da7720470c1ec36c,solar-spec-v1
2022-05-06,5.98,116.01,UTC+8,28800,6.031404,06:01:53,18.381970,18:22:55,90.833,Y,Y,solar-v1,3b7dc371ebe5931b3336f9982c5806a06a515dc2032569f5da7720470c1ec36c,solar-spec-v1
2022-05-07,5.98,116.01,UTC+8,28800,6.027831,06:01:40,18.382855,18:22:58,90.833,Y,Y,solar-v1,3b7dc371ebe5931b3336f9982c5806a06a515dc2032569f5da7720470c1ec36c,solar-spec-v1
2022-05-08,5.98,116.01,UTC+8,28800,6.024450,06:01:28,18.383876,18:23:02,90.833,Y,Y,solar-v1,3b7dc371ebe5931b3336f9982c5806a06a515dc2032569f5da7720470c1ec36c,solar-spec-v1
2022-05-09,5.98,116.01,UTC+8,28800,6.021265,06:01:17,18.385034,18:23:06,90.833,Y,Y,solar-v1,3b7dc371ebe5931b3336f9982c5806a06a515dc2032569f5da7720470c1ec36c,solar-spec-v1
2022-05-10,5.98,116.01,UTC+8,28800,6.018275,06:01:06,18.386328,18:23:11,90.833,Y,Y,solar-v1,3b7dc371ebe5931b3336f9982c5806a06a515dc2032569f5da7720470c1ec36c,solar-spec-v1
2022-05-11,5.98,116.01,UTC+8,28800,6.015482,06:00:56,18.387756,18:23:16,90.833,Y,Y,solar-v1,3b7dc371ebe5931b3336f9982c5806a06a515dc2032569f5da7720470c1ec36c,solar-spec-v1
2022-05-12,5.98,116.01,UTC+8,28800,6.012886,06:00:46,18.389318,18:23:22,90.833,Y,Y,solar-v1,3b7dc371ebe5931b3336f9982c5806a06a515dc2032569f5da7720470c1ec36c,solar-spec-v1
2022-05-13,5.98,116.01,UTC+8,28800,6.010488,06:00:38,18.391011,18:23:28,90.833,Y,Y,solar-v1,3b7dc371ebe5931b3336f9982c5806a06a515dc2032569f5da7720470c1ec36c,solar-spec-v1
2022-05-14,5.98,116.01,UTC+8,28800,6.008289,06:00:30,18.392835,18:23:34,90.833,Y,Y,solar-v1,3b7dc371ebe5931b3336f9982c5806a06a515dc2032569f5da7720470c1ec36c,solar-spec-v1
2022-05-15,5.98,116.01,UTC+8,28800,6.006288,06:00:23,18.394787,18:23:41,90.833,Y,Y,solar-v1,3b7dc371ebe5931b3336f9982c5806a06a515dc2032569f5da7720470c1ec36c,solar-spec-v1
2022-05-16,5.98,116.01,UTC+8,28800,6.004485,06:00:16,18.396866,18:23:49,90.833,Y,Y,solar-v1,3b7dc371ebe5931b3336f9982c5806a06a515dc2032569f5da7720470c1ec36c,solar-spec-v1
2022-05-17,5.98,116.01,UTC+8,28800,6.002880,06:00:10,18.399069,18:23:57,90.833,Y,Y,solar-v1,3b7dc371ebe5931b3336f9982c5806a06a515dc2032569f5da7720470c1ec36c,solar-spec-v1
2022-05-18,5.98,116.01,UTC+8,28800,6.001472,06:00:05,18.401393,18:24:05,90.833,Y,Y,solar-v1,3b7dc371ebe5931b3336f9982c5806a06a515dc2032569f5da7720470c1ec36c,solar-spec-v1
2022-05-19,5.98,116.01,UTC+8,28800,6.000260,06:00:01,18.403835,18:24:14,90.833,Y,Y,solar-v1,3b7dc371ebe5931b3336f9982c5806a06a515dc2032569f5da7720470c1ec36c,solar-spec-v1
2022-05-20,5.98,116.01,UTC+8,28800,5.999244,05:59:57,18.406394,18:24:23,90.833,Y,Y,solar-v1,3b7dc371ebe5931b3336f9982c5806a06a515dc2032569f5da7720470c1ec36c,solar-spec-v1
2022-05-21,5.98,116.01,UTC+8,28800,5.998422,05:59:54,18.409065,18:24:33,90.833,Y,Y,solar-v1,3b7dc371ebe5931b3336f9982c5806a06a515dc2032569f5da7720470c1ec36c,solar-spec-v1
2022-05-22,5.98,116.01,UTC+8,28800,5.997793,05:59:52,18.411845,18:24:43,90.833,Y,Y,solar-v1,3b7dc371ebe5931b3336f9982c5806a06a515dc2032569f5da7720470c1ec36c,solar-spec-v1
2022-05-23,5.98,116.01,UTC+8,28800,5.997354,05:59:50,18.414731,18:24:53,90.833,Y,Y,solar-v1,3b7dc371ebe5931b3336f9982c5806a06a515dc2032569f5da7720470c1ec36c,solar-spec-v1
2022-05-24,5.98,116.01,UTC+8,28800,5.997105,05:59:50,18.417718,18:25:04,90.833,Y,Y,solar-v1,3b7dc371ebe5931b3336f9982c5806a06a515dc2032569f5da7720470c1ec36c,solar-spec-v1
2022-05-25,5.98,116.01,UTC+8,28800,5.997043,05:59:49,18.420804,18:25:15,90.833,Y,Y,solar-v1,3b7dc371ebe5931b3336f9982c5806a06a515dc2032569f5da7720470c1ec36c,solar-spec-v1
2022-05-26,5.98,116.01,UTC+8,28800,5.997166,05:59:50,18.423983,18:25:26,90.833,Y,Y,solar-v1,3b7dc371ebe5931b3336f9982c5806a06a515dc2032569f5da7720470c1ec36c,solar-spec-v1
2022-05-27,5.98,116.01,UTC+8,28800,5.997471,05:59:51,18.427251,18:25:38,90.833,Y,Y,solar-v1,3b7dc371ebe5931b3336f9982c5806a06a515dc2032569f5da7720470c1ec36c,solar-spec-v1
2022-05-28,5.98,116.01,UTC+8,28800,5.997956,05:59:53,18.430605,18:25:50,90.833,Y,Y,solar-v1,3b7dc371ebe5931b3336f9982c5806a06a515dc2032569f5da7720470c1ec36c,solar-spec-v1
2022-05-29,5.98,116.01,UTC+8,28800,5.998618,05:59:55,18.434039,18:26:03,90.833,Y,Y,solar-v1,3b7dc371ebe5931b3336f9982c5806a06a515dc2032569f5da7720470c1ec36c,solar-spec-v1
2022-05-30,5.98,116.01,UTC+8,28800,5.999454,05:59:58,18.437548,18:26:15,90.833,Y,Y,solar-v1,3b7dc371ebe5931b3336f9982c5806a06a515dc2032569f5da7720470c1ec36c,solar-spec-v1
2022-05-31,5.98,116.01,UTC+8,28800,6.000460,06:00:02,18.441129,18:26:28,90.833,Y,Y,solar-v1,3b7dc371ebe5931b3336f9982c5806a06a515dc2032569f5da7720470c1ec36c,solar-spec-v1
2022-06-01,5.98,116.01,UTC+8,28800,6.001634,06:00:06,18.444774,18:26:41,90.833,Y,Y,solar-v1,3b7dc371ebe5931b3336f9982c5806a06a515dc2032569f5da7720470c1ec36c,solar-spec-v1
2022-06-02,5.98,116.01,UTC+8,28800,6.002972,06:00:11,18.448480,18:26:55,90.833,Y,Y,solar-v1,3b7dc371ebe5931b3336f9982c5806a06a515dc2032569f5da7720470c1ec36c,solar-spec-v1
2022-06-03,5.98,116.01,UTC+8,28800,6.004469,06:00:16,18.452241,18:27:08,90.833,Y,Y,solar-v1,3b7dc371ebe5931b3336f9982c5806a06a515dc2032569f5da7720470c1ec36c,solar-spec-v1
2022-06-04,5.98,116.01,UTC+8,28800,6.006122,06:00:22,18.456052,18:27:22,90.833,Y,Y,solar-v1,3b7dc371ebe5931b3336f9982c5806a06a515dc2032569f5da7720470c1ec36c,solar-spec-v1
2022-06-05,5.98,116.01,UTC+8,28800,6.007928,06:00:29,18.459907,18:27:36,90.833,Y,Y,solar-v1,3b7dc371ebe5931b3336f9982c5806a06a515dc2032569f5da7720470c1ec36c,solar-spec-v1
2022-06-06,5.98,116.01,UTC+8,28800,6.009881,06:00:36,18.463800,18:27:50,90.833,Y,Y,solar-v1,3b7dc371ebe5931b3336f9982c5806a06a515dc2032569f5da7720470c1ec36c,solar-spec-v1
2022-06-07,5.98,116.01,UTC+8,28800,6.011977,06:00:43,18.467726,18:28:04,90.833,Y,Y,solar-v1,3b7dc371ebe5931b3336f9982c5806a06a515dc2032569f5da7720470c1ec36c,solar-spec-v1
2022-06-08,5.98,116.01,UTC+8,28800,6.014211,06:00:51,18.471678,18:28:18,90.833,Y,Y,solar-v1,3b7dc371ebe5931b3336f9982c5806a06a515dc2032569f5da7720470c1ec36c,solar-spec-v1
2022-06-09,5.98,116.01,UTC+8,28800,6.016580,06:01:00,18.475651,18:28:32,90.833,Y,Y,solar-v1,3b7dc371ebe5931b3336f9982c5806a06a515dc2032569f5da7720470c1ec36c,solar-spec-v1
2022-06-10,5.98,116.01,UTC+8,28800,6.019077,06:01:09,18.479639,18:28:47,90.833,Y,Y,solar-v1,3b7dc371ebe5931b3336f9982c5806a06a515dc2032569f5da7720470c1ec36c,solar-spec-v1
2022-06-11,5.98,116.01,UTC+8,28800,6.021699,06:01:18,18.483636,18:29:01,90.833,Y,Y,solar-v1,3b7dc371ebe5931b3336f9982c5806a06a515dc2032569f5da7720470c1ec36c,solar-spec-v1
2022-06-12,5.98,116.01,UTC+8,28800,6.024439,06:01:28,18.487636,18:29:15,90.833,Y,Y,solar-v1,3b7dc371ebe5931b3336f9982c5806a06a515dc2032569f5da7720470c1ec36c,solar-spec-v1
2022-06-13,5.98,116.01,UTC+8,28800,6.027293,06:01:38,18.491632,18:29:30,90.833,Y,Y,solar-v1,3b7dc371ebe5931b3336f9982c5806a06a515dc2032569f5da7720470c1ec36c,solar-spec-v1
2022-06-14,5.98,116.01,UTC+8,28800,6.030255,06:01:49,18.495618,18:29:44,90.833,Y,Y,solar-v1,3b7dc371ebe5931b3336f9982c5806a06a515dc2032569f5da7720470c1ec36c,solar-spec-v1
2022-06-15,5.98,116.01,UTC+8,28800,6.033320,06:02:00,18.499588,18:29:59,90.833,Y,Y,solar-v1,3b7dc371ebe5931b3336f9982c5806a06a515dc2032569f5da7720470c1ec36c,solar-spec-v1
2022-06-16,5.98,116.01,UTC+8,28800,6.036482,06:02:11,18.503537,18:30:13,90.833,Y,Y,solar-v1,3b7dc371ebe5931b3336f9982c5806a06a515dc2032569f5da7720470c1ec36c,solar-spec-v1
2022-06-17,5.98,116.01,UTC+8,28800,6.039736,06:02:23,18.507457,18:30:27,90.833,Y,Y,solar-v1,3b7dc371ebe5931b3336f9982c5806a06a515dc2032569f5da7720470c1ec36c,solar-spec-v1
2022-06-18,5.98,116.01,UTC+8,28800,6.043075,06:02:35,18.511342,18:30:41,90.833,Y,Y,solar-v1,3b7dc371ebe5931b3336f9982c5806a06a515dc2032569f5da7720470c1ec36c,solar-spec-v1
2022-06-19,5.98,116.01,UTC+8,28800,6.046494,06:02:47,18.515186,18:30:55,90.833,Y,Y,solar-v1,3b7dc371ebe5931b3336f9982c5806a06a515dc2032569f5da7720470c1ec36c,solar-spec-v1
2022-06-20,5.98,116.01,UTC+8,28800,6.049987,06:03:00,18.518983,18:31:08,90.833,Y,Y,solar-v1,3b7dc371ebe5931b3336f9982c5806a06a515dc2032569f5da7720470c1ec36c,solar-spec-v1
2022-06-21,5.98,116.01,UTC+8,28800,6.053548,06:03:13,18.522727,18:31:22,90.833,Y,Y,solar-v1,3b7dc371ebe5931b3336f9982c5806a06a515dc2032569f5da7720470c1ec36c,solar-spec-v1
2022-06-22,5.98,116.01,UTC+8,28800,6.057170,06:03:26,18.526411,18:31:35,90.833,Y,Y,solar-v1,3b7dc371ebe5931b3336f9982c5806a06a515dc2032569f5da7720470c1ec36c,solar-spec-v1
2022-06-23,5.98,116.01,UTC+8,28800,6.060848,06:03:39,18.530029,18:31:48,90.833,Y,Y,solar-v1,3b7dc371ebe5931b3336f9982c5806a06a515dc2032569f5da7720470c1ec36c,solar-spec-v1
2022-06-24,5.98,116.01,UTC+8,28800,6.064575,06:03:52,18.533576,18:32:01,90.833,Y,Y,solar-v1,3b7dc371ebe5931b3336f9982c5806a06a515dc2032569f5da7720470c1ec36c,solar-spec-v1
2022-06-25,5.98,116.01,UTC+8,28800,6.068345,06:04:06,18.537045,18:32:13,90.833,Y,Y,solar-v1,3b7dc371ebe5931b3336f9982c5806a06a515dc2032569f5da7720470c1ec36c,solar-spec-v1
2022-06-26,5.98,116.01,UTC+8,28800,6.072153,06:04:20,18.540429,18:32:26,90.833,Y,Y,solar-v1,3b7dc371ebe5931b3336f9982c5806a06a515dc2032569f5da7720470c1ec36c,solar-spec-v1
2022-06-27,5.98,116.01,UTC+8,28800,6.075991,06:04:34,18.543724,18:32:37,90.833,Y,Y,solar-v1,3b7dc371ebe5931b3336f9982c5806a06a515dc2032569f5da7720470c1ec36c,solar-spec-v1
2022-06-28,5.98,116.01,UTC+8,28800,6.079853,06:04:47,18.546923,18:32:49,90.833,Y,Y,solar-v1,3b7dc371ebe5931b3336f9982c5806a06a515dc2032569f5da7720470c1ec36c,solar-spec-v1
2022-06-29,5.98,116.01,UTC+8,28800,6.083733,06:05:01,18.550021,18:33:00,90.833,Y,Y,solar-v1,3b7dc371ebe5931b3336f9982c5806a06a515dc2032569f5da7720470c1ec36c,solar-spec-v1
2022-06-30,5.98,116.01,UTC+8,28800,6.087625,06:05:15,18.553011,18:33:11,90.833,Y,Y,solar-v1,3b7dc371ebe5931b3336f9982c5806a06a515dc2032569f5da7720470c1ec36c,solar-spec-v1
2022-07-01,5.98,116.01,UTC+8,28800,6.091522,06:05:29,18.555889,18:33:21,90.833,Y,Y,solar-v1,3b7dc371ebe5931b3336f9982c5806a06a515dc2032569f5da7720470c1ec36c,solar-spec-v1
2022-07-02,5.98,116.01,UTC+8,28800,6.095418,06:05:44,18.558648,18:33:31,90.833,Y,Y,solar-v1,3b7dc371ebe5931b3336f9982c5806a06a515dc2032569f5da7720470c1ec36c,solar-spec-v1
2022-07-03,5.98,116.01,UTC+8,28800,6.099307,06:05:58,18.561284,18:33:41,90.833,Y,Y,solar-v1,3b7dc371ebe5931b3336f9982c5806a06a515dc2032569f5da7720470c1ec36c,solar-spec-v1
2022-07-04,5.98,116.01,UTC+8,28800,6.103183,06:06:11,18.563791,18:33:50,90.833,Y,Y,solar-v1,3b7dc371ebe5931b3336f9982c5806a06a515dc2032569f5da7720470c1ec36c,solar-spec-v1
2022-07-05,5.98,116.01,UTC+8,28800,6.107039,06:06:25,18.566164,18:33:58,90.833,Y,Y,solar-v1,3b7dc371ebe5931b3336f9982c5806a06a515dc2032569f5da7720470c1ec36c,solar-spec-v1
2022-07-06,5.98,116.01,UTC+8,28800,6.110870,06:06:39,18.568398,18:34:06,90.833,Y,Y,solar-v1,3b7dc371ebe5931b3336f9982c5806a06a515dc2032569f5da7720470c1ec36c,solar-spec-v1
2022-07-07,5.98,116.01,UTC+8,28800,6.114669,06:06:53,18.570487,18:34:14,90.833,Y,Y,solar-v1,3b7dc371ebe5931b3336f9982c5806a06a515dc2032569f5da7720470c1ec36c,solar-spec-v1
2022-07-08,5.98,116.01,UTC+8,28800,6.118430,06:07:06,18.572428,18:34:21,90.833,Y,Y,solar-v1,3b7dc371ebe5931b3336f9982c5806a06a515dc2032569f5da7720470c1ec36c,solar-spec-v1
2022-07-09,5.98,116.01,UTC+8,28800,6.122148,06:07:20,18.574216,18:34:27,90.833,Y,Y,solar-v1,3b7dc371ebe5931b3336f9982c5806a06a515dc2032569f5da7720470c1ec36c,solar-spec-v1
2022-07-10,5.98,116.01,UTC+8,28800,6.125816,06:07:33,18.575846,18:34:33,90.833,Y,Y,solar-v1,3b7dc371ebe5931b3336f9982c5806a06a515dc2032569f5da7720470c1ec36c,solar-spec-v1
2022-07-11,5.98,116.01,UTC+8,28800,6.129429,06:07:46,18.577314,18:34:38,90.833,Y,Y,solar-v1,3b7dc371ebe5931b3336f9982c5806a06a515dc2032569f5da7720470c1ec36c,solar-spec-v1
2022-07-12,5.98,116.01,UTC+8,28800,6.132981,06:07:59,18.578616,18:34:43,90.833,Y,Y,solar-v1,3b7dc371ebe5931b3336f9982c5806a06a515dc2032569f5da7720470c1ec36c,solar-spec-v1
2022-07-13,5.98,116.01,UTC+8,28800,6.136466,06:08:11,18.579748,18:34:47,90.833,Y,Y,solar-v1,3b7dc371ebe5931b3336f9982c5806a06a515dc2032569f5da7720470c1ec36c,solar-spec-v1
2022-07-14,5.98,116.01,UTC+8,28800,6.139880,06:08:24,18.580706,18:34:51,90.833,Y,Y,solar-v1,3b7dc371ebe5931b3336f9982c5806a06a515dc2032569f5da7720470c1ec36c,solar-spec-v1
2022-07-15,5.98,116.01,UTC+8,28800,6.143217,06:08:36,18.581486,18:34:53,90.833,Y,Y,solar-v1,3b7dc371ebe5931b3336f9982c5806a06a515dc2032569f5da7720470c1ec36c,solar-spec-v1
2022-07-16,5.98,116.01,UTC+8,28800,6.146472,06:08:47,18.582085,18:34:56,90.833,Y,Y,solar-v1,3b7dc371ebe5931b3336f9982c5806a06a515dc2032569f5da7720470c1ec36c,solar-spec-v1
2022-07-17,5.98,116.01,UTC+8,28800,6.149639,06:08:59,18.582500,18:34:57,90.833,Y,Y,solar-v1,3b7dc371ebe5931b3336f9982c5806a06a515dc2032569f5da7720470c1ec36c,solar-spec-v1
2022-07-18,5.98,116.01,UTC+8,28800,6.152715,06:09:10,18.582728,18:34:58,90.833,Y,Y,solar-v1,3b7dc371ebe5931b3336f9982c5806a06a515dc2032569f5da7720470c1ec36c,solar-spec-v1
2022-07-19,5.98,116.01,UTC+8,28800,6.155693,06:09:20,18.582765,18:34:58,90.833,Y,Y,solar-v1,3b7dc371ebe5931b3336f9982c5806a06a515dc2032569f5da7720470c1ec36c,solar-spec-v1
2022-07-20,5.98,116.01,UTC+8,28800,6.158571,06:09:31,18.582610,18:34:57,90.833,Y,Y,solar-v1,3b7dc371ebe5931b3336f9982c5806a06a515dc2032569f5da7720470c1ec36c,solar-spec-v1
2022-07-21,5.98,116.01,UTC+8,28800,6.161343,06:09:41,18.582259,18:34:56,90.833,Y,Y,solar-v1,3b7dc371ebe5931b3336f9982c5806a06a515dc2032569f5da7720470c1ec36c,solar-spec-v1
2022-07-22,5.98,116.01,UTC+8,28800,6.164004,06:09:50,18.581710,18:34:54,90.833,Y,Y,solar-v1,3b7dc371ebe5931b3336f9982c5806a06a515dc2032569f5da7720470c1ec36c,solar-spec-v1
2022-07-23,5.98,116.01,UTC+8,28800,6.166552,06:10:00,18.580962,18:34:51,90.833,Y,Y,solar-v1,3b7dc371ebe5931b3336f9982c5806a06a515dc2032569f5da7720470c1ec36c,solar-spec-v1
2022-07-24,5.98,116.01,UTC+8,28800,6.168983,06:10:08,18.580011,18:34:48,90.833,Y,Y,solar-v1,3b7dc371ebe5931b3336f9982c5806a06a515dc2032569f5da7720470c1ec36c,solar-spec-v1
2022-07-25,5.98,116.01,UTC+8,28800,6.171292,06:10:17,18.578857,18:34:44,90.833,Y,Y,solar-v1,3b7dc371ebe5931b3336f9982c5806a06a515dc2032569f5da7720470c1ec36c,solar-spec-v1
2022-07-26,5.98,116.01,UTC+8,28800,6.173476,06:10:25,18.577499,18:34:39,90.833,Y,Y,solar-v1,3b7dc371ebe5931b3336f9982c5806a06a515dc2032569f5da7720470c1ec36c,solar-spec-v1
2022-07-27,5.98,116.01,UTC+8,28800,6.175532,06:10:32,18.575934,18:34:33,90.833,Y,Y,solar-v1,3b7dc371ebe5931b3336f9982c5806a06a515dc2032569f5da7720470c1ec36c,solar-spec-v1
2022-07-28,5.98,116.01,UTC+8,28800,6.177457,06:10:39,18.574161,18:34:27,90.833,Y,Y,solar-v1,3b7dc371ebe5931b3336f9982c5806a06a515dc2032569f5da7720470c1ec36c,solar-spec-v1
2022-07-29,5.98,116.01,UTC+8,28800,6.179248,06:10:45,18.572181,18:34:20,90.833,Y,Y,solar-v1,3b7dc371ebe5931b3336f9982c5806a06a515dc2032569f5da7720470c1ec36c,solar-spec-v1
2022-07-30,5.98,116.01,UTC+8,28800,6.180902,06:10:51,18.569992,18:34:12,90.833,Y,Y,solar-v1,3b7dc371ebe5931b3336f9982c5806a06a515dc2032569f5da7720470c1ec36c,solar-spec-v1
2022-07-31,5.98,116.01,UTC+8,28800,6.182418,06:10:57,18.567593,18:34:03,90.833,Y,Y,solar-v1,3b7dc371ebe5931b3336f9982c5806a06a515dc2032569f5da7720470c1ec36c,solar-spec-v1
2022-08-01,5.98,116.01,UTC+8,28800,6.183792,06:11:02,18.564985,18:33:54,90.833,Y,Y,solar-v1,3b7dc371ebe5931b3336f9982c5806a06a515dc2032569f5da7720470c1ec36c,solar-spec-v1
2022-08-02,5.98,116.01,UTC+8,28800,6.185024,06:11:06,18.562168,18:33:44,90.833,Y,Y,solar-v1,3b7dc371ebe5931b3336f9982c5806a06a515dc2032569f5da7720470c1ec36c,solar-spec-v1
2022-08-03,5.98,116.01,UTC+8,28800,6.186111,06:11:10,18.559142,18:33:33,90.833,Y,Y,solar-v1,3b7dc371ebe5931b3336f9982c5806a06a515dc2032569f5da7720470c1ec36c,solar-spec-v1
2022-08-04,5.98,116.01,UTC+8,28800,6.187051,06:11:13,18.555906,18:33:21,90.833,Y,Y,solar-v1,3b7dc371ebe5931b3336f9982c5806a06a515dc2032569f5da7720470c1ec36c,solar-spec-v1
2022-08-05,5.98,116.01,UTC+8,28800,6.187844,06:11:16,18.552463,18:33:09,90.833,Y,Y,solar-v1,3b7dc371ebe5931b3336f9982c5806a06a515dc2032569f5da7720470c1ec36c,solar-spec-v1
2022-08-06,5.98,116.01,UTC+8,28800,6.188489,06:11:19,18.548812,18:32:56,90.833,Y,Y,solar-v1,3b7dc371ebe5931b3336f9982c5806a06a515dc2032569f5da7720470c1ec36c,solar-spec-v1
2022-08-07,5.98,116.01,UTC+8,28800,6.188985,06:11:20,18.544956,18:32:42,90.833,Y,Y,solar-v1,3b7dc371ebe5931b3336f9982c5806a06a515dc2032569f5da7720470c1ec36c,solar-spec-v1
2022-08-08,5.98,116.01,UTC+8,28800,6.189330,06:11:22,18.540894,18:32:27,90.833,Y,Y,solar-v1,3b7dc371ebe5931b3336f9982c5806a06a515dc2032569f5da7720470c1ec36c,solar-spec-v1
2022-08-09,5.98,116.01,UTC+8,28800,6.189526,06:11:22,18.536629,18:32:12,90.833,Y,Y,solar-v1,3b7dc371ebe5931b3336f9982c5806a06a515dc2032569f5da7720470c1ec36c,solar-spec-v1
2022-08-10,5.98,116.01,UTC+8,28800,6.189571,06:11:22,18.532163,18:31:56,90.833,Y,Y,solar-v1,3b7dc371ebe5931b3336f9982c5806a06a515dc2032569f5da7720470c1ec36c,solar-spec-v1
2022-08-11,5.98,116.01,UTC+8,28800,6.189467,06:11:22,18.527497,18:31:39,90.833,Y,Y,solar-v1,3b7dc371ebe5931b3336f9982c5806a06a515dc2032569f5da7720470c1ec36c,solar-spec-v1
2022-08-12,5.98,116.01,UTC+8,28800,6.189213,06:11:21,18.522633,18:31:21,90.833,Y,Y,solar-v1,3b7dc371ebe5931b3336f9982c5806a06a515dc2032569f5da7720470c1ec36c,solar-spec-v1
2022-08-13,5.98,116.01,UTC+8,28800,6.188810,06:11:20,18.517574,18:31:03,90.833,Y,Y,solar-v1,3b7dc371ebe5931b3336f9982c5806a06a515dc2032569f5da7720470c1ec36c,solar-spec-v1
2022-08-14,5.98,116.01,UTC+8,28800,6.188259,06:11:18,18.512323,18:30:44,90.833,Y,Y,solar-v1,3b7dc371ebe5931b3336f9982c5806a06a515dc2032569f5da7720470c1ec36c,solar-spec-v1
2022-08-15,5.98,116.01,UTC+8,28800,6.187561,06:11:15,18.506882,18:30:25,90.833,Y,Y,solar-v1,3b7dc371ebe5931b3336f9982c5806a06a515dc2032569f5da7720470c1ec36c,solar-spec-v1
2022-08-16,5.98,116.01,UTC+8,28800,6.186718,06:11:12,18.501255,18:30:05,90.833,Y,Y,solar-v1,3b7dc371ebe5931b3336f9982c5806a06a515dc2032569f5da7720470c1ec36c,solar-spec-v1
2022-08-17,5.98,116.01,UTC+8,28800,6.185731,06:11:09,18.495444,18:29:44,90.833,Y,Y,solar-v1,3b7dc371ebe5931b3336f9982c5806a06a515dc2032569f5da7720470c1ec36c,solar-spec-v1
2022-08-18,5.98,116.01,UTC+8,28800,6.184602,06:11:05,18.489453,18:29:22,90.833,Y,Y,solar-v1,3b7dc371ebe5931b3336f9982c5806a06a515dc2032569f5da7720470c1ec36c,solar-spec-v1
2022-08-19,5.98,116.01,UTC+8,28800,6.183333,06:11:00,18.483285,18:29:00,90.833,Y,Y,solar-v1,3b7dc371ebe5931b3336f9982c5806a06a515dc2032569f5da7720470c1ec36c,solar-spec-v1
2022-08-20,5.98,116.01,UTC+8,28800,6.181926,06:10:55,18.476944,18:28:37,90.833,Y,Y,solar-v1,3b7dc371ebe5931b3336f9982c5806a06a515dc2032569f5da7720470c1ec36c,solar-spec-v1
2022-08-21,5.98,116.01,UTC+8,28800,6.180384,06:10:49,18.470435,18:28:14,90.833,Y,Y,solar-v1,3b7dc371ebe5931b3336f9982c5806a06a515dc2032569f5da7720470c1ec36c,solar-spec-v1
2022-08-22,5.98,116.01,UTC+8,28800,6.178710,06:10:43,18.463761,18:27:50,90.833,Y,Y,solar-v1,3b7dc371ebe5931b3336f9982c5806a06a515dc2032569f5da7720470c1ec36c,solar-spec-v1
2022-08-23,5.98,116.01,UTC+8,28800,6.176906,06:10:37,18.456927,18:27:25,90.833,Y,Y,solar-v1,3b7dc371ebe5931b3336f9982c5806a06a515dc2032569f5da7720470c1ec36c,solar-spec-v1
2022-08-24,5.98,116.01,UTC+8,28800,6.174975,06:10:30,18.449937,18:27:00,90.833,Y,Y,solar-v1,3b7dc371ebe5931b3336f9982c5806a06a515dc2032569f5da7720470c1ec36c,solar-spec-v1
2022-08-25,5.98,116.01,UTC+8,28800,6.172922,06:10:23,18.442796,18:26:34,90.833,Y,Y,solar-v1,3b7dc371ebe5931b3336f9982c5806a06a515dc2032569f5da7720470c1ec36c,solar-spec-v1
2022-08-26,5.98,116.01,UTC+8,28800,6.170749,06:10:15,18.435509,18:26:08,90.833,Y,Y,solar-v1,3b7dc371ebe5931b3336f9982c5806a06a515dc2032569f5da7720470c1ec36c,solar-spec-v1
2022-08-27,5.98,116.01,UTC+8,28800,6.168460,06:10:06,18.428081,18:25:41,90.833,Y,Y,solar-v1,3b7dc371ebe5931b3336f9982c5806a06a515dc2032569f5da7720470c1ec36c,solar-spec-v1
2022-08-28,5.98,116.01,UTC+8,28800,6.166060,06:09:58,18.420516,18:25:14,90.833,Y,Y,solar-v1,3b7dc371ebe5931b3336f9982c5806a06a515dc2032569f5da7720470c1ec36c,solar-spec-v1
2022-08-29,5.98,116.01,UTC+8,28800,6.163552,06:09:49,18.412821,18:24:46,90.833,Y,Y,solar-v1,3b7dc371ebe5931b3336f9982c5806a06a515dc2032569f5da7720470c1ec36c,solar-spec-v1
2022-08-30,5.98,116.01,UTC+8,28800,6.160941,06:09:39,18.405001,18:24:18,90.833,Y,Y,solar-v1,3b7dc371ebe5931b3336f9982c5806a06a515dc2032569f5da7720470c1ec36c,solar-spec-v1
2022-08-31,5.98,116.01,UTC+8,28800,6.158231,06:09:30,18.397062,18:23:49,90.833,Y,Y,solar-v1,3b7dc371ebe5931b3336f9982c5806a06a515dc2032569f5da7720470c1ec36c,solar-spec-v1
2022-09-01,5.98,116.01,UTC+8,28800,6.155427,06:09:20,18.389009,18:23:20,90.833,Y,Y,solar-v1,3b7dc371ebe5931b3336f9982c5806a06a515dc2032569f5da7720470c1ec36c,solar-spec-v1
2022-09-02,5.98,116.01,UTC+8,28800,6.152533,06:09:09,18.380848,18:22:51,90.833,Y,Y,solar-v1,3b7dc371ebe5931b3336f9982c5806a06a515dc2032569f5da7720470c1ec36c,solar-spec-v1
2022-09-03,5.98,116.01,UTC+8,28800,6.149555,06:08:58,18.372586,18:22:21,90.833,Y,Y,solar-v1,3b7dc371ebe5931b3336f9982c5806a06a515dc2032569f5da7720470c1ec36c,solar-spec-v1
2022-09-04,5.98,116.01,UTC+8,28800,6.146498,06:08:47,18.364228,18:21:51,90.833,Y,Y,solar-v1,3b7dc371ebe5931b3336f9982c5806a06a515dc2032569f5da7720470c1ec36c,solar-spec-v1
2022-09-05,5.98,116.01,UTC+8,28800,6.143368,06:08:36,18.355780,18:21:21,90.833,Y,Y,solar-v1,3b7dc371ebe5931b3336f9982c5806a06a515dc2032569f5da7720470c1ec36c,solar-spec-v1
2022-09-06,5.98,116.01,UTC+8,28800,6.140168,06:08:25,18.347250,18:20:50,90.833,Y,Y,solar-v1,3b7dc371ebe5931b3336f9982c5806a06a515dc2032569f5da7720470c1ec36c,solar-spec-v1
2022-09-07,5.98,116.01,UTC+8,28800,6.136906,06:08:13,18.338644,18:20:19,90.833,Y,Y,solar-v1,3b7dc371ebe5931b3336f9982c5806a06a515dc2032569f5da7720470c1ec36c,solar-spec-v1
2022-09-08,5.98,116.01,UTC+8,28800,6.133587,06:08:01,18.329968,18:19:48,90.833,Y,Y,solar-v1,3b7dc371ebe5931b3336f9982c5806a06a515dc2032569f5da7720470c1ec36c,solar-spec-v1
2022-09-09,5.98,116.01,UTC+8,28800,6.130216,06:07:49,18.321230,18:19:16,90.833,Y,Y,solar-v1,3b7dc371ebe5931b3336f9982c5806a06a515dc2032569f5da7720470c1ec36c,solar-spec-v1
2022-09-10,5.98,116.01,UTC+8,28800,6.126800,06:07:36,18.312435,18:18:45,90.833,Y,Y,solar-v1,3b7dc371ebe5931b3336f9982c5806a06a515dc2032569f5da7720470c1ec36c,solar-spec-v1
2022-09-11,5.98,116.01,UTC+8,28800,6.123343,06:07:24,18.303591,18:18:13,90.833,Y,Y,solar-v1,3b7dc371ebe5931b3336f9982c5806a06a515dc2032569f5da7720470c1ec36c,solar-spec-v1
2022-09-12,5.98,116.01,UTC+8,28800,6.119854,06:07:11,18.294705,18:17:41,90.833,Y,Y,solar-v1,3b7dc371ebe5931b3336f9982c5806a06a515dc2032569f5da7720470c1ec36c,solar-spec-v1
2022-09-13,5.98,116.01,UTC+8,28800,6.116337,06:06:59,18.285783,18:17:09,90.833,Y,Y,solar-v1,3b7dc371ebe5931b3336f9982c5806a06a515dc2032569f5da7720470c1ec36c,solar-spec-v1
2022-09-14,5.98,116.01,UTC+8,28800,6.112799,06:06:46,18.276833,18:16:37,90.833,Y,Y,solar-v1,3b7dc371ebe5931b3336f9982c5806a06a515dc2032569f5da7720470c1ec36c,solar-spec-v1
2022-09-15,5.98,116.01,UTC+8,28800,6.109246,06:06:33,18.267863,18:16:04,90.833,Y,Y,solar-v1,3b7dc371ebe5931b3336f9982c5806a06a515dc2032569f5da7720470c1ec36c,solar-spec-v1
2022-09-16,5.98,116.01,UTC+8,28800,6.105684,06:06:20,18.258878,18:15:32,90.833,Y,Y,solar-v1,3b7dc371ebe5931b3336f9982c5806a06a515dc2032569f5da7720470c1ec36c,solar-spec-v1
2022-09-17,5.98,116.01,UTC+8,28800,6.102121,06:06:08,18.249887,18:15:00,90.833,Y,Y,solar-v1,3b7dc371ebe5931b3336f9982c5806a06a515dc2032569f5da7720470c1ec36c,solar-spec-v1
2022-09-18,5.98,116.01,UTC+8,28800,6.098562,06:05:55,18.240896,18:14:27,90.833,Y,Y,solar-v1,3b7dc371ebe5931b3336f9982c5806a06a515dc2032569f5da7720470c1ec36c,solar-spec-v1
2022-09-19,5.98,116.01,UTC+8,28800,6.095013,06:05:42,18.231914,18:13:55,90.833,Y,Y,solar-v1,3b7dc371ebe5931b3336f9982c5806a06a515dc2032569f5da7720470c1ec36c,solar-spec-v1
2022-09-20,5.98,116.01,UTC+8,28800,6.091482,06:05:29,18.222946,18:13:23,90.833,Y,Y,solar-v1,3b7dc371ebe5931b3336f9982c5806a06a515dc2032569f5da7720470c1ec36c,solar-spec-v1
2022-09-21,5.98,116.01,UTC+8,28800,6.087975,06:05:17,18.214002,18:12:50,90.833,Y,Y,solar-v1,3b7dc371ebe5931b3336f9982c5806a06a515dc2032569f5da7720470c1ec36c,solar-spec-v1
2022-09-22,5.98,116.01,UTC+8,28800,6.084498,06:05:04,18.205087,18:12:18,90.833,Y,Y,solar-v1,3b7dc371ebe5931b3336f9982c5806a06a515dc2032569f5da7720470c1ec36c,solar-spec-v1
2022-09-23,5.98,116.01,UTC+8,28800,6.081058,06:04:52,18.196209,18:11:46,90.833,Y,Y,solar-v1,3b7dc371ebe5931b3336f9982c5806a06a515dc2032569f5da7720470c1ec36c,solar-spec-v1
2022-09-24,5.98,116.01,UTC+8,28800,6.077662,06:04:40,18.187375,18:11:15,90.833,Y,Y,solar-v1,3b7dc371ebe5931b3336f9982c5806a06a515dc2032569f5da7720470c1ec36c,solar-spec-v1
2022-09-25,5.98,116.01,UTC+8,28800,6.074315,06:04:28,18.178594,18:10:43,90.833,Y,Y,solar-v1,3b7dc371ebe5931b3336f9982c5806a06a515dc2032569f5da7720470c1ec36c,solar-spec-v1
2022-09-26,5.98,116.01,UTC+8,28800,6.071024,06:04:16,18.169871,18:10:12,90.833,Y,Y,solar-v1,3b7dc371ebe5931b3336f9982c5806a06a515dc2032569f5da7720470c1ec36c,solar-spec-v1
2022-09-27,5.98,116.01,UTC+8,28800,6.067797,06:04:04,18.161214,18:09:40,90.833,Y,Y,solar-v1,3b7dc371ebe5931b3336f9982c5806a06a515dc2032569f5da7720470c1ec36c,solar-spec-v1
2022-09-28,5.98,116.01,UTC+8,28800,6.064638,06:03:53,18.152631,18:09:09,90.833,Y,Y,solar-v1,3b7dc371ebe5931b3336f9982c5806a06a515dc2032569f5da7720470c1ec36c,solar-spec-v1
2022-09-29,5.98,116.01,UTC+8,28800,6.061554,06:03:42,18.144128,18:08:39,90.833,Y,Y,solar-v1,3b7dc371ebe5931b3336f9982c5806a06a515dc2032569f5da7720470c1ec36c,solar-spec-v1
2022-09-30,5.98,116.01,UTC+8,28800,6.058553,06:03:31,18.135712,18:08:09,90.833,Y,Y,solar-v1,3b7dc371ebe5931b3336f9982c5806a06a515dc2032569f5da7720470c1ec36c,solar-spec-v1
2022-10-01,5.98,116.01,UTC+8,28800,6.055639,06:03:20,18.127391,18:07:39,90.833,Y,Y,solar-v1,3b7dc371ebe5931b3336f9982c5806a06a515dc2032569f5da7720470c1ec36c,solar-spec-v1
2022-10-02,5.98,116.01,UTC+8,28800,6.052819,06:03:10,18.119172,18:07:09,90.833,Y,Y,solar-v1,3b7dc371ebe5931b3336f9982c5806a06a515dc2032569f5da7720470c1ec36c,solar-spec-v1
2022-10-03,5.98,116.01,UTC+8,28800,6.050098,06:03:00,18.111061,18:06:40,90.833,Y,Y,solar-v1,3b7dc371ebe5931b3336f9982c5806a06a515dc2032569f5da7720470c1ec36c,solar-spec-v1
2022-10-04,5.98,116.01,UTC+8,28800,6.047484,06:02:51,18.103064,18:06:11,90.833,Y,Y,solar-v1,3b7dc371ebe5931b3336f9982c5806a06a515dc2032569f5da7720470c1ec36c,solar-spec-v1
2022-10-05,5.98,116.01,UTC+8,28800,6.044981,06:02:42,18.095190,18:05:43,90.833,Y,Y,solar-v1,3b7dc371ebe5931b3336f9982c5806a06a515dc2032569f5da7720470c1ec36c,solar-spec-v1
2022-10-06,5.98,116.01,UTC+8,28800,6.042595,06:02:33,18.087444,18:05:15,90.833,Y,Y,solar-v1,3b7dc371ebe5931b3336f9982c5806a06a515dc2032569f5da7720470c1ec36c,solar-spec-v1
2022-10-07,5.98,116.01,UTC+8,28800,6.040332,06:02:25,18.079832,18:04:47,90.833,Y,Y,solar-v1,3b7dc371ebe5931b3336f9982c5806a06a515dc2032569f5da7720470c1ec36c,solar-spec-v1
2022-10-08,5.98,116.01,UTC+8,28800,6.038198,06:02:18,18.072362,18:04:21,90.833,Y,Y,solar-v1,3b7dc371ebe5931b3336f9982c5806a06a515dc2032569f5da7720470c1ec36c,solar-spec-v1
2022-10-09,5.98,116.01,UTC+8,28800,6.036196,06:02:10,18.065039,18:03:54,90.833,Y,Y,solar-v1,3b7dc371ebe5931b3336f9982c5806a06a515dc2032569f5da7720470c1ec36c,solar-spec-v1
2022-10-10,5.98,116.01,UTC+8,28800,6.034334,06:02:04,18.057869,18:03:28,90.833,Y,Y,solar-v1,3b7dc371ebe5931b3336f9982c5806a06a515dc2032569f5da7720470c1ec36c,solar-spec-v1
2022-10-11,5.98,116.01,UTC+8,28800,6.032615,06:01:57,18.050860,18:03:03,90.833,Y,Y,solar-v1,3b7dc371ebe5931b3336f9982c5806a06a515dc2032569f5da7720470c1ec36c,solar-spec-v1
2022-10-12,5.98,116.01,UTC+8,28800,6.031045,06:01:52,18.044015,18:02:38,90.833,Y,Y,solar-v1,3b7dc371ebe5931b3336f9982c5806a06a515dc2032569f5da7720470c1ec36c,solar-spec-v1
2022-10-13,5.98,116.01,UTC+8,28800,6.029628,06:01:47,18.037341,18:02:14,90.833,Y,Y,solar-v1,3b7dc371ebe5931b3336f9982c5806a06a515dc2032569f5da7720470c1ec36c,solar-spec-v1
2022-10-14,5.98,116.01,UTC+8,28800,6.028368,06:01:42,18.030845,18:01:51,90.833,Y,Y,solar-v1,3b7dc371ebe5931b3336f9982c5806a06a515dc2032569f5da7720470c1ec36c,solar-spec-v1
2022-10-15,5.98,116.01,UTC+8,28800,6.027270,06:01:38,18.024530,18:01:28,90.833,Y,Y,solar-v1,3b7dc371ebe5931b3336f9982c5806a06a515dc2032569f5da7720470c1ec36c,solar-spec-v1
2022-10-16,5.98,116.01,UTC+8,28800,6.026339,06:01:35,18.018402,18:01:06,90.833,Y,Y,solar-v1,3b7dc371ebe5931b3336f9982c5806a06a515dc2032569f5da7720470c1ec36c,solar-spec-v1
2022-10-17,5.98,116.01,UTC+8,28800,6.025577,06:01:32,18.012467,18:00:45,90.833,Y,Y,solar-v1,3b7dc371ebe5931b3336f9982c5806a06a515dc2032569f5da7720470c1ec36c,solar-spec-v1
2022-10-18,5.98,116.01,UTC+8,28800,6.024990,06:01:30,18.006729,18:00:24,90.833,Y,Y,solar-v1,3b7dc371ebe5931b3336f9982c5806a06a515dc2032569f5da7720470c1ec36c,solar-spec-v1
2022-10-19,5.98,116.01,UTC+8,28800,6.024579,06:01:28,18.001194,18:00:04,90.833,Y,Y,solar-v1,3b7dc371ebe5931b3336f9982c5806a06a515dc2032569f5da7720470c1ec36c,solar-spec-v1
2022-10-20,5.98,116.01,UTC+8,28800,6.024350,06:01:28,17.995865,17:59:45,90.833,Y,Y,solar-v1,3b7dc371ebe5931b3336f9982c5806a06a515dc2032569f5da7720470c1ec36c,solar-spec-v1
2022-10-21,5.98,116.01,UTC+8,28800,6.024304,06:01:27,17.990747,17:59:27,90.833,Y,Y,solar-v1,3b7dc371ebe5931b3336f9982c5806a06a515dc2032569f5da7720470c1ec36c,solar-spec-v1
2022-10-22,5.98,116.01,UTC+8,28800,6.024444,06:01:28,17.985844,17:59:09,90.833,Y,Y,solar-v1,3b7dc371ebe5931b3336f9982c5806a06a515dc2032569f5da7720470c1ec36c,solar-spec-v1
2022-10-23,5.98,116.01,UTC+8,28800,6.024774,06:01:29,17.981161,17:58:52,90.833,Y,Y,solar-v1,3b7dc371ebe5931b3336f9982c5806a06a515dc2032569f5da7720470c1ec36c,solar-spec-v1
2022-10-24,5.98,116.01,UTC+8,28800,6.025296,06:01:31,17.976700,17:58:36,90.833,Y,Y,solar-v1,3b7dc371ebe5931b3336f9982c5806a06a515dc2032569f5da7720470c1ec36c,solar-spec-v1
2022-10-25,5.98,116.01,UTC+8,28800,6.026012,06:01:34,17.972467,17:58:21,90.833,Y,Y,solar-v1,3b7dc371ebe5931b3336f9982c5806a06a515dc2032569f5da7720470c1ec36c,solar-spec-v1
2022-10-26,5.98,116.01,UTC+8,28800,6.026924,06:01:37,17.968463,17:58:06,90.833,Y,Y,solar-v1,3b7dc371ebe5931b3336f9982c5806a06a515dc2032569f5da7720470c1ec36c,solar-spec-v1
2022-10-27,5.98,116.01,UTC+8,28800,6.028033,06:01:41,17.964693,17:57:53,90.833,Y,Y,solar-v1,3b7dc371ebe5931b3336f9982c5806a06a515dc2032569f5da7720470c1ec36c,solar-spec-v1
2022-10-28,5.98,116.01,UTC+8,28800,6.029342,06:01:46,17.961159,17:57:40,90.833,Y,Y,solar-v1,3b7dc371ebe5931b3336f9982c5806a06a515dc2032569f5da7720470c1ec36c,solar-spec-v1
2022-10-29,5.98,116.01,UTC+8,28800,6.030851,06:01:51,17.957865,17:57:28,90.833,Y,Y,solar-v1,3b7dc371ebe5931b3336f9982c5806a06a515dc2032569f5da7720470c1ec36c,solar-spec-v1
2022-10-30,5.98,116.01,UTC+8,28800,6.032562,06:01:57,17.954812,17:57:17,90.833,Y,Y,solar-v1,3b7dc371ebe5931b3336f9982c5806a06a515dc2032569f5da7720470c1ec36c,solar-spec-v1
2022-10-31,5.98,116.01,UTC+8,28800,6.034474,06:02:04,17.952003,17:57:07,90.833,Y,Y,solar-v1,3b7dc371ebe5931b3336f9982c5806a06a515dc2032569f5da7720470c1ec36c,solar-spec-v1
2022-11-01,5.98,116.01,UTC+8,28800,6.036590,06:02:12,17.949440,17:56:58,90.833,Y,Y,solar-v1,3b7dc371ebe5931b3336f9982c5806a06a515dc2032569f5da7720470c1ec36c,solar-spec-v1
2022-11-02,5.98,116.01,UTC+8,28800,6.038909,06:02:20,17.947126,17:56:50,90.833,Y,Y,solar-v1,3b7dc371ebe5931b3336f9982c5806a06a515dc2032569f5da7720470c1ec36c,solar-spec-v1
2022-11-03,5.98,116.01,UTC+8,28800,6.041430,06:02:29,17.945061,17:56:42,90.833,Y,Y,solar-v1,3b7dc371ebe5931b3336f9982c5806a06a515dc2032569f5da7720470c1ec36c,solar-spec-v1
2022-11-04,5.98,116.01,UTC+8,28800,6.044154,06:02:39,17.943248,17:56:36,90.833,Y,Y,solar-v1,3b7dc371ebe5931b3336f9982c5806a06a515dc2032569f5da7720470c1ec36c,solar-spec-v1
2022-11-05,5.98,116.01,UTC+8,28800,6.047081,06:02:49,17.941687,17:56:30,90.833,Y,Y,solar-v1,3b7dc371ebe5931b3336f9982c5806a06a515dc2032569f5da7720470c1ec36c,solar-spec-v1
2022-11-06,5.98,116.01,UTC+8,28800,6.050209,06:03:01,17.940380,17:56:25,90.833,Y,Y,solar-v1,3b7dc371ebe5931b3336f9982c5806a06a515dc2032569f5da7720470c1ec36c,solar-spec-v1
2022-11-07,5.98,116.01,UTC+8,28800,6.053537,06:03:13,17.939327,17:56:22,90.833,Y,Y,solar-v1,3b7dc371ebe5931b3336f9982c5806a06a515dc2032569f5da7720470c1ec36c,solar-spec-v1
2022-11-08,5.98,116.01,UTC+8,28800,6.057065,06:03:25,17.938530,17:56:19,90.833,Y,Y,solar-v1,3b7dc371ebe5931b3336f9982c5806a06a515dc2032569f5da7720470c1ec36c,solar-spec-v1
2022-11-09,5.98,116.01,UTC+8,28800,6.060790,06:03:39,17.937987,17:56:17,90.833,Y,Y,solar-v1,3b7dc371ebe5931b3336f9982c5806a06a515dc2032569f5da7720470c1ec36c,solar-spec-v1
2022-11-10,5.98,116.01,UTC+8,28800,6.064711,06:03:53,17.937700,17:56:16,90.833,Y,Y,solar-v1,3b7dc371ebe5931b3336f9982c5806a06a515dc2032569f5da7720470c1ec36c,solar-spec-v1
2022-11-11,5.98,116.01,UTC+8,28800,6.068826,06:04:08,17.937669,17:56:16,90.833,Y,Y,solar-v1,3b7dc371ebe5931b3336f9982c5806a06a515dc2032569f5da7720470c1ec36c,solar-spec-v1
2022-11-12,5.98,116.01,UTC+8,28800,6.073133,06:04:23,17.937892,17:56:16,90.833,Y,Y,solar-v1,3b7dc371ebe5931b3336f9982c5806a06a515dc2032569f5da7720470c1ec36c,solar-spec-v1
2022-11-13,5.98,116.01,UTC+8,28800,6.077628,06:04:39,17.938369,17:56:18,90.833,Y,Y,solar-v1,3b7dc371ebe5931b3336f9982c5806a06a515dc2032569f5da7720470c1ec36c,solar-spec-v1
2022-11-14,5.98,116.01,UTC+8,28800,6.082310,06:04:56,17.939100,17:56:21,90.833,Y,Y,solar-v1,3b7dc371ebe5931b3336f9982c5806a06a515dc2032569f5da7720470c1ec36c,solar-spec-v1
2022-11-15,5.98,116.01,UTC+8,28800,6.087175,06:05:14,17.940084,17:56:24,90.833,Y,Y,solar-v1,3b7dc371ebe5931b3336f9982c5806a06a515dc2032569f5da7720470c1ec36c,solar-spec-v1
2022-11-16,5.98,116.01,UTC+8,28800,6.092220,06:05:32,17.941318,17:56:29,90.833,Y,Y,solar-v1,3b7dc371ebe5931b3336f9982c5806a06a515dc2032569f5da7720470c1ec36c,solar-spec-v1
2022-11-17,5.98,116.01,UTC+8,28800,6.097441,06:05:51,17.942803,17:56:34,90.833,Y,Y,solar-v1,3b7dc371ebe5931b3336f9982c5806a06a515dc2032569f5da7720470c1ec36c,solar-spec-v1
2022-11-18,5.98,116.01,UTC+8,28800,6.102835,06:06:10,17.944535,17:56:40,90.833,Y,Y,solar-v1,3b7dc371ebe5931b3336f9982c5806a06a515dc2032569f5da7720470c1ec36c,solar-spec-v1
2022-11-19,5.98,116.01,UTC+8,28800,6.108398,06:06:30,17.946514,17:56:47,90.833,Y,Y,solar-v1,3b7dc371ebe5931b3336f9982c5806a06a515dc2032569f5da7720470c1ec36c,solar-spec-v1
2022-11-20,5.98,116.01,UTC+8,28800,6.114125,06:06:51,17.948736,17:56:55,90.833,Y,Y,solar-v1,3b7dc371ebe5931b3336f9982c5806a06a515dc2032569f5da7720470c1ec36c,solar-spec-v1
2022-11-21,5.98,116.01,UTC+8,28800,6.120013,06:07:12,17.951200,17:57:04,90.833,Y,Y,solar-v1,3b7dc371ebe5931b3336f9982c5806a06a515dc2032569f5da7720470c1ec36c,solar-spec-v1
2022-11-22,5.98,116.01,UTC+8,28800,6.126056,06:07:34,17.953903,17:57:14,90.833,Y,Y,solar-v1,3b7dc371ebe5931b3336f9982c5806a06a515dc2032569f5da7720470c1ec36c,solar-spec-v1
2022-11-23,5.98,116.01,UTC+8,28800,6.132250,06:07:56,17.956841,17:57:25,90.833,Y,Y,solar-v1,3b7dc371ebe5931b3336f9982c5806a06a515dc2032569f5da7720470c1ec36c,solar-spec-v1
2022-11-24,5.98,116.01,UTC+8,28800,6.138590,06:08:19,17.960013,17:57:36,90.833,Y,Y,solar-v1,3b7dc371ebe5931b3336f9982c5806a06a515dc2032569f5da7720470c1ec36c,solar-spec-v1
2022-11-25,5.98,116.01,UTC+8,28800,6.145071,06:08:42,17.963415,17:57:48,90.833,Y,Y,solar-v1,3b7dc371ebe5931b3336f9982c5806a06a515dc2032569f5da7720470c1ec36c,solar-spec-v1
2022-11-26,5.98,116.01,UTC+8,28800,6.151687,06:09:06,17.967042,17:58:01,90.833,Y,Y,solar-v1,3b7dc371ebe5931b3336f9982c5806a06a515dc2032569f5da7720470c1ec36c,solar-spec-v1
2022-11-27,5.98,116.01,UTC+8,28800,6.158432,06:09:30,17.970893,17:58:15,90.833,Y,Y,solar-v1,3b7dc371ebe5931b3336f9982c5806a06a515dc2032569f5da7720470c1ec36c,solar-spec-v1
2022-11-28,5.98,116.01,UTC+8,28800,6.165302,06:09:55,17.974962,17:58:30,90.833,Y,Y,solar-v1,3b7dc371ebe5931b3336f9982c5806a06a515dc2032569f5da7720470c1ec36c,solar-spec-v1
2022-11-29,5.98,116.01,UTC+8,28800,6.172289,06:10:20,17.979246,17:58:45,90.833,Y,Y,solar-v1,3b7dc371ebe5931b3336f9982c5806a06a515dc2032569f5da7720470c1ec36c,solar-spec-v1
2022-11-30,5.98,116.01,UTC+8,28800,6.179388,06:10:46,17.983740,17:59:01,90.833,Y,Y,solar-v1,3b7dc371ebe5931b3336f9982c5806a06a515dc2032569f5da7720470c1ec36c,solar-spec-v1
2022-12-01,5.98,116.01,UTC+8,28800,6.186594,06:11:12,17.988441,17:59:18,90.833,Y,Y,solar-v1,3b7dc371ebe5931b3336f9982c5806a06a515dc2032569f5da7720470c1ec36c,solar-spec-v1
2022-12-02,5.98,116.01,UTC+8,28800,6.193898,06:11:38,17.993342,17:59:36,90.833,Y,Y,solar-v1,3b7dc371ebe5931b3336f9982c5806a06a515dc2032569f5da7720470c1ec36c,solar-spec-v1
2022-12-03,5.98,116.01,UTC+8,28800,6.201295,06:12:05,17.998440,17:59:54,90.833,Y,Y,solar-v1,3b7dc371ebe5931b3336f9982c5806a06a515dc2032569f5da7720470c1ec36c,solar-spec-v1
2022-12-04,5.98,116.01,UTC+8,28800,6.208779,06:12:32,18.003730,18:00:13,90.833,Y,Y,solar-v1,3b7dc371ebe5931b3336f9982c5806a06a515dc2032569f5da7720470c1ec36c,solar-spec-v1
2022-12-05,5.98,116.01,UTC+8,28800,6.216341,06:12:59,18.009206,18:00:33,90.833,Y,Y,solar-v1,3b7dc371ebe5931b3336f9982c5806a06a515dc2032569f5da7720470c1ec36c,solar-spec-v1
2022-12-06,5.98,116.01,UTC+8,28800,6.223977,06:13:26,18.014863,18:00:54,90.833,Y,Y,solar-v1,3b7dc371ebe5931b3336f9982c5806a06a515dc2032569f5da7720470c1ec36c,solar-spec-v1
2022-12-07,5.98,116.01,UTC+8,28800,6.231678,06:13:54,18.020696,18:01:15,90.833,Y,Y,solar-v1,3b7dc371ebe5931b3336f9982c5806a06a515dc2032569f5da7720470c1ec36c,solar-spec-v1
2022-12-08,5.98,116.01,UTC+8,28800,6.239438,06:14:22,18.026698,18:01:36,90.833,Y,Y,solar-v1,3b7dc371ebe5931b3336f9982c5806a06a515dc2032569f5da7720470c1ec36c,solar-spec-v1
2022-12-09,5.98,116.01,UTC+8,28800,6.247249,06:14:50,18.032864,18:01:58,90.833,Y,Y,solar-v1,3b7dc371ebe5931b3336f9982c5806a06a515dc2032569f5da7720470c1ec36c,solar-spec-v1
2022-12-10,5.98,116.01,UTC+8,28800,6.255104,06:15:18,18.039188,18:02:21,90.833,Y,Y,solar-v1,3b7dc371ebe5931b3336f9982c5806a06a515dc2032569f5da7720470c1ec36c,solar-spec-v1
2022-12-11,5.98,116.01,UTC+8,28800,6.262996,06:15:47,18.045664,18:02:44,90.833,Y,Y,solar-v1,3b7dc371ebe5931b3336f9982c5806a06a515dc2032569f5da7720470c1ec36c,solar-spec-v1
2022-12-12,5.98,116.01,UTC+8,28800,6.270917,06:16:15,18.052286,18:03:08,90.833,Y,Y,solar-v1,3b7dc371ebe5931b3336f9982c5806a06a515dc2032569f5da7720470c1ec36c,solar-spec-v1
2022-12-13,5.98,116.01,UTC+8,28800,6.278861,06:16:44,18.059047,18:03:33,90.833,Y,Y,solar-v1,3b7dc371ebe5931b3336f9982c5806a06a515dc2032569f5da7720470c1ec36c,solar-spec-v1
2022-12-14,5.98,116.01,UTC+8,28800,6.286819,06:17:13,18.065941,18:03:57,90.833,Y,Y,solar-v1,3b7dc371ebe5931b3336f9982c5806a06a515dc2032569f5da7720470c1ec36c,solar-spec-v1
2022-12-15,5.98,116.01,UTC+8,28800,6.294784,06:17:41,18.072961,18:04:23,90.833,Y,Y,solar-v1,3b7dc371ebe5931b3336f9982c5806a06a515dc2032569f5da7720470c1ec36c,solar-spec-v1
2022-12-16,5.98,116.01,UTC+8,28800,6.302749,06:18:10,18.080100,18:04:48,90.833,Y,Y,solar-v1,3b7dc371ebe5931b3336f9982c5806a06a515dc2032569f5da7720470c1ec36c,solar-spec-v1
2022-12-17,5.98,116.01,UTC+8,28800,6.310706,06:18:39,18.087352,18:05:14,90.833,Y,Y,solar-v1,3b7dc371ebe5931b3336f9982c5806a06a515dc2032569f5da7720470c1ec36c,solar-spec-v1
2022-12-18,5.98,116.01,UTC+8,28800,6.318648,06:19:07,18.094709,18:05:41,90.833,Y,Y,solar-v1,3b7dc371ebe5931b3336f9982c5806a06a515dc2032569f5da7720470c1ec36c,solar-spec-v1
2022-12-19,5.98,116.01,UTC+8,28800,6.326567,06:19:36,18.102165,18:06:08,90.833,Y,Y,solar-v1,3b7dc371ebe5931b3336f9982c5806a06a515dc2032569f5da7720470c1ec36c,solar-spec-v1
2022-12-20,5.98,116.01,UTC+8,28800,6.334455,06:20:04,18.109712,18:06:35,90.833,Y,Y,solar-v1,3b7dc371ebe5931b3336f9982c5806a06a515dc2032569f5da7720470c1ec36c,solar-spec-v1
2022-12-21,5.98,116.01,UTC+8,28800,6.342305,06:20:32,18.117344,18:07:02,90.833,Y,Y,solar-v1,3b7dc371ebe5931b3336f9982c5806a06a515dc2032569f5da7720470c1ec36c,solar-spec-v1
2022-12-22,5.98,116.01,UTC+8,28800,6.350110,06:21:00,18.125052,18:07:30,90.833,Y,Y,solar-v1,3b7dc371ebe5931b3336f9982c5806a06a515dc2032569f5da7720470c1ec36c,solar-spec-v1
2022-12-23,5.98,116.01,UTC+8,28800,6.357862,06:21:28,18.132831,18:07:58,90.833,Y,Y,solar-v1,3b7dc371ebe5931b3336f9982c5806a06a515dc2032569f5da7720470c1ec36c,solar-spec-v1
2022-12-24,5.98,116.01,UTC+8,28800,6.365554,06:21:56,18.140671,18:08:26,90.833,Y,Y,solar-v1,3b7dc371ebe5931b3336f9982c5806a06a515dc2032569f5da7720470c1ec36c,solar-spec-v1
2022-12-25,5.98,116.01,UTC+8,28800,6.373179,06:22:23,18.148567,18:08:55,90.833,Y,Y,solar-v1,3b7dc371ebe5931b3336f9982c5806a06a515dc2032569f5da7720470c1ec36c,solar-spec-v1
2022-12-26,5.98,116.01,UTC+8,28800,6.380729,06:22:51,18.156510,18:09:23,90.833,Y,Y,solar-v1,3b7dc371ebe5931b3336f9982c5806a06a515dc2032569f5da7720470c1ec36c,solar-spec-v1
2022-12-27,5.98,116.01,UTC+8,28800,6.388196,06:23:18,18.164493,18:09:52,90.833,Y,Y,solar-v1,3b7dc371ebe5931b3336f9982c5806a06a515dc2032569f5da7720470c1ec36c,solar-spec-v1
2022-12-28,5.98,116.01,UTC+8,28800,6.395575,06:23:44,18.172509,18:10:21,90.833,Y,Y,solar-v1,3b7dc371ebe5931b3336f9982c5806a06a515dc2032569f5da7720470c1ec36c,solar-spec-v1
2022-12-29,5.98,116.01,UTC+8,28800,6.402857,06:24:10,18.180549,18:10:50,90.833,Y,Y,solar-v1,3b7dc371ebe5931b3336f9982c5806a06a515dc2032569f5da7720470c1ec36c,solar-spec-v1
2022-12-30,5.98,116.01,UTC+8,28800,6.410037,06:24:36,18.188608,18:11:19,90.833,Y,Y,solar-v1,3b7dc371ebe5931b3336f9982c5806a06a515dc2032569f5da7720470c1ec36c,solar-spec-v1
2022-12-31,5.98,116.01,UTC+8,28800,6.417106,06:25:02,18.196676,18:11:48,90.833,Y,Y,solar-v1,3b7dc371ebe5931b3336f9982c5806a06a515dc2032569f5da7720470c1ec36c,solar-spec-v1
2023-01-01,5.98,116.01,UTC+8,28800,6.424059,06:25:27,18.204747,18:12:17,90.833,Y,Y,solar-v1,3b7dc371ebe5931b3336f9982c5806a06a515dc2032569f5da7720470c1ec36c,solar-spec-v1
2023-01-02,5.98,116.01,UTC+8,28800,6.430888,06:25:51,18.212813,18:12:46,90.833,Y,Y,solar-v1,3b7dc371ebe5931b3336f9982c5806a06a515dc2032569f5da7720470c1ec36c,solar-spec-v1
2023-01-03,5.98,116.01,UTC+8,28800,6.437588,06:26:15,18.220867,18:13:15,90.833,Y,Y,solar-v1,3b7dc371ebe5931b3336f9982c5806a06a515dc2032569f5da7720470c1ec36c,solar-spec-v1
2023-01-04,5.98,116.01,UTC+8,28800,6.444152,06:26:39,18.228901,18:13:44,90.833,Y,Y,solar-v1,3b7dc371ebe5931b3336f9982c5806a06a515dc2032569f5da7720470c1ec36c,solar-spec-v1
2023-01-05,5.98,116.01,UTC+8,28800,6.450573,06:27:02,18.236908,18:14:13,90.833,Y,Y,solar-v1,3b7dc371ebe5931b3336f9982c5806a06a515dc2032569f5da7720470c1ec36c,solar-spec-v1
2023-01-06,5.98,116.01,UTC+8,28800,6.456846,06:27:25,18.244881,18:14:42,90.833,Y,Y,solar-v1,3b7dc371ebe5931b3336f9982c5806a06a515dc2032569f5da7720470c1ec36c,solar-spec-v1
2023-01-07,5.98,116.01,UTC+8,28800,6.462965,06:27:47,18.252813,18:15:10,90.833,Y,Y,solar-v1,3b7dc371ebe5931b3336f9982c5806a06a515dc2032569f5da7720470c1ec36c,solar-spec-v1
2023-01-08,5.98,116.01,UTC+8,28800,6.468923,06:28:08,18.260696,18:15:39,90.833,Y,Y,solar-v1,3b7dc371ebe5931b3336f9982c5806a06a515dc2032569f5da7720470c1ec36c,solar-spec-v1
2023-01-09,5.98,116.01,UTC+8,28800,6.474716,06:28:29,18.268524,18:16:07,90.833,Y,Y,solar-v1,3b7dc371ebe5931b3336f9982c5806a06a515dc2032569f5da7720470c1ec36c,solar-spec-v1
2023-01-10,5.98,116.01,UTC+8,28800,6.480337,06:28:49,18.276289,18:16:35,90.833,Y,Y,solar-v1,3b7dc371ebe5931b3336f9982c5806a06a515dc2032569f5da7720470c1ec36c,solar-spec-v1
2023-01-11,5.98,116.01,UTC+8,28800,6.485781,06:29:09,18.283985,18:17:02,90.833,Y,Y,solar-v1,3b7dc371ebe5931b3336f9982c5806a06a515dc2032569f5da7720470c1ec36c,solar-spec-v1
2023-01-12,5.98,116.01,UTC+8,28800,6.491044,06:29:28,18.291606,18:17:30,90.833,Y,Y,solar-v1,3b7dc371ebe5931b3336f9982c5806a06a515dc2032569f5da7720470c1ec36c,solar-spec-v1
2023-01-13,5.98,116.01,UTC+8,28800,6.496120,06:29:46,18.299144,18:17:57,90.833,Y,Y,solar-v1,3b7dc371ebe5931b3336f9982c5806a06a515dc2032569f5da7720470c1ec36c,solar-spec-v1
2023-01-14,5.98,116.01,UTC+8,28800,6.501004,06:30:04,18.306593,18:18:24,90.833,Y,Y,solar-v1,3b7dc371ebe5931b3336f9982c5806a06a515dc2032569f5da7720470c1ec36c,solar-spec-v1
2023-01-15,5.98,116.01,UTC+8,28800,6.505693,06:30:20,18.313946,18:18:50,90.833,Y,Y,solar-v1,3b7dc371ebe5931b3336f9982c5806a06a515dc2032569f5da7720470c1ec36c,solar-spec-v1
2023-01-16,5.98,116.01,UTC+8,28800,6.510181,06:30:37,18.321199,18:19:16,90.833,Y,Y,solar-v1,3b7dc371ebe5931b3336f9982c5806a06a515dc2032569f5da7720470c1ec36c,solar-spec-v1
2023-01-17,5.98,116.01,UTC+8,28800,6.514464,06:30:52,18.328343,18:19:42,90.833,Y,Y,solar-v1,3b7dc371ebe5931b3336f9982c5806a06a515dc2032569f5da7720470c1ec36c,solar-spec-v1
2023-01-18,5.98,116.01,UTC+8,28800,6.518538,06:31:07,18.335375,18:20:07,90.833,Y,Y,solar-v1,3b7dc371ebe5931b3336f9982c5806a06a515dc2032569f5da7720470c1ec36c,solar-spec-v1
2023-01-19,5.98,116.01,UTC+8,28800,6.522400,06:31:21,18.342288,18:20:32,90.833,Y,Y,solar-v1,3b7dc371ebe5931b3336f9982c5806a06a515dc2032569f5da7720470c1ec36c,solar-spec-v1
2023-01-20,5.98,116.01,UTC+8,28800,6.526045,06:31:34,18.349076,18:20:57,90.833,Y,Y,solar-v1,3b7dc371ebe5931b3336f9982c5806a06a515dc2032569f5da7720470c1ec36c,solar-spec-v1
2023-01-21,5.98,116.01,UTC+8,28800,6.529471,06:31:46,18.355735,18:21:21,90.833,Y,Y,solar-v1,3b7dc371ebe5931b3336f9982c5806a06a515dc2032569f5da7720470c1ec36c,solar-spec-v1
2023-01-22,5.98,116.01,UTC+8,28800,6.532674,06:31:58,18.362258,18:21:44,90.833,Y,Y,solar-v1,3b7dc371ebe5931b3336f9982c5806a06a515dc2032569f5da7720470c1ec36c,solar-spec-v1
2023-01-23,5.98,116.01,UTC+8,28800,6.535652,06:32:08,18.368642,18:22:07,90.833,Y,Y,solar-v1,3b7dc371ebe5931b3336f9982c5806a06a515dc2032569f5da7720470c1ec36c,solar-spec-v1
2023-01-24,5.98,116.01,UTC+8,28800,6.538400,06:32:18,18.374881,18:22:30,90.833,Y,Y,solar-v1,3b7dc371ebe5931b3336f9982c5806a06a515dc2032569f5da7720470c1ec36c,solar-spec-v1
2023-01-25,5.98,116.01,UTC+8,28800,6.540918,06:32:27,18.380971,18:22:51,90.833,Y,Y,solar-v1,3b7dc371ebe5931b3336f9982c5806a06a515dc2032569f5da7720470c1ec36c,solar-spec-v1
2023-01-26,5.98,116.01,UTC+8,28800,6.543202,06:32:36,18.386908,18:23:13,90.833,Y,Y,solar-v1,3b7dc371ebe5931b3336f9982c5806a06a515dc2032569f5da7720470c1ec36c,solar-spec-v1
2023-01-27,5.98,116.01,UTC+8,28800,6.545251,06:32:43,18.392687,18:23:34,90.833,Y,Y,solar-v1,3b7dc371ebe5931b3336f9982c5806a06a515dc2032569f5da7720470c1ec36c,solar-spec-v1
2023-01-28,5.98,116.01,UTC+8,28800,6.547062,06:32:49,18.398304,18:23:54,90.833,Y,Y,solar-v1,3b7dc371ebe5931b3336f9982c5806a06a515dc2032569f5da7720470c1ec36c,solar-spec-v1
2023-01-29,5.98,116.01,UTC+8,28800,6.548634,06:32:55,18.403757,18:24:14,90.833,Y,Y,solar-v1,3b7dc371ebe5931b3336f9982c5806a06a515dc2032569f5da7720470c1ec36c,solar-spec-v1
2023-01-30,5.98,116.01,UTC+8,28800,6.549965,06:33:00,18.409040,18:24:33,90.833,Y,Y,solar-v1,3b7dc371ebe5931b3336f9982c5806a06a515dc2032569f5da7720470c1ec36c,solar-spec-v1
2023-01-31,5.98,116.01,UTC+8,28800,6.551054,06:33:04,18.414152,18:24:51,90.833,Y,Y,solar-v1,3b7dc371ebe5931b3336f9982c5806a06a515dc2032569f5da7720470c1ec36c,solar-spec-v1
2023-02-01,5.98,116.01,UTC+8,28800,6.551901,06:33:07,18.419090,18:25:09,90.833,Y,Y,solar-v1,3b7dc371ebe5931b3336f9982c5806a06a515dc2032569f5da7720470c1ec36c,solar-spec-v1
2023-02-02,5.98,116.01,UTC+8,28800,6.552504,06:33:09,18.423849,18:25:26,90.833,Y,Y,solar-v1,3b7dc371ebe5931b3336f9982c5806a06a515dc2032569f5da7720470c1ec36c,solar-spec-v1
2023-02-03,5.98,116.01,UTC+8,28800,6.552863,06:33:10,18.428429,18:25:42,90.833,Y,Y,solar-v1,3b7dc371ebe5931b3336f9982c5806a06a515dc2032569f5da7720470c1ec36c,solar-spec-v1
2023-02-04,5.98,116.01,UTC+8,28800,6.552977,06:33:11,18.432826,18:25:58,90.833,Y,Y,solar-v1,3b7dc371ebe5931b3336f9982c5806a06a515dc2032569f5da7720470c1ec36c,solar-spec-v1
2023-02-05,5.98,116.01,UTC+8,28800,6.552847,06:33:10,18.437040,18:26:13,90.833,Y,Y,solar-v1,3b7dc371ebe5931b3336f9982c5806a06a515dc2032569f5da7720470c1ec36c,solar-spec-v1
2023-02-06,5.98,116.01,UTC+8,28800,6.552473,06:33:09,18.441067,18:26:28,90.833,Y,Y,solar-v1,3b7dc371ebe5931b3336f9982c5806a06a515dc2032569f5da7720470c1ec36c,solar-spec-v1
2023-02-07,5.98,116.01,UTC+8,28800,6.551854,06:33:07,18.444907,18:26:42,90.833,Y,Y,solar-v1,3b7dc371ebe5931b3336f9982c5806a06a515dc2032569f5da7720470c1ec36c,solar-spec-v1
2023-02-08,5.98,116.01,UTC+8,28800,6.550993,06:33:04,18.448558,18:26:55,90.833,Y,Y,solar-v1,3b7dc371ebe5931b3336f9982c5806a06a515dc2032569f5da7720470c1ec36c,solar-spec-v1
2023-02-09,5.98,116.01,UTC+8,28800,6.549888,06:33:00,18.452019,18:27:07,90.833,Y,Y,solar-v1,3b7dc371ebe5931b3336f9982c5806a06a515dc2032569f5da7720470c1ec36c,solar-spec-v1
2023-02-10,5.98,116.01,UTC+8,28800,6.548542,06:32:55,18.455289,18:27:19,90.833,Y,Y,solar-v1,3b7dc371ebe5931b3336f9982c5806a06a515dc2032569f5da7720470c1ec36c,solar-spec-v1
2023-02-11,5.98,116.01,UTC+8,28800,6.546956,06:32:49,18.458369,18:27:30,90.833,Y,Y,solar-v1,3b7dc371ebe5931b3336f9982c5806a06a515dc2032569f5da7720470c1ec36c,solar-spec-v1
2023-02-12,5.98,116.01,UTC+8,28800,6.545131,06:32:42,18.461258,18:27:41,90.833,Y,Y,solar-v1,3b7dc371ebe5931b3336f9982c5806a06a515dc2032569f5da7720470c1ec36c,solar-spec-v1
2023-02-13,5.98,116.01,UTC+8,28800,6.543069,06:32:35,18.463955,18:27:50,90.833,Y,Y,solar-v1,3b7dc371ebe5931b3336f9982c5806a06a515dc2032569f5da7720470c1ec36c,solar-spec-v1
2023-02-14,5.98,116.01,UTC+8,28800,6.540771,06:32:27,18.466461,18:27:59,90.833,Y,Y,solar-v1,3b7dc371ebe5931b3336f9982c5806a06a515dc2032569f5da7720470c1ec36c,solar-spec-v1
2023-02-15,5.98,116.01,UTC+8,28800,6.538241,06:32:18,18.468777,18:28:08,90.833,Y,Y,solar-v1,3b7dc371ebe5931b3336f9982c5806a06a515dc2032569f5da7720470c1ec36c,solar-spec-v1
2023-02-16,5.98,116.01,UTC+8,28800,6.535480,06:32:08,18.470903,18:28:15,90.833,Y,Y,solar-v1,3b7dc371ebe5931b3336f9982c5806a06a515dc2032569f5da7720470c1ec36c,solar-spec-v1
2023-02-17,5.98,116.01,UTC+8,28800,6.532491,06:31:57,18.472840,18:28:22,90.833,Y,Y,solar-v1,3b7dc371ebe5931b3336f9982c5806a06a515dc2032569f5da7720470c1ec36c,solar-spec-v1
2023-02-18,5.98,116.01,UTC+8,28800,6.529277,06:31:45,18.474589,18:28:29,90.833,Y,Y,solar-v1,3b7dc371ebe5931b3336f9982c5806a06a515dc2032569f5da7720470c1ec36c,solar-spec-v1
2023-02-19,5.98,116.01,UTC+8,28800,6.525841,06:31:33,18.476153,18:28:34,90.833,Y,Y,solar-v1,3b7dc371ebe5931b3336f9982c5806a06a515dc2032569f5da7720470c1ec36c,solar-spec-v1
2023-02-20,5.98,116.01,UTC+8,28800,6.522185,06:31:20,18.477532,18:28:39,90.833,Y,Y,solar-v1,3b7dc371ebe5931b3336f9982c5806a06a515dc2032569f5da7720470c1ec36c,solar-spec-v1
2023-02-21,5.98,116.01,UTC+8,28800,6.518314,06:31:06,18.478728,18:28:43,90.833,Y,Y,solar-v1,3b7dc371ebe5931b3336f9982c5806a06a515dc2032569f5da7720470c1ec36c,solar-spec-v1
2023-02-22,5.98,116.01,UTC+8,28800,6.514231,06:30:51,18.479745,18:28:47,90.833,Y,Y,solar-v1,3b7dc371ebe5931b3336f9982c5806a06a515dc2032569f5da7720470c1ec36c,solar-spec-v1
2023-02-23,5.98,116.01,UTC+8,28800,6.509940,06:30:36,18.480583,18:28:50,90.833,Y,Y,solar-v1,3b7dc371ebe5931b3336f9982c5806a06a515dc2032569f5da7720470c1ec36c,solar-spec-v1
2023-02-24,5.98,116.01,UTC+8,28800,6.505444,06:30:20,18.481246,18:28:52,90.833,Y,Y,solar-v1,3b7dc371ebe5931b3336f9982c5806a06a515dc2032569f5da7720470c1ec36c,solar-spec-v1
2023-02-25,5.98,116.01,UTC+8,28800,6.500748,06:30:03,18.481737,18:28:54,90.833,Y,Y,solar-v1,3b7dc371ebe5931b3336f9982c5806a06a515dc2032569f5da7720470c1ec36c,solar-spec-v1
2023-02-26,5.98,116.01,UTC+8,28800,6.495856,06:29:45,18.482058,18:28:55,90.833,Y,Y,solar-v1,3b7dc371ebe5931b3336f9982c5806a06a515dc2032569f5da7720470c1ec36c,solar-spec-v1
2023-02-27,5.98,116.01,UTC+8,28800,6.490773,06:29:27,18.482213,18:28:56,90.833,Y,Y,solar-v1,3b7dc371ebe5931b3336f9982c5806a06a515dc2032569f5da7720470c1ec36c,solar-spec-v1
2023-02-28,5.98,116.01,UTC+8,28800,6.485504,06:29:08,18.482205,18:28:56,90.833,Y,Y,solar-v1,3b7dc371ebe5931b3336f9982c5806a06a515dc2032569f5da7720470c1ec36c,solar-spec-v1
2023-03-01,5.98,116.01,UTC+8,28800,6.480053,06:28:48,18.482039,18:28:55,90.833,Y,Y,solar-v1,3b7dc371ebe5931b3336f9982c5806a06a515dc2032569f5da7720470c1ec36c,solar-spec-v1
2023-03-02,5.98,116.01,UTC+8,28800,6.474425,06:28:28,18.481716,18:28:54,90.833,Y,Y,solar-v1,3b7dc371ebe5931b3336f9982c5806a06a515dc2032569f5da7720470c1ec36c,solar-spec-v1
2023-03-03,5.98,116.01,UTC+8,28800,6.468625,06:28:07,18.481243,18:28:52,90.833,Y,Y,solar-v1,3b7dc371ebe5931b3336f9982c5806a06a515dc2032569f5da7720470c1ec36c,solar-spec-v1
2023-03-04,5.98,116.01,UTC+8,28800,6.462659,06:27:46,18.480622,18:28:50,90.833,Y,Y,solar-v1,3b7dc371ebe5931b3336f9982c5806a06a515dc2032569f5da7720470c1ec36c,solar-spec-v1
2023-03-05,5.98,116.01,UTC+8,28800,6.456533,06:27:24,18.479859,18:28:47,90.833,Y,Y,solar-v1,3b7dc371ebe5931b3336f9982c5806a06a515dc2032569f5da7720470c1ec36c,solar-spec-v1
2023-03-06,5.98,116.01,UTC+8,28800,6.450251,06:27:01,18.478958,18:28:44,90.833,Y,Y,solar-v1,3b7dc371ebe5931b3336f9982c5806a06a515dc2032569f5da7720470c1ec36c,solar-spec-v1
2023-03-07,5.98,116.01,UTC+8,28800,6.443820,06:26:38,18.477922,18:28:41,90.833,Y,Y,solar-v1,3b7dc371ebe5931b3336f9982c5806a06a515dc2032569f5da7720470c1ec36c,solar-spec-v1
2023-03-08,5.98,116.01,UTC+8,28800,6.437246,06:26:14,18.476759,18:28:36,90.833,Y,Y,solar-v1,3b7dc371ebe5931b3336f9982c5806a06a515dc2032569f5da7720470c1ec36c,solar-spec-v1
2023-03-09,5.98,116.01,UTC+8,28800,6.430534,06:25:50,18.475471,18:28:32,90.833,Y,Y,solar-v1,3b7dc371ebe5931b3336f9982c5806a06a515dc2032569f5da7720470c1ec36c,solar-spec-v1
2023-03-10,5.98,116.01,UTC+8,28800,6.423691,06:25:25,18.474065,18:28:27,90.833,Y,Y,solar-v1,3b7dc371ebe5931b3336f9982c5806a06a515dc2032569f5da7720470c1ec36c,solar-spec-v1
2023-03-11,5.98,116.01,UTC+8,28800,6.416723,06:25:00,18.472546,18:28:21,90.833,Y,Y,solar-v1,3b7dc371ebe5931b3336f9982c5806a06a515dc2032569f5da7720470c1ec36c,solar-spec-v1
2023-03-12,5.98,116.01,UTC+8,28800,6.409635,06:24:35,18.470918,18:28:15,90.833,Y,Y,solar-v1,3b7dc371ebe5931b3336f9982c5806a06a515dc2032569f5da7720470c1ec36c,solar-spec-v1
2023-03-13,5.98,116.01,UTC+8,28800,6.402436,06:24:09,18.469188,18:28:09,90.833,Y,Y,solar-v1,3b7dc371ebe5931b3336f9982c5806a06a515dc2032569f5da7720470c1ec36c,solar-spec-v1
2023-03-14,5.98,116.01,UTC+8,28800,6.395130,06:23:42,18.467361,18:28:03,90.833,Y,Y,solar-v1,3b7dc371ebe5931b3336f9982c5806a06a515dc2032569f5da7720470c1ec36c,solar-spec-v1
2023-03-15,5.98,116.01,UTC+8,28800,6.387726,06:23:16,18.465443,18:27:56,90.833,Y,Y,solar-v1,3b7dc371ebe5931b3336f9982c5806a06a515dc2032569f5da7720470c1ec36c,solar-spec-v1
2023-03-16,5.98,116.01,UTC+8,28800,6.380228,06:22:49,18.463439,18:27:48,90.833,Y,Y,solar-v1,3b7dc371ebe5931b3336f9982c5806a06a515dc2032569f5da7720470c1ec36c,solar-spec-v1
2023-03-17,5.98,116.01,UTC+8,28800,6.372645,06:22:22,18.461356,18:27:41,90.833,Y,Y,solar-v1,3b7dc371ebe5931b3336f9982c5806a06a515dc2032569f5da7720470c1ec36c,solar-spec-v1
2023-03-18,5.98,116.01,UTC+8,28800,6.364983,06:21:54,18.459199,18:27:33,90.833,Y,Y,solar-v1,3b7dc371ebe5931b3336f9982c5806a06a515dc2032569f5da7720470c1ec36c,solar-spec-v1
2023-03-19,5.98,116.01,UTC+8,28800,6.357249,06:21:26,18.456974,18:27:25,90.833,Y,Y,solar-v1,3b7dc371ebe5931b3336f9982c5806a06a515dc2032569f5da7720470c1ec36c,solar-spec-v1
2023-03-20,5.98,116.01,UTC+8,28800,6.349449,06:20:58,18.454687,18:27:17,90.833,Y,Y,solar-v1,3b7dc371ebe5931b3336f9982c5806a06a515dc2032569f5da7720470c1ec36c,solar-spec-v1
2023-03-21,5.98,116.01,UTC+8,28800,6.341591,06:20:30,18.452345,18:27:08,90.833,Y,Y,solar-v1,3b7dc371ebe5931b3336f9982c5806a06a515dc2032569f5da7720470c1ec36c,solar-spec-v1
2023-03-22,5.98,116.01,UTC+8,28800,6.333682,06:20:01,18.449953,18:27:00,90.833,Y,Y,solar-v1,3b7dc371ebe5931b3336f9982c5806a06a515dc2032569f5da7720470c1ec36c,solar-spec-v1
2023-03-23,5.98,116.01,UTC+8,28800,6.325729,06:19:33,18.447518,18:26:51,90.833,Y,Y,solar-v1,3b7dc371ebe5931b3336f9982c5806a06a515dc2032569f5da7720470c1ec36c,solar-spec-v1
2023-03-24,5.98,116.01,UTC+8,28800,6.317738,06:19:04,18.445046,18:26:42,90.833,Y,Y,solar-v1,3b7dc371ebe5931b3336f9982c5806a06a515dc2032569f5da7720470c1ec36c,solar-spec-v1
2023-03-25,5.98,116.01,UTC+8,28800,6.309718,06:18:35,18.442543,18:26:33,90.833,Y,Y,solar-v1,3b7dc371ebe5931b3336f9982c5806a06a515dc2032569f5da7720470c1ec36c,solar-spec-v1
2023-03-26,5.98,116.01,UTC+8,28800,6.301674,06:18:06,18.440015,18:26:24,90.833,Y,Y,solar-v1,3b7dc371ebe5931b3336f9982c5806a06a515dc2032569f5da7720470c1ec36c,solar-spec-v1
2023-03-27,5.98,116.01,UTC+8,28800,6.293614,06:17:37,18.437468,18:26:15,90.833,Y,Y,solar-v1,3b7dc371ebe5931b3336f9982c5806a06a515dc2032569f5da7720470c1ec36c,solar-spec-v1
2023-03-28,5.98,116.01,UTC+8,28800,6.285545,06:17:08,18.434909,18:26:06,90.833,Y,Y,solar-v1,3b7dc371ebe5931b3336f9982c5806a06a515dc2032569f5da7720470c1ec36c,solar-spec-v1
2023-03-29,5.98,116.01,UTC+8,28800,6.277474,06:16:39,18.432344,18:25:56,90.833,Y,Y,solar-v1,3b7dc371ebe5931b3336f9982c5806a06a515dc2032569f5da7720470c1ec36c,solar-spec-v1
2023-03-30,5.98,116.01,UTC+8,28800,6.269408,06:16:10,18.429778,18:25:47,90.833,Y,Y,solar-v1,3b7dc371ebe5931b3336f9982c5806a06a515dc2032569f5da7720470c1ec36c,solar-spec-v1
2023-03-31,5.98,116.01,UTC+8,28800,6.261354,06:15:41,18.427218,18:25:38,90.833,Y,Y,solar-v1,3b7dc371ebe5931b3336f9982c5806a06a515dc2032569f5da7720470c1ec36c,solar-spec-v1
2023-04-01,5.98,116.01,UTC+8,28800,6.253319,06:15:12,18.424671,18:25:29,90.833,Y,Y,solar-v1,3b7dc371ebe5931b3336f9982c5806a06a515dc2032569f5da7720470c1ec36c,solar-spec-v1
2023-04-02,5.98,116.01,UTC+8,28800,6.245310,06:14:43,18.422141,18:25:20,90.833,Y,Y,solar-v1,3b7dc371ebe5931b3336f9982c5806a06a515dc2032569f5da7720470c1ec36c,solar-spec-v1
2023-04-03,5.98,116.01,UTC+8,28800,6.237334,06:14:14,18.419635,18:25:11,90.833,Y,Y,solar-v1,3b7dc371ebe5931b3336f9982c5806a06a515dc2032569f5da7720470c1ec36c,solar-spec-v1
2023-04-04,5.98,116.01,UTC+8,28800,6.229397,06:13:46,18.417159,18:25:02,90.833,Y,Y,solar-v1,3b7dc371ebe5931b3336f9982c5806a06a515dc2032569f5da7720470c1ec36c,solar-spec-v1
2023-04-05,5.98,116.01,UTC+8,28800,6.221506,06:13:17,18.414719,18:24:53,90.833,Y,Y,solar-v1,3b7dc371ebe5931b3336f9982c5806a06a515dc2032569f5da7720470c1ec36c,solar-spec-v1
2023-04-06,5.98,116.01,UTC+8,28800,6.213668,06:12:49,18.412319,18:24:44,90.833,Y,Y,solar-v1,3b7dc371ebe5931b3336f9982c5806a06a515dc2032569f5da7720470c1ec36c,solar-spec-v1
2023-04-07,5.98,116.01,UTC+8,28800,6.205890,06:12:21,18.409966,18:24:36,90.833,Y,Y,solar-v1,3b7dc371ebe5931b3336f9982c5806a06a515dc2032569f5da7720470c1ec36c,solar-spec-v1
2023-04-08,5.98,116.01,UTC+8,28800,6.198177,06:11:53,18.407666,18:24:28,90.833,Y,Y,solar-v1,3b7dc371ebe5931b3336f9982c5806a06a515dc2032569f5da7720470c1ec36c,solar-spec-v1
2023-04-09,5.98,116.01,UTC+8,28800,6.190537,06:11:26,18.405422,18:24:20,90.833,Y,Y,solar-v1,3b7dc371ebe5931b3336f9982c5806a06a515dc2032569f5da7720470c1ec36c,solar-spec-v1
2023-04-10,5.98,116.01,UTC+8,28800,6.182975,06:10:59,18.403242,18:24:12,90.833,Y,Y,solar-v1,3b7dc371ebe5931b3336f9982c5806a06a515dc2032569f5da7720470c1ec36c,solar-spec-v1
2023-04-11,5.98,116.01,UTC+8,28800,6.175498,06:10:32,18.401130,18:24:04,90.833,Y,Y,solar-v1,3b7dc371ebe5931b3336f9982c5806a06a515dc2032569f5da7720470c1ec36c,solar-spec-v1
2023-04-12,5.98,116.01,UTC+8,28800,6.168112,06:10:05,18.399090,18:23:57,90.833,Y,Y,solar-v1,3b7dc371ebe5931b3336f9982c5806a06a515dc2032569f5da7720470c1ec36c,solar-spec-v1
2023-04-13,5.98,116.01,UTC+8,28800,6.160823,06:09:39,18.397128,18:23:50,90.833,Y,Y,solar-v1,3b7dc371ebe5931b3336f9982c5806a06a515dc2032569f5da7720470c1ec36c,solar-spec-v1
2023-04-14,5.98,116.01,UTC+8,28800,6.153636,06:09:13,18.395248,18:23:43,90.833,Y,Y,solar-v1,3b7dc371ebe5931b3336f9982c5806a06a515dc2032569f5da7720470c1ec36c,solar-spec-v1
2023-04-15,5.98,116.01,UTC+8,28800,6.146558,06:08:48,18.393456,18:23:36,90.833,Y,Y,solar-v1,3b7dc371ebe5931b3336f9982c5806a06a515dc2032569f5da7720470c1ec36c,solar-spec-v1
2023-04-16,5.98,116.01,UTC+8,28800,6.139593,06:08:23,18.391754,18:23:30,90.833,Y,Y,solar-v1,3b7dc371ebe5931b3336f9982c5806a06a515dc2032569f5da7720470c1ec36c,solar-spec-v1
2023-04-17,5.98,116.01,UTC+8,28800,6.132748,06:07:58,18.390149,18:23:25,90.833,Y,Y,solar-v1,3b7dc371ebe5931b3336f9982c5806a06a515dc2032569f5da7720470c1ec36c,solar-spec-v1
2023-04-18,5.98,116.01,UTC+8,28800,6.126027,06:07:34,18.388642,18:23:19,90.833,Y,Y,solar-v1,3b7dc371ebe5931b3336f9982c5806a06a515dc2032569f5da7720470c1ec36c,solar-spec-v1
2023-04-19,5.98,116.01,UTC+8,28800,6.119436,06:07:10,18.387239,18:23:14,90.833,Y,Y,solar-v1,3b7dc371ebe5931b3336f9982c5806a06a515dc2032569f5da7720470c1ec36c,solar-spec-v1
2023-04-20,5.98,116.01,UTC+8,28800,6.112980,06:06:47,18.385943,18:23:09,90.833,Y,Y,solar-v1,3b7dc371ebe5931b3336f9982c5806a06a515dc2032569f5da7720470c1ec36c,solar-spec-v1
2023-04-21,5.98,116.01,UTC+8,28800,6.106664,06:06:24,18.384758,18:23:05,90.833,Y,Y,solar-v1,3b7dc371ebe5931b3336f9982c5806a06a515dc2032569f5da7720470c1ec36c,solar-spec-v1
2023-04-22,5.98,116.01,UTC+8,28800,6.100491,06:06:02,18.383686,18:23:01,90.833,Y,Y,solar-v1,3b7dc371ebe5931b3336f9982c5806a06a515dc2032569f5da7720470c1ec36c,solar-spec-v1
2023-04-23,5.98,116.01,UTC+8,28800,6.094468,06:05:40,18.382731,18:22:58,90.833,Y,Y,solar-v1,3b7dc371ebe5931b3336f9982c5806a06a515dc2032569f5da7720470c1ec36c,solar-spec-v1
2023-04-24,5.98,116.01,UTC+8,28800,6.088597,06:05:19,18.381896,18:22:55,90.833,Y,Y,solar-v1,3b7dc371ebe5931b3336f9982c5806a06a515dc2032569f5da7720470c1ec36c,solar-spec-v1
2023-04-25,5.98,116.01,UTC+8,28800,6.082884,06:04:58,18.381184,18:22:52,90.833,Y,Y,solar-v1,3b7dc371ebe5931b3336f9982c5806a06a515dc2032569f5da7720470c1ec36c,solar-spec-v1
2023-04-26,5.98,116.01,UTC+8,28800,6.077331,06:04:38,18.380596,18:22:50,90.833,Y,Y,solar-v1,3b7dc371ebe5931b3336f9982c5806a06a515dc2032569f5da7720470c1ec36c,solar-spec-v1
2023-04-27,5.98,116.01,UTC+8,28800,6.071944,06:04:19,18.380135,18:22:48,90.833,Y,Y,solar-v1,3b7dc371ebe5931b3336f9982c5806a06a515dc2032569f5da7720470c1ec36c,solar-spec-v1
2023-04-28,5.98,116.01,UTC+8,28800,6.066725,06:04:00,18.379804,18:22:47,90.833,Y,Y,solar-v1,3b7dc371ebe5931b3336f9982c5806a06a515dc2032569f5da7720470c1ec36c,solar-spec-v1
2023-04-29,5.98,116.01,UTC+8,28800,6.061678,06:03:42,18.379603,18:22:47,90.833,Y,Y,solar-v1,3b7dc371ebe5931b3336f9982c5806a06a515dc2032569f5da7720470c1ec36c,solar-spec-v1
2023-04-30,5.98,116.01,UTC+8,28800,6.056806,06:03:25,18.379535,18:22:46,90.833,Y,Y,solar-v1,3b7dc371ebe5931b3336f9982c5806a06a515dc2032569f5da7720470c1ec36c,solar-spec-v1
2023-05-01,5.98,116.01,UTC+8,28800,6.052112,06:03:08,18.379601,18:22:47,90.833,Y,Y,solar-v1,3b7dc371ebe5931b3336f9982c5806a06a515dc2032569f5da7720470c1ec36c,solar-spec-v1
2023-05-02,5.98,116.01,UTC+8,28800,6.047599,06:02:51,18.379802,18:22:47,90.833,Y,Y,solar-v1,3b7dc371ebe5931b3336f9982c5806a06a515dc2032569f5da7720470c1ec36c,solar-spec-v1
2023-05-03,5.98,116.01,UTC+8,28800,6.043269,06:02:36,18.380139,18:22:49,90.833,Y,Y,solar-v1,3b7dc371ebe5931b3336f9982c5806a06a515dc2032569f5da7720470c1ec36c,solar-spec-v1
2023-05-04,5.98,116.01,UTC+8,28800,6.039126,06:02:21,18.380612,18:22:50,90.833,Y,Y,solar-v1,3b7dc371ebe5931b3336f9982c5806a06a515dc2032569f5da7720470c1ec36c,solar-spec-v1
2023-05-05,5.98,116.01,UTC+8,28800,6.035170,06:02:07,18.381223,18:22:52,90.833,Y,Y,solar-v1,3b7dc371ebe5931b3336f9982c5806a06a515dc2032569f5da7720470c1ec36c,solar-spec-v1
2023-05-06,5.98,116.01,UTC+8,28800,6.031404,06:01:53,18.381970,18:22:55,90.833,Y,Y,solar-v1,3b7dc371ebe5931b3336f9982c5806a06a515dc2032569f5da7720470c1ec36c,solar-spec-v1
2023-05-07,5.98,116.01,UTC+8,28800,6.027831,06:01:40,18.382855,18:22:58,90.833,Y,Y,solar-v1,3b7dc371ebe5931b3336f9982c5806a06a515dc2032569f5da7720470c1ec36c,solar-spec-v1
2023-05-08,5.98,116.01,UTC+8,28800,6.024450,06:01:28,18.383876,18:23:02,90.833,Y,Y,solar-v1,3b7dc371ebe5931b3336f9982c5806a06a515dc2032569f5da7720470c1ec36c,solar-spec-v1
2023-05-09,5.98,116.01,UTC+8,28800,6.021265,06:01:17,18.385034,18:23:06,90.833,Y,Y,solar-v1,3b7dc371ebe5931b3336f9982c5806a06a515dc2032569f5da7720470c1ec36c,solar-spec-v1
2023-05-10,5.98,116.01,UTC+8,28800,6.018275,06:01:06,18.386328,18:23:11,90.833,Y,Y,solar-v1,3b7dc371ebe5931b3336f9982c5806a06a515dc2032569f5da7720470c1ec36c,solar-spec-v1
2023-05-11,5.98,116.01,UTC+8,28800,6.015482,06:00:56,18.387756,18:23:16,90.833,Y,Y,solar-v1,3b7dc371ebe5931b3336f9982c5806a06a515dc2032569f5da7720470c1ec36c,solar-spec-v1
2023-05-12,5.98,116.01,UTC+8,28800,6.012886,06:00:46,18.389318,18:23:22,90.833,Y,Y,solar-v1,3b7dc371ebe5931b3336f9982c5806a06a515dc2032569f5da7720470c1ec36c,solar-spec-v1
2023-05-13,5.98,116.01,UTC+8,28800,6.010488,06:00:38,18.391011,18:23:28,90.833,Y,Y,solar-v1,3b7dc371ebe5931b3336f9982c5806a06a515dc2032569f5da7720470c1ec36c,solar-spec-v1
2023-05-14,5.98,116.01,UTC+8,28800,6.008289,06:00:30,18.392835,18:23:34,90.833,Y,Y,solar-v1,3b7dc371ebe5931b3336f9982c5806a06a515dc2032569f5da7720470c1ec36c,solar-spec-v1
2023-05-15,5.98,116.01,UTC+8,28800,6.006288,06:00:23,18.394787,18:23:41,90.833,Y,Y,solar-v1,3b7dc371ebe5931b3336f9982c5806a06a515dc2032569f5da7720470c1ec36c,solar-spec-v1
2023-05-16,5.98,116.01,UTC+8,28800,6.004485,06:00:16,18.396866,18:23:49,90.833,Y,Y,solar-v1,3b7dc371ebe5931b3336f9982c5806a06a515dc2032569f5da7720470c1ec36c,solar-spec-v1
2023-05-17,5.98,116.01,UTC+8,28800,6.002880,06:00:10,18.399069,18:23:57,90.833,Y,Y,solar-v1,3b7dc371ebe5931b3336f9982c5806a06a515dc2032569f5da7720470c1ec36c,solar-spec-v1
2023-05-18,5.98,116.01,UTC+8,28800,6.001472,06:00:05,18.401393,18:24:05,90.833,Y,Y,solar-v1,3b7dc371ebe5931b3336f9982c5806a06a515dc2032569f5da7720470c1ec36c,solar-spec-v1
2023-05-19,5.98,116.01,UTC+8,28800,6.000260,06:00:01,18.403835,18:24:14,90.833,Y,Y,solar-v1,3b7dc371ebe5931b3336f9982c5806a06a515dc2032569f5da7720470c1ec36c,solar-spec-v1
2023-05-20,5.98,116.01,UTC+8,28800,5.999244,05:59:57,18.406394,18:24:23,90.833,Y,Y,solar-v1,3b7dc371ebe5931b3336f9982c5806a06a515dc2032569f5da7720470c1ec36c,solar-spec-v1
2023-05-21,5.98,116.01,UTC+8,28800,5.998422,05:59:54,18.409065,18:24:33,90.833,Y,Y,solar-v1,3b7dc371ebe5931b3336f9982c5806a06a515dc2032569f5da7720470c1ec36c,solar-spec-v1
2023-05-22,5.98,116.01,UTC+8,28800,5.997793,05:59:52,18.411845,18:24:43,90.833,Y,Y,solar-v1,3b7dc371ebe5931b3336f9982c5806a06a515dc2032569f5da7720470c1ec36c,solar-spec-v1
2023-05-23,5.98,116.01,UTC+8,28800,5.997354,05:59:50,18.414731,18:24:53,90.833,Y,Y,solar-v1,3b7dc371ebe5931b3336f9982c5806a06a515dc2032569f5da7720470c1ec36c,solar-spec-v1
2023-05-24,5.98,116.01,UTC+8,28800,5.997105,05:59:50,18.417718,18:25:04,90.833,Y,Y,solar-v1,3b7dc371ebe5931b3336f9982c5806a06a515dc2032569f5da7720470c1ec36c,solar-spec-v1
2023-05-25,5.98,116.01,UTC+8,28800,5.997043,05:59:49,18.420804,18:25:15,90.833,Y,Y,solar-v1,3b7dc371ebe5931b3336f9982c5806a06a515dc2032569f5da7720470c1ec36c,solar-spec-v1
2023-05-26,5.98,116.01,UTC+8,28800,5.997166,05:59:50,18.423983,18:25:26,90.833,Y,Y,solar-v1,3b7dc371ebe5931b3336f9982c5806a06a515dc2032569f5da7720470c1ec36c,solar-spec-v1
2023-05-27,5.98,116.01,UTC+8,28800,5.997471,05:59:51,18.427251,18:25:38,90.833,Y,Y,solar-v1,3b7dc371ebe5931b3336f9982c5806a06a515dc2032569f5da7720470c1ec36c,solar-spec-v1
2023-05-28,5.98,116.01,UTC+8,28800,5.997956,05:59:53,18.430605,18:25:50,90.833,Y,Y,solar-v1,3b7dc371ebe5931b3336f9982c5806a06a515dc2032569f5da7720470c1ec36c,solar-spec-v1
2023-05-29,5.98,116.01,UTC+8,28800,5.998618,05:59:55,18.434039,18:26:03,90.833,Y,Y,solar-v1,3b7dc371ebe5931b3336f9982c5806a06a515dc2032569f5da7720470c1ec36c,solar-spec-v1
2023-05-30,5.98,116.01,UTC+8,28800,5.999454,05:59:58,18.437548,18:26:15,90.833,Y,Y,solar-v1,3b7dc371ebe5931b3336f9982c5806a06a515dc2032569f5da7720470c1ec36c,solar-spec-v1
2023-05-31,5.98,116.01,UTC+8,28800,6.000460,06:00:02,18.441129,18:26:28,90.833,Y,Y,solar-v1,3b7dc371ebe5931b3336f9982c5806a06a515dc2032569f5da7720470c1ec36c,solar-spec-v1
2023-06-01,5.98,116.01,UTC+8,28800,6.001634,06:00:06,18.444774,18:26:41,90.833,Y,Y,solar-v1,3b7dc371ebe5931b3336f9982c5806a06a515dc2032569f5da7720470c1ec36c,solar-spec-v1
2023-06-02,5.98,116.01,UTC+8,28800,6.002972,06:00:11,18.448480,18:26:55,90.833,Y,Y,solar-v1,3b7dc371ebe5931b3336f9982c5806a06a515dc2032569f5da7720470c1ec36c,solar-spec-v1
2023-06-03,5.98,116.01,UTC+8,28800,6.004469,06:00:16,18.452241,18:27:08,90.833,Y,Y,solar-v1,3b7dc371ebe5931b3336f9982c5806a06a515dc2032569f5da7720470c1ec36c,solar-spec-v1
2023-06-04,5.98,116.01,UTC+8,28800,6.006122,06:00:22,18.456052,18:27:22,90.833,Y,Y,solar-v1,3b7dc371ebe5931b3336f9982c5806a06a515dc2032569f5da7720470c1ec36c,solar-spec-v1
2023-06-05,5.98,116.01,UTC+8,28800,6.007928,06:00:29,18.459907,18:27:36,90.833,Y,Y,solar-v1,3b7dc371ebe5931b3336f9982c5806a06a515dc2032569f5da7720470c1ec36c,solar-spec-v1
2023-06-06,5.98,116.01,UTC+8,28800,6.009881,06:00:36,18.463800,18:27:50,90.833,Y,Y,solar-v1,3b7dc371ebe5931b3336f9982c5806a06a515dc2032569f5da7720470c1ec36c,solar-spec-v1
2023-06-07,5.98,116.01,UTC+8,28800,6.011977,06:00:43,18.467726,18:28:04,90.833,Y,Y,solar-v1,3b7dc371ebe5931b3336f9982c5806a06a515dc2032569f5da7720470c1ec36c,solar-spec-v1
2023-06-08,5.98,116.01,UTC+8,28800,6.014211,06:00:51,18.471678,18:28:18,90.833,Y,Y,solar-v1,3b7dc371ebe5931b3336f9982c5806a06a515dc2032569f5da7720470c1ec36c,solar-spec-v1
2023-06-09,5.98,116.01,UTC+8,28800,6.016580,06:01:00,18.475651,18:28:32,90.833,Y,Y,solar-v1,3b7dc371ebe5931b3336f9982c5806a06a515dc2032569f5da7720470c1ec36c,solar-spec-v1
2023-06-10,5.98,116.01,UTC+8,28800,6.019077,06:01:09,18.479639,18:28:47,90.833,Y,Y,solar-v1,3b7dc371ebe5931b3336f9982c5806a06a515dc2032569f5da7720470c1ec36c,solar-spec-v1
2023-06-11,5.98,116.01,UTC+8,28800,6.021699,06:01:18,18.483636,18:29:01,90.833,Y,Y,solar-v1,3b7dc371ebe5931b3336f9982c5806a06a515dc2032569f5da7720470c1ec36c,solar-spec-v1
2023-06-12,5.98,116.01,UTC+8,28800,6.024439,06:01:28,18.487636,18:29:15,90.833,Y,Y,solar-v1,3b7dc371ebe5931b3336f9982c5806a06a515dc2032569f5da7720470c1ec36c,solar-spec-v1
2023-06-13,5.98,116.01,UTC+8,28800,6.027293,06:01:38,18.491632,18:29:30,90.833,Y,Y,solar-v1,3b7dc371ebe5931b3336f9982c5806a06a515dc2032569f5da7720470c1ec36c,solar-spec-v1
2023-06-14,5.98,116.01,UTC+8,28800,6.030255,06:01:49,18.495618,18:29:44,90.833,Y,Y,solar-v1,3b7dc371ebe5931b3336f9982c5806a06a515dc2032569f5da7720470c1ec36c,solar-spec-v1
2023-06-15,5.98,116.01,UTC+8,28800,6.033320,06:02:00,18.499588,18:29:59,90.833,Y,Y,solar-v1,3b7dc371ebe5931b3336f9982c5806a06a515dc2032569f5da7720470c1ec36c,solar-spec-v1
2023-06-16,5.98,116.01,UTC+8,28800,6.036482,06:02:11,18.503537,18:30:13,90.833,Y,Y,solar-v1,3b7dc371ebe5931b3336f9982c5806a06a515dc2032569f5da7720470c1ec36c,solar-spec-v1
2023-06-17,5.98,116.01,UTC+8,28800,6.039736,06:02:23,18.507457,18:30:27,90.833,Y,Y,solar-v1,3b7dc371ebe5931b3336f9982c5806a06a515dc2032569f5da7720470c1ec36c,solar-spec-v1
2023-06-18,5.98,116.01,UTC+8,28800,6.043075,06:02:35,18.511342,18:30:41,90.833,Y,Y,solar-v1,3b7dc371ebe5931b3336f9982c5806a06a515dc2032569f5da7720470c1ec36c,solar-spec-v1
2023-06-19,5.98,116.01,UTC+8,28800,6.046494,06:02:47,18.515186,18:30:55,90.833,Y,Y,solar-v1,3b7dc371ebe5931b3336f9982c5806a06a515dc2032569f5da7720470c1ec36c,solar-spec-v1
2023-06-20,5.98,116.01,UTC+8,28800,6.049987,06:03:00,18.518983,18:31:08,90.833,Y,Y,solar-v1,3b7dc371ebe5931b3336f9982c5806a06a515dc2032569f5da7720470c1ec36c,solar-spec-v1
2023-06-21,5.98,116.01,UTC+8,28800,6.053548,06:03:13,18.522727,18:31:22,90.833,Y,Y,solar-v1,3b7dc371ebe5931b3336f9982c5806a06a515dc2032569f5da7720470c1ec36c,solar-spec-v1
2023-06-22,5.98,116.01,UTC+8,28800,6.057170,06:03:26,18.526411,18:31:35,90.833,Y,Y,solar-v1,3b7dc371ebe5931b3336f9982c5806a06a515dc2032569f5da7720470c1ec36c,solar-spec-v1
2023-06-23,5.98,116.01,UTC+8,28800,6.060848,06:03:39,18.530029,18:31:48,90.833,Y,Y,solar-v1,3b7dc371ebe5931b3336f9982c5806a06a515dc2032569f5da7720470c1ec36c,solar-spec-v1
2023-06-24,5.98,116.01,UTC+8,28800,6.064575,06:03:52,18.533576,18:32:01,90.833,Y,Y,solar-v1,3b7dc371ebe5931b3336f9982c5806a06a515dc2032569f5da7720470c1ec36c,solar-spec-v1
2023-06-25,5.98,116.01,UTC+8,28800,6.068345,06:04:06,18.537045,18:32:13,90.833,Y,Y,solar-v1,3b7dc371ebe5931b3336f9982c5806a06a515dc2032569f5da7720470c1ec36c,solar-spec-v1
2023-06-26,5.98,116.01,UTC+8,28800,6.072153,06:04:20,18.540429,18:32:26,90.833,Y,Y,solar-v1,3b7dc371ebe5931b3336f9982c5806a06a515dc2032569f5da7720470c1ec36c,solar-spec-v1
2023-06-27,5.98,116.01,UTC+8,28800,6.075991,06:04:34,18.543724,18:32:37,90.833,Y,Y,solar-v1,3b7dc371ebe5931b3336f9982c5806a06a515dc2032569f5da7720470c1ec36c,solar-spec-v1
2023-06-28,5.98,116.01,UTC+8,28800,6.079853,06:04:47,18.546923,18:32:49,90.833,Y,Y,solar-v1,3b7dc371ebe5931b3336f9982c5806a06a515dc2032569f5da7720470c1ec36c,solar-spec-v1
2023-06-29,5.98,116.01,UTC+8,28800,6.083733,06:05:01,18.550021,18:33:00,90.833,Y,Y,solar-v1,3b7dc371ebe5931b3336f9982c5806a06a515dc2032569f5da7720470c1ec36c,solar-spec-v1
2023-06-30,5.98,116.01,UTC+8,28800,6.087625,06:05:15,18.553011,18:33:11,90.833,Y,Y,solar-v1,3b7dc371ebe5931b3336f9982c5806a06a515dc2032569f5da7720470c1ec36c,solar-spec-v1
2023-07-01,5.98,116.01,UTC+8,28800,6.091522,06:05:29,18.555889,18:33:21,90.833,Y,Y,solar-v1,3b7dc371ebe5931b3336f9982c5806a06a515dc2032569f5da7720470c1ec36c,solar-spec-v1
2023-07-02,5.98,116.01,UTC+8,28800,6.095418,06:05:44,18.558648,18:33:31,90.833,Y,Y,solar-v1,3b7dc371ebe5931b3336f9982c5806a06a515dc2032569f5da7720470c1ec36c,solar-spec-v1
2023-07-03,5.98,116.01,UTC+8,28800,6.099307,06:05:58,18.561284,18:33:41,90.833,Y,Y,solar-v1,3b7dc371ebe5931b3336f9982c5806a06a515dc2032569f5da7720470c1ec36c,solar-spec-v1
2023-07-04,5.98,116.01,UTC+8,28800,6.103183,06:06:11,18.563791,18:33:50,90.833,Y,Y,solar-v1,3b7dc371ebe5931b3336f9982c5806a06a515dc2032569f5da7720470c1ec36c,solar-spec-v1
2023-07-05,5.98,116.01,UTC+8,28800,6.107039,06:06:25,18.566164,18:33:58,90.833,Y,Y,solar-v1,3b7dc371ebe5931b3336f9982c5806a06a515dc2032569f5da7720470c1ec36c,solar-spec-v1
2023-07-06,5.98,116.01,UTC+8,28800,6.110870,06:06:39,18.568398,18:34:06,90.833,Y,Y,solar-v1,3b7dc371ebe5931b3336f9982c5806a06a515dc2032569f5da7720470c1ec36c,solar-spec-v1
2023-07-07,5.98,116.01,UTC+8,28800,6.114669,06:06:53,18.570487,18:34:14,90.833,Y,Y,solar-v1,3b7dc371ebe5931b3336f9982c5806a06a515dc2032569f5da7720470c1ec36c,solar-spec-v1
2023-07-08,5.98,116.01,UTC+8,28800,6.118430,06:07:06,18.572428,18:34:21,90.833,Y,Y,solar-v1,3b7dc371ebe5931b3336f9982c5806a06a515dc2032569f5da7720470c1ec36c,solar-spec-v1
2023-07-09,5.98,116.01,UTC+8,28800,6.122148,06:07:20,18.574216,18:34:27,90.833,Y,Y,solar-v1,3b7dc371ebe5931b3336f9982c5806a06a515dc2032569f5da7720470c1ec36c,solar-spec-v1
2023-07-10,5.98,116.01,UTC+8,28800,6.125816,06:07:33,18.575846,18:34:33,90.833,Y,Y,solar-v1,3b7dc371ebe5931b3336f9982c5806a06a515dc2032569f5da7720470c1ec36c,solar-spec-v1
2023-07-11,5.98,116.01,UTC+8,28800,6.129429,06:07:46,18.577314,18:34:38,90.833,Y,Y,solar-v1,3b7dc371ebe5931b3336f9982c5806a06a515dc2032569f5da7720470c1ec36c,solar-spec-v1
2023-07-12,5.98,116.01,UTC+8,28800,6.132981,06:07:59,18.578616,18:34:43,90.833,Y,Y,solar-v1,3b7dc371ebe5931b3336f9982c5806a06a515dc2032569f5da7720470c1ec36c,solar-spec-v1
2023-07-13,5.98,116.01,UTC+8,28800,6.136466,06:08:11,18.579748,18:34:47,90.833,Y,Y,solar-v1,3b7dc371ebe5931b3336f9982c5806a06a515dc2032569f5da7720470c1ec36c,solar-spec-v1
2023-07-14,5.98,116.01,UTC+8,28800,6.139880,06:08:24,18.580706,18:34:51,90.833,Y,Y,solar-v1,3b7dc371ebe5931b3336f9982c5806a06a515dc2032569f5da7720470c1ec36c,solar-spec-v1
2023-07-15,5.98,116.01,UTC+8,28800,6.143217,06:08:36,18.581486,18:34:53,90.833,Y,Y,solar-v1,3b7dc371ebe5931b3336f9982c5806a06a515dc2032569f5da7720470c1ec36c,solar-spec-v1
2023-07-16,5.98,116.01,UTC+8,28800,6.146472,06:08:47,18.582085,18:34:56,90.833,Y,Y,solar-v1,3b7dc371ebe5931b3336f9982c5806a06a515dc2032569f5da7720470c1ec36c,solar-spec-v1
2023-07-17,5.98,116.01,UTC+8,28800,6.149639,06:08:59,18.582500,18:34:57,90.833,Y,Y,solar-v1,3b7dc371ebe5931b3336f9982c5806a06a515dc2032569f5da7720470c1ec36c,solar-spec-v1
2023-07-18,5.98,116.01,UTC+8,28800,6.152715,06:09:10,18.582728,18:34:58,90.833,Y,Y,solar-v1,3b7dc371ebe5931b3336f9982c5806a06a515dc2032569f5da7720470c1ec36c,solar-spec-v1
2023-07-19,5.98,116.01,UTC+8,28800,6.155693,06:09:20,18.582765,18:34:58,90.833,Y,Y,solar-v1,3b7dc371ebe5931b3336f9982c5806a06a515dc2032569f5da7720470c1ec36c,solar-spec-v1
2023-07-20,5.98,116.01,UTC+8,28800,6.158571,06:09:31,18.582610,18:34:57,90.833,Y,Y,solar-v1,3b7dc371ebe5931b3336f9982c5806a06a515dc2032569f5da7720470c1ec36c,solar-spec-v1
2023-07-21,5.98,116.01,UTC+8,28800,6.161343,06:09:41,18.582259,18:34:56,90.833,Y,Y,solar-v1,3b7dc371ebe5931b3336f9982c5806a06a515dc2032569f5da7720470c1ec36c,solar-spec-v1
2023-07-22,5.98,116.01,UTC+8,28800,6.164004,06:09:50,18.581710,18:34:54,90.833,Y,Y,solar-v1,3b7dc371ebe5931b3336f9982c5806a06a515dc2032569f5da7720470c1ec36c,solar-spec-v1
2023-07-23,5.98,116.01,UTC+8,28800,6.166552,06:10:00,18.580962,18:34:51,90.833,Y,Y,solar-v1,3b7dc371ebe5931b3336f9982c5806a06a515dc2032569f5da7720470c1ec36c,solar-spec-v1
2023-07-24,5.98,116.01,UTC+8,28800,6.168983,06:10:08,18.580011,18:34:48,90.833,Y,Y,solar-v1,3b7dc371ebe5931b3336f9982c5806a06a515dc2032569f5da7720470c1ec36c,solar-spec-v1
2023-07-25,5.98,116.01,UTC+8,28800,6.171292,06:10:17,18.578857,18:34:44,90.833,Y,Y,solar-v1,3b7dc371ebe5931b3336f9982c5806a06a515dc2032569f5da7720470c1ec36c,solar-spec-v1
2023-07-26,5.98,116.01,UTC+8,28800,6.173476,06:10:25,18.577499,18:34:39,90.833,Y,Y,solar-v1,3b7dc371ebe5931b3336f9982c5806a06a515dc2032569f5da7720470c1ec36c,solar-spec-v1
2023-07-27,5.98,116.01,UTC+8,28800,6.175532,06:10:32,18.575934,18:34:33,90.833,Y,Y,solar-v1,3b7dc371ebe5931b3336f9982c5806a06a515dc2032569f5da7720470c1ec36c,solar-spec-v1
2023-07-28,5.98,116.01,UTC+8,28800,6.177457,06:10:39,18.574161,18:34:27,90.833,Y,Y,solar-v1,3b7dc371ebe5931b3336f9982c5806a06a515dc2032569f5da7720470c1ec36c,solar-spec-v1
2023-07-29,5.98,116.01,UTC+8,28800,6.179248,06:10:45,18.572181,18:34:20,90.833,Y,Y,solar-v1,3b7dc371ebe5931b3336f9982c5806a06a515dc2032569f5da7720470c1ec36c,solar-spec-v1
2023-07-30,5.98,116.01,UTC+8,28800,6.180902,06:10:51,18.569992,18:34:12,90.833,Y,Y,solar-v1,3b7dc371ebe5931b3336f9982c5806a06a515dc2032569f5da7720470c1ec36c,solar-spec-v1
2023-07-31,5.98,116.01,UTC+8,28800,6.182418,06:10:57,18.567593,18:34:03,90.833,Y,Y,solar-v1,3b7dc371ebe5931b3336f9982c5806a06a515dc2032569f5da7720470c1ec36c,solar-spec-v1
2023-08-01,5.98,116.01,UTC+8,28800,6.183792,06:11:02,18.564985,18:33:54,90.833,Y,Y,solar-v1,3b7dc371ebe5931b3336f9982c5806a06a515dc2032569f5da7720470c1ec36c,solar-spec-v1
2023-08-02,5.98,116.01,UTC+8,28800,6.185024,06:11:06,18.562168,18:33:44,90.833,Y,Y,solar-v1,3b7dc371ebe5931b3336f9982c5806a06a515dc2032569f5da7720470c1ec36c,solar-spec-v1
2023-08-03,5.98,116.01,UTC+8,28800,6.186111,06:11:10,18.559142,18:33:33,90.833,Y,Y,solar-v1,3b7dc371ebe5931b3336f9982c5806a06a515dc2032569f5da7720470c1ec36c,solar-spec-v1
2023-08-04,5.98,116.01,UTC+8,28800,6.187051,06:11:13,18.555906,18:33:21,90.833,Y,Y,solar-v1,3b7dc371ebe5931b3336f9982c5806a06a515dc2032569f5da7720470c1ec36c,solar-spec-v1
2023-08-05,5.98,116.01,UTC+8,28800,6.187844,06:11:16,18.552463,18:33:09,90.833,Y,Y,solar-v1,3b7dc371ebe5931b3336f9982c5806a06a515dc2032569f5da7720470c1ec36c,solar-spec-v1
2023-08-06,5.98,116.01,UTC+8,28800,6.188489,06:11:19,18.548812,18:32:56,90.833,Y,Y,solar-v1,3b7dc371ebe5931b3336f9982c5806a06a515dc2032569f5da7720470c1ec36c,solar-spec-v1
2023-08-07,5.98,116.01,UTC+8,28800,6.188985,06:11:20,18.544956,18:32:42,90.833,Y,Y,solar-v1,3b7dc371ebe5931b3336f9982c5806a06a515dc2032569f5da7720470c1ec36c,solar-spec-v1
2023-08-08,5.98,116.01,UTC+8,28800,6.189330,06:11:22,18.540894,18:32:27,90.833,Y,Y,solar-v1,3b7dc371ebe5931b3336f9982c5806a06a515dc2032569f5da7720470c1ec36c,solar-spec-v1
2023-08-09,5.98,116.01,UTC+8,28800,6.189526,06:11:22,18.536629,18:32:12,90.833,Y,Y,solar-v1,3b7dc371ebe5931b3336f9982c5806a06a515dc2032569f5da7720470c1ec36c,solar-spec-v1
2023-08-10,5.98,116.01,UTC+8,28800,6.189571,06:11:22,18.532163,18:31:56,90.833,Y,Y,solar-v1,3b7dc371ebe5931b3336f9982c5806a06a515dc2032569f5da7720470c1ec36c,solar-spec-v1
2023-08-11,5.98,116.01,UTC+8,28800,6.189467,06:11:22,18.527497,18:31:39,90.833,Y,Y,solar-v1,3b7dc371ebe5931b3336f9982c5806a06a515dc2032569f5da7720470c1ec36c,solar-spec-v1
2023-08-12,5.98,116.01,UTC+8,28800,6.189213,06:11:21,18.522633,18:31:21,90.833,Y,Y,solar-v1,3b7dc371ebe5931b3336f9982c5806a06a515dc2032569f5da7720470c1ec36c,solar-spec-v1
2023-08-13,5.98,116.01,UTC+8,28800,6.188810,06:11:20,18.517574,18:31:03,90.833,Y,Y,solar-v1,3b7dc371ebe5931b3336f9982c5806a06a515dc2032569f5da7720470c1ec36c,solar-spec-v1
2023-08-14,5.98,116.01,UTC+8,28800,6.188259,06:11:18,18.512323,18:30:44,90.833,Y,Y,solar-v1,3b7dc371ebe5931b3336f9982c5806a06a515dc2032569f5da7720470c1ec36c,solar-spec-v1
2023-08-15,5.98,116.01,UTC+8,28800,6.187561,06:11:15,18.506882,18:30:25,90.833,Y,Y,solar-v1,3b7dc371ebe5931b3336f9982c5806a06a515dc2032569f5da7720470c1ec36c,solar-spec-v1
2023-08-16,5.98,116.01,UTC+8,28800,6.186718,06:11:12,18.501255,18:30:05,90.833,Y,Y,solar-v1,3b7dc371ebe5931b3336f9982c5806a06a515dc2032569f5da7720470c1ec36c,solar-spec-v1
2023-08-17,5.98,116.01,UTC+8,28800,6.185731,06:11:09,18.495444,18:29:44,90.833,Y,Y,solar-v1,3b7dc371ebe5931b3336f9982c5806a06a515dc2032569f5da7720470c1ec36c,solar-spec-v1
2023-08-18,5.98,116.01,UTC+8,28800,6.184602,06:11:05,18.489453,18:29:22,90.833,Y,Y,solar-v1,3b7dc371ebe5931b3336f9982c5806a06a515dc2032569f5da7720470c1ec36c,solar-spec-v1
2023-08-19,5.98,116.01,UTC+8,28800,6.183333,06:11:00,18.483285,18:29:00,90.833,Y,Y,solar-v1,3b7dc371ebe5931b3336f9982c5806a06a515dc2032569f5da7720470c1ec36c,solar-spec-v1
2023-08-20,5.98,116.01,UTC+8,28800,6.181926,06:10:55,18.476944,18:28:37,90.833,Y,Y,solar-v1,3b7dc371ebe5931b3336f9982c5806a06a515dc2032569f5da7720470c1ec36c,solar-spec-v1
2023-08-21,5.98,116.01,UTC+8,28800,6.180384,06:10:49,18.470435,18:28:14,90.833,Y,Y,solar-v1,3b7dc371ebe5931b3336f9982c5806a06a515dc2032569f5da7720470c1ec36c,solar-spec-v1
2023-08-22,5.98,116.01,UTC+8,28800,6.178710,06:10:43,18.463761,18:27:50,90.833,Y,Y,solar-v1,3b7dc371ebe5931b3336f9982c5806a06a515dc2032569f5da7720470c1ec36c,solar-spec-v1
2023-08-23,5.98,116.01,UTC+8,28800,6.176906,06:10:37,18.456927,18:27:25,90.833,Y,Y,solar-v1,3b7dc371ebe5931b3336f9982c5806a06a515dc2032569f5da7720470c1ec36c,solar-spec-v1
2023-08-24,5.98,116.01,UTC+8,28800,6.174975,06:10:30,18.449937,18:27:00,90.833,Y,Y,solar-v1,3b7dc371ebe5931b3336f9982c5806a06a515dc2032569f5da7720470c1ec36c,solar-spec-v1
2023-08-25,5.98,116.01,UTC+8,28800,6.172922,06:10:23,18.442796,18:26:34,90.833,Y,Y,solar-v1,3b7dc371ebe5931b3336f9982c5806a06a515dc2032569f5da7720470c1ec36c,solar-spec-v1
2023-08-26,5.98,116.01,UTC+8,28800,6.170749,06:10:15,18.435509,18:26:08,90.833,Y,Y,solar-v1,3b7dc371ebe5931b3336f9982c5806a06a515dc2032569f5da7720470c1ec36c,solar-spec-v1
2023-08-27,5.98,116.01,UTC+8,28800,6.168460,06:10:06,18.428081,18:25:41,90.833,Y,Y,solar-v1,3b7dc371ebe5931b3336f9982c5806a06a515dc2032569f5da7720470c1ec36c,solar-spec-v1
2023-08-28,5.98,116.01,UTC+8,28800,6.166060,06:09:58,18.420516,18:25:14,90.833,Y,Y,solar-v1,3b7dc371ebe5931b3336f9982c5806a06a515dc2032569f5da7720470c1ec36c,solar-spec-v1
2023-08-29,5.98,116.01,UTC+8,28800,6.163552,06:09:49,18.412821,18:24:46,90.833,Y,Y,solar-v1,3b7dc371ebe5931b3336f9982c5806a06a515dc2032569f5da7720470c1ec36c,solar-spec-v1
2023-08-30,5.98,116.01,UTC+8,28800,6.160941,06:09:39,18.405001,18:24:18,90.833,Y,Y,solar-v1,3b7dc371ebe5931b3336f9982c5806a06a515dc2032569f5da7720470c1ec36c,solar-spec-v1
2023-08-31,5.98,116.01,UTC+8,28800,6.158231,06:09:30,18.397062,18:23:49,90.833,Y,Y,solar-v1,3b7dc371ebe5931b3336f9982c5806a06a515dc2032569f5da7720470c1ec36c,solar-spec-v1
2023-09-01,5.98,116.01,UTC+8,28800,6.155427,06:09:20,18.389009,18:23:20,90.833,Y,Y,solar-v1,3b7dc371ebe5931b3336f9982c5806a06a515dc2032569f5da7720470c1ec36c,solar-spec-v1
2023-09-02,5.98,116.01,UTC+8,28800,6.152533,06:09:09,18.380848,18:22:51,90.833,Y,Y,solar-v1,3b7dc371ebe5931b3336f9982c5806a06a515dc2032569f5da7720470c1ec36c,solar-spec-v1
2023-09-03,5.98,116.01,UTC+8,28800,6.149555,06:08:58,18.372586,18:22:21,90.833,Y,Y,solar-v1,3b7dc371ebe5931b3336f9982c5806a06a515dc2032569f5da7720470c1ec36c,solar-spec-v1
2023-09-04,5.98,116.01,UTC+8,28800,6.146498,06:08:47,18.364228,18:21:51,90.833,Y,Y,solar-v1,3b7dc371ebe5931b3336f9982c5806a06a515dc2032569f5da7720470c1ec36c,solar-spec-v1
2023-09-05,5.98,116.01,UTC+8,28800,6.143368,06:08:36,18.355780,18:21:21,90.833,Y,Y,solar-v1,3b7dc371ebe5931b3336f9982c5806a06a515dc2032569f5da7720470c1ec36c,solar-spec-v1
2023-09-06,5.98,116.01,UTC+8,28800,6.140168,06:08:25,18.347250,18:20:50,90.833,Y,Y,solar-v1,3b7dc371ebe5931b3336f9982c5806a06a515dc2032569f5da7720470c1ec36c,solar-spec-v1
2023-09-07,5.98,116.01,UTC+8,28800,6.136906,06:08:13,18.338644,18:20:19,90.833,Y,Y,solar-v1,3b7dc371ebe5931b3336f9982c5806a06a515dc2032569f5da7720470c1ec36c,solar-spec-v1
2023-09-08,5.98,116.01,UTC+8,28800,6.133587,06:08:01,18.329968,18:19:48,90.833,Y,Y,solar-v1,3b7dc371ebe5931b3336f9982c5806a06a515dc2032569f5da7720470c1ec36c,solar-spec-v1
2023-09-09,5.98,116.01,UTC+8,28800,6.130216,06:07:49,18.321230,18:19:16,90.833,Y,Y,solar-v1,3b7dc371ebe5931b3336f9982c5806a06a515dc2032569f5da7720470c1ec36c,solar-spec-v1
2023-09-10,5.98,116.01,UTC+8,28800,6.126800,06:07:36,18.312435,18:18:45,90.833,Y,Y,solar-v1,3b7dc371ebe5931b3336f9982c5806a06a515dc2032569f5da7720470c1ec36c,solar-spec-v1
2023-09-11,5.98,116.01,UTC+8,28800,6.123343,06:07:24,18.303591,18:18:13,90.833,Y,Y,solar-v1,3b7dc371ebe5931b3336f9982c5806a06a515dc2032569f5da7720470c1ec36c,solar-spec-v1
2023-09-12,5.98,116.01,UTC+8,28800,6.119854,06:07:11,18.294705,18:17:41,90.833,Y,Y,solar-v1,3b7dc371ebe5931b3336f9982c5806a06a515dc2032569f5da7720470c1ec36c,solar-spec-v1
2023-09-13,5.98,116.01,UTC+8,28800,6.116337,06:06:59,18.285783,18:17:09,90.833,Y,Y,solar-v1,3b7dc371ebe5931b3336f9982c5806a06a515dc2032569f5da7720470c1ec36c,solar-spec-v1
2023-09-14,5.98,116.01,UTC+8,28800,6.112799,06:06:46,18.276833,18:16:37,90.833,Y,Y,solar-v1,3b7dc371ebe5931b3336f9982c5806a06a515dc2032569f5da7720470c1ec36c,solar-spec-v1
2023-09-15,5.98,116.01,UTC+8,28800,6.109246,06:06:33,18.267863,18:16:04,90.833,Y,Y,solar-v1,3b7dc371ebe5931b3336f9982c5806a06a515dc2032569f5da7720470c1ec36c,solar-spec-v1
2023-09-16,5.98,116.01,UTC+8,28800,6.105684,06:06:20,18.258878,18:15:32,90.833,Y,Y,solar-v1,3b7dc371ebe5931b3336f9982c5806a06a515dc2032569f5da7720470c1ec36c,solar-spec-v1
2023-09-17,5.98,116.01,UTC+8,28800,6.102121,06:06:08,18.249887,18:15:00,90.833,Y,Y,solar-v1,3b7dc371ebe5931b3336f9982c5806a06a515dc2032569f5da7720470c1ec36c,solar-spec-v1
2023-09-18,5.98,116.01,UTC+8,28800,6.098562,06:05:55,18.240896,18:14:27,90.833,Y,Y,solar-v1,3b7dc371ebe5931b3336f9982c5806a06a515dc2032569f5da7720470c1ec36c,solar-spec-v1
2023-09-19,5.98,116.01,UTC+8,28800,6.095013,06:05:42,18.231914,18:13:55,90.833,Y,Y,solar-v1,3b7dc371ebe5931b3336f9982c5806a06a515dc2032569f5da7720470c1ec36c,solar-spec-v1
2023-09-20,5.98,116.01,UTC+8,28800,6.091482,06:05:29,18.222946,18:13:23,90.833,Y,Y,solar-v1,3b7dc371ebe5931b3336f9982c5806a06a515dc2032569f5da7720470c1ec36c,solar-spec-v1
2023-09-21,5.98,116.01,UTC+8,28800,6.087975,06:05:17,18.214002,18:12:50,90.833,Y,Y,solar-v1,3b7dc371ebe5931b3336f9982c5806a06a515dc2032569f5da7720470c1ec36c,solar-spec-v1
2023-09-22,5.98,116.01,UTC+8,28800,6.084498,06:05:04,18.205087,18:12:18,90.833,Y,Y,solar-v1,3b7dc371ebe5931b3336f9982c5806a06a515dc2032569f5da7720470c1ec36c,solar-spec-v1
2023-09-23,5.98,116.01,UTC+8,28800,6.081058,06:04:52,18.196209,18:11:46,90.833,Y,Y,solar-v1,3b7dc371ebe5931b3336f9982c5806a06a515dc2032569f5da7720470c1ec36c,solar-spec-v1
2023-09-24,5.98,116.01,UTC+8,28800,6.077662,06:04:40,18.187375,18:11:15,90.833,Y,Y,solar-v1,3b7dc371ebe5931b3336f9982c5806a06a515dc2032569f5da7720470c1ec36c,solar-spec-v1
2023-09-25,5.98,116.01,UTC+8,28800,6.074315,06:04:28,18.178594,18:10:43,90.833,Y,Y,solar-v1,3b7dc371ebe5931b3336f9982c5806a06a515dc2032569f5da7720470c1ec36c,solar-spec-v1
2023-09-26,5.98,116.01,UTC+8,28800,6.071024,06:04:16,18.169871,18:10:12,90.833,Y,Y,solar-v1,3b7dc371ebe5931b3336f9982c5806a06a515dc2032569f5da7720470c1ec36c,solar-spec-v1
2023-09-27,5.98,116.01,UTC+8,28800,6.067797,06:04:04,18.161214,18:09:40,90.833,Y,Y,solar-v1,3b7dc371ebe5931b3336f9982c5806a06a515dc2032569f5da7720470c1ec36c,solar-spec-v1
2023-09-28,5.98,116.01,UTC+8,28800,6.064638,06:03:53,18.152631,18:09:09,90.833,Y,Y,solar-v1,3b7dc371ebe5931b3336f9982c5806a06a515dc2032569f5da7720470c1ec36c,solar-spec-v1
2023-09-29,5.98,116.01,UTC+8,28800,6.061554,06:03:42,18.144128,18:08:39,90.833,Y,Y,solar-v1,3b7dc371ebe5931b3336f9982c5806a06a515dc2032569f5da7720470c1ec36c,solar-spec-v1
2023-09-30,5.98,116.01,UTC+8,28800,6.058553,06:03:31,18.135712,18:08:09,90.833,Y,Y,solar-v1,3b7dc371ebe5931b3336f9982c5806a06a515dc2032569f5da7720470c1ec36c,solar-spec-v1
2023-10-01,5.98,116.01,UTC+8,28800,6.055639,06:03:20,18.127391,18:07:39,90.833,Y,Y,solar-v1,3b7dc371ebe5931b3336f9982c5806a06a515dc2032569f5da7720470c1ec36c,solar-spec-v1
2023-10-02,5.98,116.01,UTC+8,28800,6.052819,06:03:10,18.119172,18:07:09,90.833,Y,Y,solar-v1,3b7dc371ebe5931b3336f9982c5806a06a515dc2032569f5da7720470c1ec36c,solar-spec-v1
2023-10-03,5.98,116.01,UTC+8,28800,6.050098,06:03:00,18.111061,18:06:40,90.833,Y,Y,solar-v1,3b7dc371ebe5931b3336f9982c5806a06a515dc2032569f5da7720470c1ec36c,solar-spec-v1
2023-10-04,5.98,116.01,UTC+8,28800,6.047484,06:02:51,18.103064,18:06:11,90.833,Y,Y,solar-v1,3b7dc371ebe5931b3336f9982c5806a06a515dc2032569f5da7720470c1ec36c,solar-spec-v1
2023-10-05,5.98,116.01,UTC+8,28800,6.044981,06:02:42,18.095190,18:05:43,90.833,Y,Y,solar-v1,3b7dc371ebe5931b3336f9982c5806a06a515dc2032569f5da7720470c1ec36c,solar-spec-v1
2023-10-06,5.98,116.01,UTC+8,28800,6.042595,06:02:33,18.087444,18:05:15,90.833,Y,Y,solar-v1,3b7dc371ebe5931b3336f9982c5806a06a515dc2032569f5da7720470c1ec36c,solar-spec-v1
2023-10-07,5.98,116.01,UTC+8,28800,6.040332,06:02:25,18.079832,18:04:47,90.833,Y,Y,solar-v1,3b7dc371ebe5931b3336f9982c5806a06a515dc2032569f5da7720470c1ec36c,solar-spec-v1
2023-10-08,5.98,116.01,UTC+8,28800,6.038198,06:02:18,18.072362,18:04:21,90.833,Y,Y,solar-v1,3b7dc371ebe5931b3336f9982c5806a06a515dc2032569f5da7720470c1ec36c,solar-spec-v1
2023-10-09,5.98,116.01,UTC+8,28800,6.036196,06:02:10,18.065039,18:03:54,90.833,Y,Y,solar-v1,3b7dc371ebe5931b3336f9982c5806a06a515dc2032569f5da7720470c1ec36c,solar-spec-v1
2023-10-10,5.98,116.01,UTC+8,28800,6.034334,06:02:04,18.057869,18:03:28,90.833,Y,Y,solar-v1,3b7dc371ebe5931b3336f9982c5806a06a515dc2032569f5da7720470c1ec36c,solar-spec-v1
2023-10-11,5.98,116.01,UTC+8,28800,6.032615,06:01:57,18.050860,18:03:03,90.833,Y,Y,solar-v1,3b7dc371ebe5931b3336f9982c5806a06a515dc2032569f5da7720470c1ec36c,solar-spec-v1
2023-10-12,5.98,116.01,UTC+8,28800,6.031045,06:01:52,18.044015,18:02:38,90.833,Y,Y,solar-v1,3b7dc371ebe5931b3336f9982c5806a06a515dc2032569f5da7720470c1ec36c,solar-spec-v1
2023-10-13,5.98,116.01,UTC+8,28800,6.029628,06:01:47,18.037341,18:02:14,90.833,Y,Y,solar-v1,3b7dc371ebe5931b3336f9982c5806a06a515dc2032569f5da7720470c1ec36c,solar-spec-v1
2023-10-14,5.98,116.01,UTC+8,28800,6.028368,06:01:42,18.030845,18:01:51,90.833,Y,Y,solar-v1,3b7dc371ebe5931b3336f9982c5806a06a515dc2032569f5da7720470c1ec36c,solar-spec-v1
2023-10-15,5.98,116.01,UTC+8,28800,6.027270,06:01:38,18.024530,18:01:28,90.833,Y,Y,solar-v1,3b7dc371ebe5931b3336f9982c5806a06a515dc2032569f5da7720470c1ec36c,solar-spec-v1
2023-10-16,5.98,116.01,UTC+8,28800,6.026339,06:01:35,18.018402,18:01:06,90.833,Y,Y,solar-v1,3b7dc371ebe5931b3336f9982c5806a06a515dc2032569f5da7720470c1ec36c,solar-spec-v1
2023-10-17,5.98,116.01,UTC+8,28800,6.025577,06:01:32,18.012467,18:00:45,90.833,Y,Y,solar-v1,3b7dc371ebe5931b3336f9982c5806a06a515dc2032569f5da7720470c1ec36c,solar-spec-v1
2023-10-18,5.98,116.01,UTC+8,28800,6.024990,06:01:30,18.006729,18:00:24,90.833,Y,Y,solar-v1,3b7dc371ebe5931b3336f9982c5806a06a515dc2032569f5da7720470c1ec36c,solar-spec-v1
2023-10-19,5.98,116.01,UTC+8,28800,6.024579,06:01:28,18.001194,18:00:04,90.833,Y,Y,solar-v1,3b7dc371ebe5931b3336f9982c5806a06a515dc2032569f5da7720470c1ec36c,solar-spec-v1
2023-10-20,5.98,116.01,UTC+8,28800,6.024350,06:01:28,17.995865,17:59:45,90.833,Y,Y,solar-v1,3b7dc371ebe5931b3336f9982c5806a06a515dc2032569f5da7720470c1ec36c,solar-spec-v1
2023-10-21,5.98,116.01,UTC+8,28800,6.024304,06:01:27,17.990747,17:59:27,90.833,Y,Y,solar-v1,3b7dc371ebe5931b3336f9982c5806a06a515dc2032569f5da7720470c1ec36c,solar-spec-v1
2023-10-22,5.98,116.01,UTC+8,28800,6.024444,06:01:28,17.985844,17:59:09,90.833,Y,Y,solar-v1,3b7dc371ebe5931b3336f9982c5806a06a515dc2032569f5da7720470c1ec36c,solar-spec-v1
2023-10-23,5.98,116.01,UTC+8,28800,6.024774,06:01:29,17.981161,17:58:52,90.833,Y,Y,solar-v1,3b7dc371ebe5931b3336f9982c5806a06a515dc2032569f5da7720470c1ec36c,solar-spec-v1
2023-10-24,5.98,116.01,UTC+8,28800,6.025296,06:01:31,17.976700,17:58:36,90.833,Y,Y,solar-v1,3b7dc371ebe5931b3336f9982c5806a06a515dc2032569f5da7720470c1ec36c,solar-spec-v1
2023-10-25,5.98,116.01,UTC+8,28800,6.026012,06:01:34,17.972467,17:58:21,90.833,Y,Y,solar-v1,3b7dc371ebe5931b3336f9982c5806a06a515dc2032569f5da7720470c1ec36c,solar-spec-v1
2023-10-26,5.98,116.01,UTC+8,28800,6.026924,06:01:37,17.968463,17:58:06,90.833,Y,Y,solar-v1,3b7dc371ebe5931b3336f9982c5806a06a515dc2032569f5da7720470c1ec36c,solar-spec-v1
2023-10-27,5.98,116.01,UTC+8,28800,6.028033,06:01:41,17.964693,17:57:53,90.833,Y,Y,solar-v1,3b7dc371ebe5931b3336f9982c5806a06a515dc2032569f5da7720470c1ec36c,solar-spec-v1
2023-10-28,5.98,116.01,UTC+8,28800,6.029342,06:01:46,17.961159,17:57:40,90.833,Y,Y,solar-v1,3b7dc371ebe5931b3336f9982c5806a06a515dc2032569f5da7720470c1ec36c,solar-spec-v1
2023-10-29,5.98,116.01,UTC+8,28800,6.030851,06:01:51,17.957865,17:57:28,90.833,Y,Y,solar-v1,3b7dc371ebe5931b3336f9982c5806a06a515dc2032569f5da7720470c1ec36c,solar-spec-v1
2023-10-30,5.98,116.01,UTC+8,28800,6.032562,06:01:57,17.954812,17:57:17,90.833,Y,Y,solar-v1,3b7dc371ebe5931b3336f9982c5806a06a515dc2032569f5da7720470c1ec36c,solar-spec-v1
2023-10-31,5.98,116.01,UTC+8,28800,6.034474,06:02:04,17.952003,17:57:07,90.833,Y,Y,solar-v1,3b7dc371ebe5931b3336f9982c5806a06a515dc2032569f5da7720470c1ec36c,solar-spec-v1
2023-11-01,5.98,116.01,UTC+8,28800,6.036590,06:02:12,17.949440,17:56:58,90.833,Y,Y,solar-v1,3b7dc371ebe5931b3336f9982c5806a06a515dc2032569f5da7720470c1ec36c,solar-spec-v1
2023-11-02,5.98,116.01,UTC+8,28800,6.038909,06:02:20,17.947126,17:56:50,90.833,Y,Y,solar-v1,3b7dc371ebe5931b3336f9982c5806a06a515dc2032569f5da7720470c1ec36c,solar-spec-v1
2023-11-03,5.98,116.01,UTC+8,28800,6.041430,06:02:29,17.945061,17:56:42,90.833,Y,Y,solar-v1,3b7dc371ebe5931b3336f9982c5806a06a515dc2032569f5da7720470c1ec36c,solar-spec-v1
2023-11-04,5.98,116.01,UTC+8,28800,6.044154,06:02:39,17.943248,17:56:36,90.833,Y,Y,solar-v1,3b7dc371ebe5931b3336f9982c5806a06a515dc2032569f5da7720470c1ec36c,solar-spec-v1
2023-11-05,5.98,116.01,UTC+8,28800,6.047081,06:02:49,17.941687,17:56:30,90.833,Y,Y,solar-v1,3b7dc371ebe5931b3336f9982c5806a06a515dc2032569f5da7720470c1ec36c,solar-spec-v1
2023-11-06,5.98,116.01,UTC+8,28800,6.050209,06:03:01,17.940380,17:56:25,90.833,Y,Y,solar-v1,3b7dc371ebe5931b3336f9982c5806a06a515dc2032569f5da7720470c1ec36c,solar-spec-v1
2023-11-07,5.98,116.01,UTC+8,28800,6.053537,06:03:13,17.939327,17:56:22,90.833,Y,Y,solar-v1,3b7dc371ebe5931b3336f9982c5806a06a515dc2032569f5da7720470c1ec36c,solar-spec-v1
2023-11-08,5.98,116.01,UTC+8,28800,6.057065,06:03:25,17.938530,17:56:19,90.833,Y,Y,solar-v1,3b7dc371ebe5931b3336f9982c5806a06a515dc2032569f5da7720470c1ec36c,solar-spec-v1
2023-11-09,5.98,116.01,UTC+8,28800,6.060790,06:03:39,17.937987,17:56:17,90.833,Y,Y,solar-v1,3b7dc371ebe5931b3336f9982c5806a06a515dc2032569f5da7720470c1ec36c,solar-spec-v1
2023-11-10,5.98,116.01,UTC+8,28800,6.064711,06:03:53,17.937700,17:56:16,90.833,Y,Y,solar-v1,3b7dc371ebe5931b3336f9982c5806a06a515dc2032569f5da7720470c1ec36c,solar-spec-v1
2023-11-11,5.98,116.01,UTC+8,28800,6.068826,06:04:08,17.937669,17:56:16,90.833,Y,Y,solar-v1,3b7dc371ebe5931b3336f9982c5806a06a515dc2032569f5da7720470c1ec36c,solar-spec-v1
2023-11-12,5.98,116.01,UTC+8,28800,6.073133,06:04:23,17.937892,17:56:16,90.833,Y,Y,solar-v1,3b7dc371ebe5931b3336f9982c5806a06a515dc2032569f5da7720470c1ec36c,solar-spec-v1
2023-11-13,5.98,116.01,UTC+8,28800,6.077628,06:04:39,17.938369,17:56:18,90.833,Y,Y,solar-v1,3b7dc371ebe5931b3336f9982c5806a06a515dc2032569f5da7720470c1ec36c,solar-spec-v1
2023-11-14,5.98,116.01,UTC+8,28800,6.082310,06:04:56,17.939100,17:56:21,90.833,Y,Y,solar-v1,3b7dc371ebe5931b3336f9982c5806a06a515dc2032569f5da7720470c1ec36c,solar-spec-v1
2023-11-15,5.98,116.01,UTC+8,28800,6.087175,06:05:14,17.940084,17:56:24,90.833,Y,Y,solar-v1,3b7dc371ebe5931b3336f9982c5806a06a515dc2032569f5da7720470c1ec36c,solar-spec-v1
2023-11-16,5.98,116.01,UTC+8,28800,6.092220,06:05:32,17.941318,17:56:29,90.833,Y,Y,solar-v1,3b7dc371ebe5931b3336f9982c5806a06a515dc2032569f5da7720470c1ec36c,solar-spec-v1
2023-11-17,5.98,116.01,UTC+8,28800,6.097441,06:05:51,17.942803,17:56:34,90.833,Y,Y,solar-v1,3b7dc371ebe5931b3336f9982c5806a06a515dc2032569f5da7720470c1ec36c,solar-spec-v1
2023-11-18,5.98,116.01,UTC+8,28800,6.102835,06:06:10,17.944535,17:56:40,90.833,Y,Y,solar-v1,3b7dc371ebe5931b3336f9982c5806a06a515dc2032569f5da7720470c1ec36c,solar-spec-v1
2023-11-19,5.98,116.01,UTC+8,28800,6.108398,06:06:30,17.946514,17:56:47,90.833,Y,Y,solar-v1,3b7dc371ebe5931b3336f9982c5806a06a515dc2032569f5da7720470c1ec36c,solar-spec-v1
2023-11-20,5.98,116.01,UTC+8,28800,6.114125,06:06:51,17.948736,17:56:55,90.833,Y,Y,solar-v1,3b7dc371ebe5931b3336f9982c5806a06a515dc2032569f5da7720470c1ec36c,solar-spec-v1
2023-11-21,5.98,116.01,UTC+8,28800,6.120013,06:07:12,17.951200,17:57:04,90.833,Y,Y,solar-v1,3b7dc371ebe5931b3336f9982c5806a06a515dc2032569f5da7720470c1ec36c,solar-spec-v1
2023-11-22,5.98,116.01,UTC+8,28800,6.126056,06:07:34,17.953903,17:57:14,90.833,Y,Y,solar-v1,3b7dc371ebe5931b3336f9982c5806a06a515dc2032569f5da7720470c1ec36c,solar-spec-v1
2023-11-23,5.98,116.01,UTC+8,28800,6.132250,06:07:56,17.956841,17:57:25,90.833,Y,Y,solar-v1,3b7dc371ebe5931b3336f9982c5806a06a515dc2032569f5da7720470c1ec36c,solar-spec-v1
2023-11-24,5.98,116.01,UTC+8,28800,6.138590,06:08:19,17.960013,17:57:36,90.833,Y,Y,solar-v1,3b7dc371ebe5931b3336f9982c5806a06a515dc2032569f5da7720470c1ec36c,solar-spec-v1
2023-11-25,5.98,116.01,UTC+8,28800,6.145071,06:08:42,17.963415,17:57:48,90.833,Y,Y,solar-v1,3b7dc371ebe5931b3336f9982c5806a06a515dc2032569f5da7720470c1ec36c,solar-spec-v1
2023-11-26,5.98,116.01,UTC+8,28800,6.151687,06:09:06,17.967042,17:58:01,90.833,Y,Y,solar-v1,3b7dc371ebe5931b3336f9982c5806a06a515dc2032569f5da7720470c1ec36c,solar-spec-v1
2023-11-27,5.98,116.01,UTC+8,28800,6.158432,06:09:30,17.970893,17:58:15,90.833,Y,Y,solar-v1,3b7dc371ebe5931b3336f9982c5806a06a515dc2032569f5da7720470c1ec36c,solar-spec-v1
2023-11-28,5.98,116.01,UTC+8,28800,6.165302,06:09:55,17.974962,17:58:30,90.833,Y,Y,solar-v1,3b7dc371ebe5931b3336f9982c5806a06a515dc2032569f5da7720470c1ec36c,solar-spec-v1
2023-11-29,5.98,116.01,UTC+8,28800,6.172289,06:10:20,17.979246,17:58:45,90.833,Y,Y,solar-v1,3b7dc371ebe5931b3336f9982c5806a06a515dc2032569f5da7720470c1ec36c,solar-spec-v1
2023-11-30,5.98,116.01,UTC+8,28800,6.179388,06:10:46,17.983740,17:59:01,90.833,Y,Y,solar-v1,3b7dc371ebe5931b3336f9982c5806a06a515dc2032569f5da7720470c1ec36c,solar-spec-v1
2023-12-01,5.98,116.01,UTC+8,28800,6.186594,06:11:12,17.988441,17:59:18,90.833,Y,Y,solar-v1,3b7dc371ebe5931b3336f9982c5806a06a515dc2032569f5da7720470c1ec36c,solar-spec-v1
2023-12-02,5.98,116.01,UTC+8,28800,6.193898,06:11:38,17.993342,17:59:36,90.833,Y,Y,solar-v1,3b7dc371ebe5931b3336f9982c5806a06a515dc2032569f5da7720470c1ec36c,solar-spec-v1
2023-12-03,5.98,116.01,UTC+8,28800,6.201295,06:12:05,17.998440,17:59:54,90.833,Y,Y,solar-v1,3b7dc371ebe5931b3336f9982c5806a06a515dc2032569f5da7720470c1ec36c,solar-spec-v1
2023-12-04,5.98,116.01,UTC+8,28800,6.208779,06:12:32,18.003730,18:00:13,90.833,Y,Y,solar-v1,3b7dc371ebe5931b3336f9982c5806a06a515dc2032569f5da7720470c1ec36c,solar-spec-v1
2023-12-05,5.98,116.01,UTC+8,28800,6.216341,06:12:59,18.009206,18:00:33,90.833,Y,Y,solar-v1,3b7dc371ebe5931b3336f9982c5806a06a515dc2032569f5da7720470c1ec36c,solar-spec-v1
2023-12-06,5.98,116.01,UTC+8,28800,6.223977,06:13:26,18.014863,18:00:54,90.833,Y,Y,solar-v1,3b7dc371ebe5931b3336f9982c5806a06a515dc2032569f5da7720470c1ec36c,solar-spec-v1
2023-12-07,5.98,116.01,UTC+8,28800,6.231678,06:13:54,18.020696,18:01:15,90.833,Y,Y,solar-v1,3b7dc371ebe5931b3336f9982c5806a06a515dc2032569f5da7720470c1ec36c,solar-spec-v1
2023-12-08,5.98,116.01,UTC+8,28800,6.239438,06:14:22,18.026698,18:01:36,90.833,Y,Y,solar-v1,3b7dc371ebe5931b3336f9982c5806a06a515dc2032569f5da7720470c1ec36c,solar-spec-v1
2023-12-09,5.98,116.01,UTC+8,28800,6.247249,06:14:50,18.032864,18:01:58,90.833,Y,Y,solar-v1,3b7dc371ebe5931b3336f9982c5806a06a515dc2032569f5da7720470c1ec36c,solar-spec-v1
2023-12-10,5.98,116.01,UTC+8,28800,6.255104,06:15:18,18.039188,18:02:21,90.833,Y,Y,solar-v1,3b7dc371ebe5931b3336f9982c5806a06a515dc2032569f5da7720470c1ec36c,solar-spec-v1
2023-12-11,5.98,116.01,UTC+8,28800,6.262996,06:15:47,18.045664,18:02:44,90.833,Y,Y,solar-v1,3b7dc371ebe5931b3336f9982c5806a06a515dc2032569f5da7720470c1ec36c,solar-spec-v1
2023-12-12,5.98,116.01,UTC+8,28800,6.270917,06:16:15,18.052286,18:03:08,90.833,Y,Y,solar-v1,3b7dc371ebe5931b3336f9982c5806a06a515dc2032569f5da7720470c1ec36c,solar-spec-v1
2023-12-13,5.98,116.01,UTC+8,28800,6.278861,06:16:44,18.059047,18:03:33,90.833,Y,Y,solar-v1,3b7dc371ebe5931b3336f9982c5806a06a515dc2032569f5da7720470c1ec36c,solar-spec-v1
2023-12-14,5.98,116.01,UTC+8,28800,6.286819,06:17:13,18.065941,18:03:57,90.833,Y,Y,solar-v1,3b7dc371ebe5931b3336f9982c5806a06a515dc2032569f5da7720470c1ec36c,solar-spec-v1
2023-12-15,5.98,116.01,UTC+8,28800,6.294784,06:17:41,18.072961,18:04:23,90.833,Y,Y,solar-v1,3b7dc371ebe5931b3336f9982c5806a06a515dc2032569f5da7720470c1ec36c,solar-spec-v1
2023-12-16,5.98,116.01,UTC+8,28800,6.302749,06:18:10,18.080100,18:04:48,90.833,Y,Y,solar-v1,3b7dc371ebe5931b3336f9982c5806a06a515dc2032569f5da7720470c1ec36c,solar-spec-v1
2023-12-17,5.98,116.01,UTC+8,28800,6.310706,06:18:39,18.087352,18:05:14,90.833,Y,Y,solar-v1,3b7dc371ebe5931b3336f9982c5806a06a515dc2032569f5da7720470c1ec36c,solar-spec-v1
2023-12-18,5.98,116.01,UTC+8,28800,6.318648,06:19:07,18.094709,18:05:41,90.833,Y,Y,solar-v1,3b7dc371ebe5931b3336f9982c5806a06a515dc2032569f5da7720470c1ec36c,solar-spec-v1
2023-12-19,5.98,116.01,UTC+8,28800,6.326567,06:19:36,18.102165,18:06:08,90.833,Y,Y,solar-v1,3b7dc371ebe5931b3336f9982c5806a06a515dc2032569f5da7720470c1ec36c,solar-spec-v1
2023-12-20,5.98,116.01,UTC+8,28800,6.334455,06:20:04,18.109712,18:06:35,90.833,Y,Y,solar-v1,3b7dc371ebe5931b3336f9982c5806a06a515dc2032569f5da7720470c1ec36c,solar-spec-v1
2023-12-21,5.98,116.01,UTC+8,28800,6.342305,06:20:32,18.117344,18:07:02,90.833,Y,Y,solar-v1,3b7dc371ebe5931b3336f9982c5806a06a515dc2032569f5da7720470c1ec36c,solar-spec-v1
2023-12-22,5.98,116.01,UTC+8,28800,6.350110,06:21:00,18.125052,18:07:30,90.833,Y,Y,solar-v1,3b7dc371ebe5931b3336f9982c5806a06a515dc2032569f5da7720470c1ec36c,solar-spec-v1
2023-12-23,5.98,116.01,UTC+8,28800,6.357862,06:21:28,18.132831,18:07:58,90.833,Y,Y,solar-v1,3b7dc371ebe5931b3336f9982c5806a06a515dc2032569f5da7720470c1ec36c,solar-spec-v1
2023-12-24,5.98,116.01,UTC+8,28800,6.365554,06:21:56,18.140671,18:08:26,90.833,Y,Y,solar-v1,3b7dc371ebe5931b3336f9982c5806a06a515dc2032569f5da7720470c1ec36c,solar-spec-v1
2023-12-25,5.98,116.01,UTC+8,28800,6.373179,06:22:23,18.148567,18:08:55,90.833,Y,Y,solar-v1,3b7dc371ebe5931b3336f9982c5806a06a515dc2032569f5da7720470c1ec36c,solar-spec-v1
2023-12-26,5.98,116.01,UTC+8,28800,6.380729,06:22:51,18.156510,18:09:23,90.833,Y,Y,solar-v1,3b7dc371ebe5931b3336f9982c5806a06a515dc2032569f5da7720470c1ec36c,solar-spec-v1
2023-12-27,5.98,116.01,UTC+8,28800,6.388196,06:23:18,18.164493,18:09:52,90.833,Y,Y,solar-v1,3b7dc371ebe5931b3336f9982c5806a06a515dc2032569f5da7720470c1ec36c,solar-spec-v1
2023-12-28,5.98,116.01,UTC+8,28800,6.395575,06:23:44,18.172509,18:10:21,90.833,Y,Y,solar-v1,3b7dc371ebe5931b3336f9982c5806a06a515dc2032569f5da7720470c1ec36c,solar-spec-v1
2023-12-29,5.98,116.01,UTC+8,28800,6.402857,06:24:10,18.180549,18:10:50,90.833,Y,Y,solar-v1,3b7dc371ebe5931b3336f9982c5806a06a515dc2032569f5da7720470c1ec36c,solar-spec-v1
2023-12-30,5.98,116.01,UTC+8,28800,6.410037,06:24:36,18.188608,18:11:19,90.833,Y,Y,solar-v1,3b7dc371ebe5931b3336f9982c5806a06a515dc2032569f5da7720470c1ec36c,solar-spec-v1
2023-12-31,5.98,116.01,UTC+8,28800,6.417106,06:25:02,18.196676,18:11:48,90.833,Y,Y,solar-v1,3b7dc371ebe5931b3336f9982c5806a06a515dc2032569f5da7720470c1ec36c,solar-spec-v1
2024-01-01,5.98,116.01,UTC+8,28800,6.424059,06:25:27,18.204747,18:12:17,90.833,Y,Y,solar-v1,3b7dc371ebe5931b3336f9982c5806a06a515dc2032569f5da7720470c1ec36c,solar-spec-v1
2024-01-02,5.98,116.01,UTC+8,28800,6.430888,06:25:51,18.212813,18:12:46,90.833,Y,Y,solar-v1,3b7dc371ebe5931b3336f9982c5806a06a515dc2032569f5da7720470c1ec36c,solar-spec-v1
2024-01-03,5.98,116.01,UTC+8,28800,6.437588,06:26:15,18.220867,18:13:15,90.833,Y,Y,solar-v1,3b7dc371ebe5931b3336f9982c5806a06a515dc2032569f5da7720470c1ec36c,solar-spec-v1
2024-01-04,5.98,116.01,UTC+8,28800,6.444152,06:26:39,18.228901,18:13:44,90.833,Y,Y,solar-v1,3b7dc371ebe5931b3336f9982c5806a06a515dc2032569f5da7720470c1ec36c,solar-spec-v1
2024-01-05,5.98,116.01,UTC+8,28800,6.450573,06:27:02,18.236908,18:14:13,90.833,Y,Y,solar-v1,3b7dc371ebe5931b3336f9982c5806a06a515dc2032569f5da7720470c1ec36c,solar-spec-v1
2024-01-06,5.98,116.01,UTC+8,28800,6.456846,06:27:25,18.244881,18:14:42,90.833,Y,Y,solar-v1,3b7dc371ebe5931b3336f9982c5806a06a515dc2032569f5da7720470c1ec36c,solar-spec-v1
2024-01-07,5.98,116.01,UTC+8,28800,6.462965,06:27:47,18.252813,18:15:10,90.833,Y,Y,solar-v1,3b7dc371ebe5931b3336f9982c5806a06a515dc2032569f5da7720470c1ec36c,solar-spec-v1
2024-01-08,5.98,116.01,UTC+8,28800,6.468923,06:28:08,18.260696,18:15:39,90.833,Y,Y,solar-v1,3b7dc371ebe5931b3336f9982c5806a06a515dc2032569f5da7720470c1ec36c,solar-spec-v1
2024-01-09,5.98,116.01,UTC+8,28800,6.474716,06:28:29,18.268524,18:16:07,90.833,Y,Y,solar-v1,3b7dc371ebe5931b3336f9982c5806a06a515dc2032569f5da7720470c1ec36c,solar-spec-v1
2024-01-10,5.98,116.01,UTC+8,28800,6.480337,06:28:49,18.276289,18:16:35,90.833,Y,Y,solar-v1,3b7dc371ebe5931b3336f9982c5806a06a515dc2032569f5da7720470c1ec36c,solar-spec-v1
2024-01-11,5.98,116.01,UTC+8,28800,6.485781,06:29:09,18.283985,18:17:02,90.833,Y,Y,solar-v1,3b7dc371ebe5931b3336f9982c5806a06a515dc2032569f5da7720470c1ec36c,solar-spec-v1
2024-01-12,5.98,116.01,UTC+8,28800,6.491044,06:29:28,18.291606,18:17:30,90.833,Y,Y,solar-v1,3b7dc371ebe5931b3336f9982c5806a06a515dc2032569f5da7720470c1ec36c,solar-spec-v1
2024-01-13,5.98,116.01,UTC+8,28800,6.496120,06:29:46,18.299144,18:17:57,90.833,Y,Y,solar-v1,3b7dc371ebe5931b3336f9982c5806a06a515dc2032569f5da7720470c1ec36c,solar-spec-v1
2024-01-14,5.98,116.01,UTC+8,28800,6.501004,06:30:04,18.306593,18:18:24,90.833,Y,Y,solar-v1,3b7dc371ebe5931b3336f9982c5806a06a515dc2032569f5da7720470c1ec36c,solar-spec-v1
2024-01-15,5.98,116.01,UTC+8,28800,6.505693,06:30:20,18.313946,18:18:50,90.833,Y,Y,solar-v1,3b7dc371ebe5931b3336f9982c5806a06a515dc2032569f5da7720470c1ec36c,solar-spec-v1
2024-01-16,5.98,116.01,UTC+8,28800,6.510181,06:30:37,18.321199,18:19:16,90.833,Y,Y,solar-v1,3b7dc371ebe5931b3336f9982c5806a06a515dc2032569f5da7720470c1ec36c,solar-spec-v1
2024-01-17,5.98,116.01,UTC+8,28800,6.514464,06:30:52,18.328343,18:19:42,90.833,Y,Y,solar-v1,3b7dc371ebe5931b3336f9982c5806a06a515dc2032569f5da7720470c1ec36c,solar-spec-v1
2024-01-18,5.98,116.01,UTC+8,28800,6.518538,06:31:07,18.335375,18:20:07,90.833,Y,Y,solar-v1,3b7dc371ebe5931b3336f9982c5806a06a515dc2032569f5da7720470c1ec36c,solar-spec-v1
2024-01-19,5.98,116.01,UTC+8,28800,6.522400,06:31:21,18.342288,18:20:32,90.833,Y,Y,solar-v1,3b7dc371ebe5931b3336f9982c5806a06a515dc2032569f5da7720470c1ec36c,solar-spec-v1
2024-01-20,5.98,116.01,UTC+8,28800,6.526045,06:31:34,18.349076,18:20:57,90.833,Y,Y,solar-v1,3b7dc371ebe5931b3336f9982c5806a06a515dc2032569f5da7720470c1ec36c,solar-spec-v1
2024-01-21,5.98,116.01,UTC+8,28800,6.529471,06:31:46,18.355735,18:21:21,90.833,Y,Y,solar-v1,3b7dc371ebe5931b3336f9982c5806a06a515dc2032569f5da7720470c1ec36c,solar-spec-v1
2024-01-22,5.98,116.01,UTC+8,28800,6.532674,06:31:58,18.362258,18:21:44,90.833,Y,Y,solar-v1,3b7dc371ebe5931b3336f9982c5806a06a515dc2032569f5da7720470c1ec36c,solar-spec-v1
2024-01-23,5.98,116.01,UTC+8,28800,6.535652,06:32:08,18.368642,18:22:07,90.833,Y,Y,solar-v1,3b7dc371ebe5931b3336f9982c5806a06a515dc2032569f5da7720470c1ec36c,solar-spec-v1
2024-01-24,5.98,116.01,UTC+8,28800,6.538400,06:32:18,18.374881,18:22:30,90.833,Y,Y,solar-v1,3b7dc371ebe5931b3336f9982c5806a06a515dc2032569f5da7720470c1ec36c,solar-spec-v1
2024-01-25,5.98,116.01,UTC+8,28800,6.540918,06:32:27,18.380971,18:22:51,90.833,Y,Y,solar-v1,3b7dc371ebe5931b3336f9982c5806a06a515dc2032569f5da7720470c1ec36c,solar-spec-v1
2024-01-26,5.98,116.01,UTC+8,28800,6.543202,06:32:36,18.386908,18:23:13,90.833,Y,Y,solar-v1,3b7dc371ebe5931b3336f9982c5806a06a515dc2032569f5da7720470c1ec36c,solar-spec-v1
2024-01-27,5.98,116.01,UTC+8,28800,6.545251,06:32:43,18.392687,18:23:34,90.833,Y,Y,solar-v1,3b7dc371ebe5931b3336f9982c5806a06a515dc2032569f5da7720470c1ec36c,solar-spec-v1
2024-01-28,5.98,116.01,UTC+8,28800,6.547062,06:32:49,18.398304,18:23:54,90.833,Y,Y,solar-v1,3b7dc371ebe5931b3336f9982c5806a06a515dc2032569f5da7720470c1ec36c,solar-spec-v1
2024-01-29,5.98,116.01,UTC+8,28800,6.548634,06:32:55,18.403757,18:24:14,90.833,Y,Y,solar-v1,3b7dc371ebe5931b3336f9982c5806a06a515dc2032569f5da7720470c1ec36c,solar-spec-v1
2024-01-30,5.98,116.01,UTC+8,28800,6.549965,06:33:00,18.409040,18:24:33,90.833,Y,Y,solar-v1,3b7dc371ebe5931b3336f9982c5806a06a515dc2032569f5da7720470c1ec36c,solar-spec-v1
2024-01-31,5.98,116.01,UTC+8,28800,6.551054,06:33:04,18.414152,18:24:51,90.833,Y,Y,solar-v1,3b7dc371ebe5931b3336f9982c5806a06a515dc2032569f5da7720470c1ec36c,solar-spec-v1
2024-02-01,5.98,116.01,UTC+8,28800,6.551901,06:33:07,18.419090,18:25:09,90.833,Y,Y,solar-v1,3b7dc371ebe5931b3336f9982c5806a06a515dc2032569f5da7720470c1ec36c,solar-spec-v1
2024-02-02,5.98,116.01,UTC+8,28800,6.552504,06:33:09,18.423849,18:25:26,90.833,Y,Y,solar-v1,3b7dc371ebe5931b3336f9982c5806a06a515dc2032569f5da7720470c1ec36c,solar-spec-v1
2024-02-03,5.98,116.01,UTC+8,28800,6.552863,06:33:10,18.428429,18:25:42,90.833,Y,Y,solar-v1,3b7dc371ebe5931b3336f9982c5806a06a515dc2032569f5da7720470c1ec36c,solar-spec-v1
2024-02-04,5.98,116.01,UTC+8,28800,6.552977,06:33:11,18.432826,18:25:58,90.833,Y,Y,solar-v1,3b7dc371ebe5931b3336f9982c5806a06a515dc2032569f5da7720470c1ec36c,solar-spec-v1
2024-02-05,5.98,116.01,UTC+8,28800,6.552847,06:33:10,18.437040,18:26:13,90.833,Y,Y,solar-v1,3b7dc371ebe5931b3336f9982c5806a06a515dc2032569f5da7720470c1ec36c,solar-spec-v1
2024-02-06,5.98,116.01,UTC+8,28800,6.552473,06:33:09,18.441067,18:26:28,90.833,Y,Y,solar-v1,3b7dc371ebe5931b3336f9982c5806a06a515dc2032569f5da7720470c1ec36c,solar-spec-v1
2024-02-07,5.98,116.01,UTC+8,28800,6.551854,06:33:07,18.444907,18:26:42,90.833,Y,Y,solar-v1,3b7dc371ebe5931b3336f9982c5806a06a515dc2032569f5da7720470c1ec36c,solar-spec-v1
2024-02-08,5.98,116.01,UTC+8,28800,6.550993,06:33:04,18.448558,18:26:55,90.833,Y,Y,solar-v1,3b7dc371ebe5931b3336f9982c5806a06a515dc2032569f5da7720470c1ec36c,solar-spec-v1
2024-02-09,5.98,116.01,UTC+8,28800,6.549888,06:33:00,18.452019,18:27:07,90.833,Y,Y,solar-v1,3b7dc371ebe5931b3336f9982c5806a06a515dc2032569f5da7720470c1ec36c,solar-spec-v1
2024-02-10,5.98,116.01,UTC+8,28800,6.548542,06:32:55,18.455289,18:27:19,90.833,Y,Y,solar-v1,3b7dc371ebe5931b3336f9982c5806a06a515dc2032569f5da7720470c1ec36c,solar-spec-v1
2024-02-11,5.98,116.01,UTC+8,28800,6.546956,06:32:49,18.458369,18:27:30,90.833,Y,Y,solar-v1,3b7dc371ebe5931b3336f9982c5806a06a515dc2032569f5da7720470c1ec36c,solar-spec-v1
2024-02-12,5.98,116.01,UTC+8,28800,6.545131,06:32:42,18.461258,18:27:41,90.833,Y,Y,solar-v1,3b7dc371ebe5931b3336f9982c5806a06a515dc2032569f5da7720470c1ec36c,solar-spec-v1
2024-02-13,5.98,116.01,UTC+8,28800,6.543069,06:32:35,18.463955,18:27:50,90.833,Y,Y,solar-v1,3b7dc371ebe5931b3336f9982c5806a06a515dc2032569f5da7720470c1ec36c,solar-spec-v1
2024-02-14,5.98,116.01,UTC+8,28800,6.540771,06:32:27,18.466461,18:27:59,90.833,Y,Y,solar-v1,3b7dc371ebe5931b3336f9982c5806a06a515dc2032569f5da7720470c1ec36c,solar-spec-v1
2024-02-15,5.98,116.01,UTC+8,28800,6.538241,06:32:18,18.468777,18:28:08,90.833,Y,Y,solar-v1,3b7dc371ebe5931b3336f9982c5806a06a515dc2032569f5da7720470c1ec36c,solar-spec-v1
2024-02-16,5.98,116.01,UTC+8,28800,6.535480,06:32:08,18.470903,18:28:15,90.833,Y,Y,solar-v1,3b7dc371ebe5931b3336f9982c5806a06a515dc2032569f5da7720470c1ec36c,solar-spec-v1
2024-02-17,5.98,116.01,UTC+8,28800,6.532491,06:31:57,18.472840,18:28:22,90.833,Y,Y,solar-v1,3b7dc371ebe5931b3336f9982c5806a06a515dc2032569f5da7720470c1ec36c,solar-spec-v1
2024-02-18,5.98,116.01,UTC+8,28800,6.529277,06:31:45,18.474589,18:28:29,90.833,Y,Y,solar-v1,3b7dc371ebe5931b3336f9982c5806a06a515dc2032569f5da7720470c1ec36c,solar-spec-v1
2024-02-19,5.98,116.01,UTC+8,28800,6.525841,06:31:33,18.476153,18:28:34,90.833,Y,Y,solar-v1,3b7dc371ebe5931b3336f9982c5806a06a515dc2032569f5da7720470c1ec36c,solar-spec-v1
2024-02-20,5.98,116.01,UTC+8,28800,6.522185,06:31:20,18.477532,18:28:39,90.833,Y,Y,solar-v1,3b7dc371ebe5931b3336f9982c5806a06a515dc2032569f5da7720470c1ec36c,solar-spec-v1
2024-02-21,5.98,116.01,UTC+8,28800,6.518314,06:31:06,18.478728,18:28:43,90.833,Y,Y,solar-v1,3b7dc371ebe5931b3336f9982c5806a06a515dc2032569f5da7720470c1ec36c,solar-spec-v1
2024-02-22,5.98,116.01,UTC+8,28800,6.514231,06:30:51,18.479745,18:28:47,90.833,Y,Y,solar-v1,3b7dc371ebe5931b3336f9982c5806a06a515dc2032569f5da7720470c1ec36c,solar-spec-v1
2024-02-23,5.98,116.01,UTC+8,28800,6.509940,06:30:36,18.480583,18:28:50,90.833,Y,Y,solar-v1,3b7dc371ebe5931b3336f9982c5806a06a515dc2032569f5da7720470c1ec36c,solar-spec-v1
2024-02-24,5.98,116.01,UTC+8,28800,6.505444,06:30:20,18.481246,18:28:52,90.833,Y,Y,solar-v1,3b7dc371ebe5931b3336f9982c5806a06a515dc2032569f5da7720470c1ec36c,solar-spec-v1
2024-02-25,5.98,116.01,UTC+8,28800,6.500748,06:30:03,18.481737,18:28:54,90.833,Y,Y,solar-v1,3b7dc371ebe5931b3336f9982c5806a06a515dc2032569f5da7720470c1ec36c,solar-spec-v1
2024-02-26,5.98,116.01,UTC+8,28800,6.495856,06:29:45,18.482058,18:28:55,90.833,Y,Y,solar-v1,3b7dc371ebe5931b3336f9982c5806a06a515dc2032569f5da7720470c1ec36c,solar-spec-v1
2024-02-27,5.98,116.01,UTC+8,28800,6.490773,06:29:27,18.482213,18:28:56,90.833,Y,Y,solar-v1,3b7dc371ebe5931b3336f9982c5806a06a515dc2032569f5da7720470c1ec36c,solar-spec-v1
2024-02-28,5.98,116.01,UTC+8,28800,6.485504,06:29:08,18.482205,18:28:56,90.833,Y,Y,solar-v1,3b7dc371ebe5931b3336f9982c5806a06a515dc2032569f5da7720470c1ec36c,solar-spec-v1
2024-02-29,5.98,116.01,UTC+8,28800,6.480053,06:28:48,18.482039,18:28:55,90.833,Y,Y,solar-v1,3b7dc371ebe5931b3336f9982c5806a06a515dc2032569f5da7720470c1ec36c,solar-spec-v1
2024-03-01,5.98,116.01,UTC+8,28800,6.474425,06:28:28,18.481716,18:28:54,90.833,Y,Y,solar-v1,3b7dc371ebe5931b3336f9982c5806a06a515dc2032569f5da7720470c1ec36c,solar-spec-v1
2024-03-02,5.98,116.01,UTC+8,28800,6.468625,06:28:07,18.481243,18:28:52,90.833,Y,Y,solar-v1,3b7dc371ebe5931b3336f9982c5806a06a515dc2032569f5da7720470c1ec36c,solar-spec-v1
2024-03-03,5.98,116.01,UTC+8,28800,6.462659,06:27:46,18.480622,18:28:50,90.833,Y,Y,solar-v1,3b7dc371ebe5931b3336f9982c5806a06a515dc2032569f5da7720470c1ec36c,solar-spec-v1
2024-03-04,5.98,116.01,UTC+8,28800,6.456533,06:27:24,18.479859,18:28:47,90.833,Y,Y,solar-v1,3b7dc371ebe5931b3336f9982c5806a06a515dc2032569f5da7720470c1ec36c,solar-spec-v1
2024-03-05,5.98,116.01,UTC+8,28800,6.450251,06:27:01,18.478958,18:28:44,90.833,Y,Y,solar-v1,3b7dc371ebe5931b3336f9982c5806a06a515dc2032569f5da7720470c1ec36c,solar-spec-v1
2024-03-06,5.98,116.01,UTC+8,28800,6.443820,06:26:38,18.477922,18:28:41,90.833,Y,Y,solar-v1,3b7dc371ebe5931b3336f9982c5806a06a515dc2032569f5da7720470c1ec36c,solar-spec-v1
2024-03-07,5.98,116.01,UTC+8,28800,6.437246,06:26:14,18.476759,18:28:36,90.833,Y,Y,solar-v1,3b7dc371ebe5931b3336f9982c5806a06a515dc2032569f5da7720470c1ec36c,solar-spec-v1
2024-03-08,5.98,116.01,UTC+8,28800,6.430534,06:25:50,18.475471,18:28:32,90.833,Y,Y,solar-v1,3b7dc371ebe5931b3336f9982c5806a06a515dc2032569f5da7720470c1ec36c,solar-spec-v1
2024-03-09,5.98,116.01,UTC+8,28800,6.423691,06:25:25,18.474065,18:28:27,90.833,Y,Y,solar-v1,3b7dc371ebe5931b3336f9982c5806a06a515dc2032569f5da7720470c1ec36c,solar-spec-v1
2024-03-10,5.98,116.01,UTC+8,28800,6.416723,06:25:00,18.472546,18:28:21,90.833,Y,Y,solar-v1,3b7dc371ebe5931b3336f9982c5806a06a515dc2032569f5da7720470c1ec36c,solar-spec-v1
2024-03-11,5.98,116.01,UTC+8,28800,6.409635,06:24:35,18.470918,18:28:15,90.833,Y,Y,solar-v1,3b7dc371ebe5931b3336f9982c5806a06a515dc2032569f5da7720470c1ec36c,solar-spec-v1
2024-03-12,5.98,116.01,UTC+8,28800,6.402436,06:24:09,18.469188,18:28:09,90.833,Y,Y,solar-v1,3b7dc371ebe5931b3336f9982c5806a06a515dc2032569f5da7720470c1ec36c,solar-spec-v1
2024-03-13,5.98,116.01,UTC+8,28800,6.395130,06:23:42,18.467361,18:28:03,90.833,Y,Y,solar-v1,3b7dc371ebe5931b3336f9982c5806a06a515dc2032569f5da7720470c1ec36c,solar-spec-v1
2024-03-14,5.98,116.01,UTC+8,28800,6.387726,06:23:16,18.465443,18:27:56,90.833,Y,Y,solar-v1,3b7dc371ebe5931b3336f9982c5806a06a515dc2032569f5da7720470c1ec36c,solar-spec-v1
2024-03-15,5.98,116.01,UTC+8,28800,6.380228,06:22:49,18.463439,18:27:48,90.833,Y,Y,solar-v1,3b7dc371ebe5931b3336f9982c5806a06a515dc2032569f5da7720470c1ec36c,solar-spec-v1
2024-03-16,5.98,116.01,UTC+8,28800,6.372645,06:22:22,18.461356,18:27:41,90.833,Y,Y,solar-v1,3b7dc371ebe5931b3336f9982c5806a06a515dc2032569f5da7720470c1ec36c,solar-spec-v1
2024-03-17,5.98,116.01,UTC+8,28800,6.364983,06:21:54,18.459199,18:27:33,90.833,Y,Y,solar-v1,3b7dc371ebe5931b3336f9982c5806a06a515dc2032569f5da7720470c1ec36c,solar-spec-v1
2024-03-18,5.98,116.01,UTC+8,28800,6.357249,06:21:26,18.456974,18:27:25,90.833,Y,Y,solar-v1,3b7dc371ebe5931b3336f9982c5806a06a515dc2032569f5da7720470c1ec36c,solar-spec-v1
2024-03-19,5.98,116.01,UTC+8,28800,6.349449,06:20:58,18.454687,18:27:17,90.833,Y,Y,solar-v1,3b7dc371ebe5931b3336f9982c5806a06a515dc2032569f5da7720470c1ec36c,solar-spec-v1
2024-03-20,5.98,116.01,UTC+8,28800,6.341591,06:20:30,18.452345,18:27:08,90.833,Y,Y,solar-v1,3b7dc371ebe5931b3336f9982c5806a06a515dc2032569f5da7720470c1ec36c,solar-spec-v1
2024-03-21,5.98,116.01,UTC+8,28800,6.333682,06:20:01,18.449953,18:27:00,90.833,Y,Y,solar-v1,3b7dc371ebe5931b3336f9982c5806a06a515dc2032569f5da7720470c1ec36c,solar-spec-v1
2024-03-22,5.98,116.01,UTC+8,28800,6.325729,06:19:33,18.447518,18:26:51,90.833,Y,Y,solar-v1,3b7dc371ebe5931b3336f9982c5806a06a515dc2032569f5da7720470c1ec36c,solar-spec-v1
2024-03-23,5.98,116.01,UTC+8,28800,6.317738,06:19:04,18.445046,18:26:42,90.833,Y,Y,solar-v1,3b7dc371ebe5931b3336f9982c5806a06a515dc2032569f5da7720470c1ec36c,solar-spec-v1
2024-03-24,5.98,116.01,UTC+8,28800,6.309718,06:18:35,18.442543,18:26:33,90.833,Y,Y,solar-v1,3b7dc371ebe5931b3336f9982c5806a06a515dc2032569f5da7720470c1ec36c,solar-spec-v1
2024-03-25,5.98,116.01,UTC+8,28800,6.301674,06:18:06,18.440015,18:26:24,90.833,Y,Y,solar-v1,3b7dc371ebe5931b3336f9982c5806a06a515dc2032569f5da7720470c1ec36c,solar-spec-v1
2024-03-26,5.98,116.01,UTC+8,28800,6.293614,06:17:37,18.437468,18:26:15,90.833,Y,Y,solar-v1,3b7dc371ebe5931b3336f9982c5806a06a515dc2032569f5da7720470c1ec36c,solar-spec-v1
2024-03-27,5.98,116.01,UTC+8,28800,6.285545,06:17:08,18.434909,18:26:06,90.833,Y,Y,solar-v1,3b7dc371ebe5931b3336f9982c5806a06a515dc2032569f5da7720470c1ec36c,solar-spec-v1
2024-03-28,5.98,116.01,UTC+8,28800,6.277474,06:16:39,18.432344,18:25:56,90.833,Y,Y,solar-v1,3b7dc371ebe5931b3336f9982c5806a06a515dc2032569f5da7720470c1ec36c,solar-spec-v1
2024-03-29,5.98,116.01,UTC+8,28800,6.269408,06:16:10,18.429778,18:25:47,90.833,Y,Y,solar-v1,3b7dc371ebe5931b3336f9982c5806a06a515dc2032569f5da7720470c1ec36c,solar-spec-v1
2024-03-30,5.98,116.01,UTC+8,28800,6.261354,06:15:41,18.427218,18:25:38,90.833,Y,Y,solar-v1,3b7dc371ebe5931b3336f9982c5806a06a515dc2032569f5da7720470c1ec36c,solar-spec-v1
2024-03-31,5.98,116.01,UTC+8,28800,6.253319,06:15:12,18.424671,18:25:29,90.833,Y,Y,solar-v1,3b7dc371ebe5931b3336f9982c5806a06a515dc2032569f5da7720470c1ec36c,solar-spec-v1
2024-04-01,5.98,116.01,UTC+8,28800,6.245310,06:14:43,18.422141,18:25:20,90.833,Y,Y,solar-v1,3b7dc371ebe5931b3336f9982c5806a06a515dc2032569f5da7720470c1ec36c,solar-spec-v1
2024-04-02,5.98,116.01,UTC+8,28800,6.237334,06:14:14,18.419635,18:25:11,90.833,Y,Y,solar-v1,3b7dc371ebe5931b3336f9982c5806a06a515dc2032569f5da7720470c1ec36c,solar-spec-v1
2024-04-03,5.98,116.01,UTC+8,28800,6.229397,06:13:46,18.417159,18:25:02,90.833,Y,Y,solar-v1,3b7dc371ebe5931b3336f9982c5806a06a515dc2032569f5da7720470c1ec36c,solar-spec-v1
2024-04-04,5.98,116.01,UTC+8,28800,6.221506,06:13:17,18.414719,18:24:53,90.833,Y,Y,solar-v1,3b7dc371ebe5931b3336f9982c5806a06a515dc2032569f5da7720470c1ec36c,solar-spec-v1
2024-04-05,5.98,116.01,UTC+8,28800,6.213668,06:12:49,18.412319,18:24:44,90.833,Y,Y,solar-v1,3b7dc371ebe5931b3336f9982c5806a06a515dc2032569f5da7720470c1ec36c,solar-spec-v1
2024-04-06,5.98,116.01,UTC+8,28800,6.205890,06:12:21,18.409966,18:24:36,90.833,Y,Y,solar-v1,3b7dc371ebe5931b3336f9982c5806a06a515dc2032569f5da7720470c1ec36c,solar-spec-v1
2024-04-07,5.98,116.01,UTC+8,28800,6.198177,06:11:53,18.407666,18:24:28,90.833,Y,Y,solar-v1,3b7dc371ebe5931b3336f9982c5806a06a515dc2032569f5da7720470c1ec36c,solar-spec-v1
2024-04-08,5.98,116.01,UTC+8,28800,6.190537,06:11:26,18.405422,18:24:20,90.833,Y,Y,solar-v1,3b7dc371ebe5931b3336f9982c5806a06a515dc2032569f5da7720470c1ec36c,solar-spec-v1
2024-04-09,5.98,116.01,UTC+8,28800,6.182975,06:10:59,18.403242,18:24:12,90.833,Y,Y,solar-v1,3b7dc371ebe5931b3336f9982c5806a06a515dc2032569f5da7720470c1ec36c,solar-spec-v1
2024-04-10,5.98,116.01,UTC+8,28800,6.175498,06:10:32,18.401130,18:24:04,90.833,Y,Y,solar-v1,3b7dc371ebe5931b3336f9982c5806a06a515dc2032569f5da7720470c1ec36c,solar-spec-v1
2024-04-11,5.98,116.01,UTC+8,28800,6.168112,06:10:05,18.399090,18:23:57,90.833,Y,Y,solar-v1,3b7dc371ebe5931b3336f9982c5806a06a515dc2032569f5da7720470c1ec36c,solar-spec-v1
2024-04-12,5.98,116.01,UTC+8,28800,6.160823,06:09:39,18.397128,18:23:50,90.833,Y,Y,solar-v1,3b7dc371ebe5931b3336f9982c5806a06a515dc2032569f5da7720470c1ec36c,solar-spec-v1
2024-04-13,5.98,116.01,UTC+8,28800,6.153636,06:09:13,18.395248,18:23:43,90.833,Y,Y,solar-v1,3b7dc371ebe5931b3336f9982c5806a06a515dc2032569f5da7720470c1ec36c,solar-spec-v1
2024-04-14,5.98,116.01,UTC+8,28800,6.146558,06:08:48,18.393456,18:23:36,90.833,Y,Y,solar-v1,3b7dc371ebe5931b3336f9982c5806a06a515dc2032569f5da7720470c1ec36c,solar-spec-v1
2024-04-15,5.98,116.01,UTC+8,28800,6.139593,06:08:23,18.391754,18:23:30,90.833,Y,Y,solar-v1,3b7dc371ebe5931b3336f9982c5806a06a515dc2032569f5da7720470c1ec36c,solar-spec-v1
2024-04-16,5.98,116.01,UTC+8,28800,6.132748,06:07:58,18.390149,18:23:25,90.833,Y,Y,solar-v1,3b7dc371ebe5931b3336f9982c5806a06a515dc2032569f5da7720470c1ec36c,solar-spec-v1
2024-04-17,5.98,116.01,UTC+8,28800,6.126027,06:07:34,18.388642,18:23:19,90.833,Y,Y,solar-v1,3b7dc371ebe5931b3336f9982c5806a06a515dc2032569f5da7720470c1ec36c,solar-spec-v1
2024-04-18,5.98,116.01,UTC+8,28800,6.119436,06:07:10,18.387239,18:23:14,90.833,Y,Y,solar-v1,3b7dc371ebe5931b3336f9982c5806a06a515dc2032569f5da7720470c1ec36c,solar-spec-v1
2024-04-19,5.98,116.01,UTC+8,28800,6.112980,06:06:47,18.385943,18:23:09,90.833,Y,Y,solar-v1,3b7dc371ebe5931b3336f9982c5806a06a515dc2032569f5da7720470c1ec36c,solar-spec-v1
2024-04-20,5.98,116.01,UTC+8,28800,6.106664,06:06:24,18.384758,18:23:05,90.833,Y,Y,solar-v1,3b7dc371ebe5931b3336f9982c5806a06a515dc2032569f5da7720470c1ec36c,solar-spec-v1
2024-04-21,5.98,116.01,UTC+8,28800,6.100491,06:06:02,18.383686,18:23:01,90.833,Y,Y,solar-v1,3b7dc371ebe5931b3336f9982c5806a06a515dc2032569f5da7720470c1ec36c,solar-spec-v1
2024-04-22,5.98,116.01,UTC+8,28800,6.094468,06:05:40,18.382731,18:22:58,90.833,Y,Y,solar-v1,3b7dc371ebe5931b3336f9982c5806a06a515dc2032569f5da7720470c1ec36c,solar-spec-v1
2024-04-23,5.98,116.01,UTC+8,28800,6.088597,06:05:19,18.381896,18:22:55,90.833,Y,Y,solar-v1,3b7dc371ebe5931b3336f9982c5806a06a515dc2032569f5da7720470c1ec36c,solar-spec-v1
2024-04-24,5.98,116.01,UTC+8,28800,6.082884,06:04:58,18.381184,18:22:52,90.833,Y,Y,solar-v1,3b7dc371ebe5931b3336f9982c5806a06a515dc2032569f5da7720470c1ec36c,solar-spec-v1
2024-04-25,5.98,116.01,UTC+8,28800,6.077331,06:04:38,18.380596,18:22:50,90.833,Y,Y,solar-v1,3b7dc371ebe5931b3336f9982c5806a06a515dc2032569f5da7720470c1ec36c,solar-spec-v1
2024-04-26,5.98,116.01,UTC+8,28800,6.071944,06:04:19,18.380135,18:22:48,90.833,Y,Y,solar-v1,3b7dc371ebe5931b3336f9982c5806a06a515dc2032569f5da7720470c1ec36c,solar-spec-v1
2024-04-27,5.98,116.01,UTC+8,28800,6.066725,06:04:00,18.379804,18:22:47,90.833,Y,Y,solar-v1,3b7dc371ebe5931b3336f9982c5806a06a515dc2032569f5da7720470c1ec36c,solar-spec-v1
2024-04-28,5.98,116.01,UTC+8,28800,6.061678,06:03:42,18.379603,18:22:47,90.833,Y,Y,solar-v1,3b7dc371ebe5931b3336f9982c5806a06a515dc2032569f5da7720470c1ec36c,solar-spec-v1
2024-04-29,5.98,116.01,UTC+8,28800,6.056806,06:03:25,18.379535,18:22:46,90.833,Y,Y,solar-v1,3b7dc371ebe5931b3336f9982c5806a06a515dc2032569f5da7720470c1ec36c,solar-spec-v1
2024-04-30,5.98,116.01,UTC+8,28800,6.052112,06:03:08,18.379601,18:22:47,90.833,Y,Y,solar-v1,3b7dc371ebe5931b3336f9982c5806a06a515dc2032569f5da7720470c1ec36c,solar-spec-v1
2024-05-01,5.98,116.01,UTC+8,28800,6.047599,06:02:51,18.379802,18:22:47,90.833,Y,Y,solar-v1,3b7dc371ebe5931b3336f9982c5806a06a515dc2032569f5da7720470c1ec36c,solar-spec-v1
2024-05-02,5.98,116.01,UTC+8,28800,6.043269,06:02:36,18.380139,18:22:49,90.833,Y,Y,solar-v1,3b7dc371ebe5931b3336f9982c5806a06a515dc2032569f5da7720470c1ec36c,solar-spec-v1
2024-05-03,5.98,116.01,UTC+8,28800,6.039126,06:02:21,18.380612,18:22:50,90.833,Y,Y,solar-v1,3b7dc371ebe5931b3336f9982c5806a06a515dc2032569f5da7720470c1ec36c,solar-spec-v1
2024-05-04,5.98,116.01,UTC+8,28800,6.035170,06:02:07,18.381223,18:22:52,90.833,Y,Y,solar-v1,3b7dc371ebe5931b3336f9982c5806a06a515dc2032569f5da7720470c1ec36c,solar-spec-v1
2024-05-05,5.98,116.01,UTC+8,28800,6.031404,06:01:53,18.381970,18:22:55,90.833,Y,Y,solar-v1,3b7dc371ebe5931b3336f9982c5806a06a515dc2032569f5da7720470c1ec36c,solar-spec-v1
2024-05-06,5.98,116.01,UTC+8,28800,6.027831,06:01:40,18.382855,18:22:58,90.833,Y,Y,solar-v1,3b7dc371ebe5931b3336f9982c5806a06a515dc2032569f5da7720470c1ec36c,solar-spec-v1
2024-05-07,5.98,116.01,UTC+8,28800,6.024450,06:01:28,18.383876,18:23:02,90.833,Y,Y,solar-v1,3b7dc371ebe5931b3336f9982c5806a06a515dc2032569f5da7720470c1ec36c,solar-spec-v1
2024-05-08,5.98,116.01,UTC+8,28800,6.021265,06:01:17,18.385034,18:23:06,90.833,Y,Y,solar-v1,3b7dc371ebe5931b3336f9982c5806a06a515dc2032569f5da7720470c1ec36c,solar-spec-v1
2024-05-09,5.98,116.01,UTC+8,28800,6.018275,06:01:06,18.386328,18:23:11,90.833,Y,Y,solar-v1,3b7dc371ebe5931b3336f9982c5806a06a515dc2032569f5da7720470c1ec36c,solar-spec-v1
2024-05-10,5.98,116.01,UTC+8,28800,6.015482,06:00:56,18.387756,18:23:16,90.833,Y,Y,solar-v1,3b7dc371ebe5931b3336f9982c5806a06a515dc2032569f5da7720470c1ec36c,solar-spec-v1
2024-05-11,5.98,116.01,UTC+8,28800,6.012886,06:00:46,18.389318,18:23:22,90.833,Y,Y,solar-v1,3b7dc371ebe5931b3336f9982c5806a06a515dc2032569f5da7720470c1ec36c,solar-spec-v1
2024-05-12,5.98,116.01,UTC+8,28800,6.010488,06:00:38,18.391011,18:23:28,90.833,Y,Y,solar-v1,3b7dc371ebe5931b3336f9982c5806a06a515dc2032569f5da7720470c1ec36c,solar-spec-v1
2024-05-13,5.98,116.01,UTC+8,28800,6.008289,06:00:30,18.392835,18:23:34,90.833,Y,Y,solar-v1,3b7dc371ebe5931b3336f9982c5806a06a515dc2032569f5da7720470c1ec36c,solar-spec-v1
2024-05-14,5.98,116.01,UTC+8,28800,6.006288,06:00:23,18.394787,18:23:41,90.833,Y,Y,solar-v1,3b7dc371ebe5931b3336f9982c5806a06a515dc2032569f5da7720470c1ec36c,solar-spec-v1
2024-05-15,5.98,116.01,UTC+8,28800,6.004485,06:00:16,18.396866,18:23:49,90.833,Y,Y,solar-v1,3b7dc371ebe5931b3336f9982c5806a06a515dc2032569f5da7720470c1ec36c,solar-spec-v1
2024-05-16,5.98,116.01,UTC+8,28800,6.002880,06:00:10,18.399069,18:23:57,90.833,Y,Y,solar-v1,3b7dc371ebe5931b3336f9982c5806a06a515dc2032569f5da7720470c1ec36c,solar-spec-v1
2024-05-17,5.98,116.01,UTC+8,28800,6.001472,06:00:05,18.401393,18:24:05,90.833,Y,Y,solar-v1,3b7dc371ebe5931b3336f9982c5806a06a515dc2032569f5da7720470c1ec36c,solar-spec-v1
2024-05-18,5.98,116.01,UTC+8,28800,6.000260,06:00:01,18.403835,18:24:14,90.833,Y,Y,solar-v1,3b7dc371ebe5931b3336f9982c5806a06a515dc2032569f5da7720470c1ec36c,solar-spec-v1
2024-05-19,5.98,116.01,UTC+8,28800,5.999244,05:59:57,18.406394,18:24:23,90.833,Y,Y,solar-v1,3b7dc371ebe5931b3336f9982c5806a06a515dc2032569f5da7720470c1ec36c,solar-spec-v1
2024-05-20,5.98,116.01,UTC+8,28800,5.998422,05:59:54,18.409065,18:24:33,90.833,Y,Y,solar-v1,3b7dc371ebe5931b3336f9982c5806a06a515dc2032569f5da7720470c1ec36c,solar-spec-v1
2024-05-21,5.98,116.01,UTC+8,28800,5.997793,05:59:52,18.411845,18:24:43,90.833,Y,Y,solar-v1,3b7dc371ebe5931b3336f9982c5806a06a515dc2032569f5da7720470c1ec36c,solar-spec-v1
2024-05-22,5.98,116.01,UTC+8,28800,5.997354,05:59:50,18.414731,18:24:53,90.833,Y,Y,solar-v1,3b7dc371ebe5931b3336f9982c5806a06a515dc2032569f5da7720470c1ec36c,solar-spec-v1
2024-05-23,5.98,116.01,UTC+8,28800,5.997105,05:59:50,18.417718,18:25:04,90.833,Y,Y,solar-v1,3b7dc371ebe5931b3336f9982c5806a06a515dc2032569f5da7720470c1ec36c,solar-spec-v1
2024-05-24,5.98,116.01,UTC+8,28800,5.997043,05:59:49,18.420804,18:25:15,90.833,Y,Y,solar-v1,3b7dc371ebe5931b3336f9982c5806a06a515dc2032569f5da7720470c1ec36c,solar-spec-v1
2024-05-25,5.98,116.01,UTC+8,28800,5.997166,05:59:50,18.423983,18:25:26,90.833,Y,Y,solar-v1,3b7dc371ebe5931b3336f9982c5806a06a515dc2032569f5da7720470c1ec36c,solar-spec-v1
2024-05-26,5.98,116.01,UTC+8,28800,5.997471,05:59:51,18.427251,18:25:38,90.833,Y,Y,solar-v1,3b7dc371ebe5931b3336f9982c5806a06a515dc2032569f5da7720470c1ec36c,solar-spec-v1
2024-05-27,5.98,116.01,UTC+8,28800,5.997956,05:59:53,18.430605,18:25:50,90.833,Y,Y,solar-v1,3b7dc371ebe5931b3336f9982c5806a06a515dc2032569f5da7720470c1ec36c,solar-spec-v1
2024-05-28,5.98,116.01,UTC+8,28800,5.998618,05:59:55,18.434039,18:26:03,90.833,Y,Y,solar-v1,3b7dc371ebe5931b3336f9982c5806a06a515dc2032569f5da7720470c1ec36c,solar-spec-v1
2024-05-29,5.98,116.01,UTC+8,28800,5.999454,05:59:58,18.437548,18:26:15,90.833,Y,Y,solar-v1,3b7dc371ebe5931b3336f9982c5806a06a515dc2032569f5da7720470c1ec36c,solar-spec-v1
2024-05-30,5.98,116.01,UTC+8,28800,6.000460,06:00:02,18.441129,18:26:28,90.833,Y,Y,solar-v1,3b7dc371ebe5931b3336f9982c5806a06a515dc2032569f5da7720470c1ec36c,solar-spec-v1
2024-05-31,5.98,116.01,UTC+8,28800,6.001634,06:00:06,18.444774,18:26:41,90.833,Y,Y,solar-v1,3b7dc371ebe5931b3336f9982c5806a06a515dc2032569f5da7720470c1ec36c,solar-spec-v1
2024-06-01,5.98,116.01,UTC+8,28800,6.002972,06:00:11,18.448480,18:26:55,90.833,Y,Y,solar-v1,3b7dc371ebe5931b3336f9982c5806a06a515dc2032569f5da7720470c1ec36c,solar-spec-v1
2024-06-02,5.98,116.01,UTC+8,28800,6.004469,06:00:16,18.452241,18:27:08,90.833,Y,Y,solar-v1,3b7dc371ebe5931b3336f9982c5806a06a515dc2032569f5da7720470c1ec36c,solar-spec-v1
2024-06-03,5.98,116.01,UTC+8,28800,6.006122,06:00:22,18.456052,18:27:22,90.833,Y,Y,solar-v1,3b7dc371ebe5931b3336f9982c5806a06a515dc2032569f5da7720470c1ec36c,solar-spec-v1
2024-06-04,5.98,116.01,UTC+8,28800,6.007928,06:00:29,18.459907,18:27:36,90.833,Y,Y,solar-v1,3b7dc371ebe5931b3336f9982c5806a06a515dc2032569f5da7720470c1ec36c,solar-spec-v1
2024-06-05,5.98,116.01,UTC+8,28800,6.009881,06:00:36,18.463800,18:27:50,90.833,Y,Y,solar-v1,3b7dc371ebe5931b3336f9982c5806a06a515dc2032569f5da7720470c1ec36c,solar-spec-v1
2024-06-06,5.98,116.01,UTC+8,28800,6.011977,06:00:43,18.467726,18:28:04,90.833,Y,Y,solar-v1,3b7dc371ebe5931b3336f9982c5806a06a515dc2032569f5da7720470c1ec36c,solar-spec-v1
2024-06-07,5.98,116.01,UTC+8,28800,6.014211,06:00:51,18.471678,18:28:18,90.833,Y,Y,solar-v1,3b7dc371ebe5931b3336f9982c5806a06a515dc2032569f5da7720470c1ec36c,solar-spec-v1
2024-06-08,5.98,116.01,UTC+8,28800,6.016580,06:01:00,18.475651,18:28:32,90.833,Y,Y,solar-v1,3b7dc371ebe5931b3336f9982c5806a06a515dc2032569f5da7720470c1ec36c,solar-spec-v1
2024-06-09,5.98,116.01,UTC+8,28800,6.019077,06:01:09,18.479639,18:28:47,90.833,Y,Y,solar-v1,3b7dc371ebe5931b3336f9982c5806a06a515dc2032569f5da7720470c1ec36c,solar-spec-v1
2024-06-10,5.98,116.01,UTC+8,28800,6.021699,06:01:18,18.483636,18:29:01,90.833,Y,Y,solar-v1,3b7dc371ebe5931b3336f9982c5806a06a515dc2032569f5da7720470c1ec36c,solar-spec-v1
2024-06-11,5.98,116.01,UTC+8,28800,6.024439,06:01:28,18.487636,18:29:15,90.833,Y,Y,solar-v1,3b7dc371ebe5931b3336f9982c5806a06a515dc2032569f5da7720470c1ec36c,solar-spec-v1
2024-06-12,5.98,116.01,UTC+8,28800,6.027293,06:01:38,18.491632,18:29:30,90.833,Y,Y,solar-v1,3b7dc371ebe5931b3336f9982c5806a06a515dc2032569f5da7720470c1ec36c,solar-spec-v1
2024-06-13,5.98,116.01,UTC+8,28800,6.030255,06:01:49,18.495618,18:29:44,90.833,Y,Y,solar-v1,3b7dc371ebe5931b3336f9982c5806a06a515dc2032569f5da7720470c1ec36c,solar-spec-v1
2024-06-14,5.98,116.01,UTC+8,28800,6.033320,06:02:00,18.499588,18:29:59,90.833,Y,Y,solar-v1,3b7dc371ebe5931b3336f9982c5806a06a515dc2032569f5da7720470c1ec36c,solar-spec-v1
2024-06-15,5.98,116.01,UTC+8,28800,6.036482,06:02:11,18.503537,18:30:13,90.833,Y,Y,solar-v1,3b7dc371ebe5931b3336f9982c5806a06a515dc2032569f5da7720470c1ec36c,solar-spec-v1
2024-06-16,5.98,116.01,UTC+8,28800,6.039736,06:02:23,18.507457,18:30:27,90.833,Y,Y,solar-v1,3b7dc371ebe5931b3336f9982c5806a06a515dc2032569f5da7720470c1ec36c,solar-spec-v1
2024-06-17,5.98,116.01,UTC+8,28800,6.043075,06:02:35,18.511342,18:30:41,90.833,Y,Y,solar-v1,3b7dc371ebe5931b3336f9982c5806a06a515dc2032569f5da7720470c1ec36c,solar-spec-v1
2024-06-18,5.98,116.01,UTC+8,28800,6.046494,06:02:47,18.515186,18:30:55,90.833,Y,Y,solar-v1,3b7dc371ebe5931b3336f9982c5806a06a515dc2032569f5da7720470c1ec36c,solar-spec-v1
2024-06-19,5.98,116.01,UTC+8,28800,6.049987,06:03:00,18.518983,18:31:08,90.833,Y,Y,solar-v1,3b7dc371ebe5931b3336f9982c5806a06a515dc2032569f5da7720470c1ec36c,solar-spec-v1
2024-06-20,5.98,116.01,UTC+8,28800,6.053548,06:03:13,18.522727,18:31:22,90.833,Y,Y,solar-v1,3b7dc371ebe5931b3336f9982c5806a06a515dc2032569f5da7720470c1ec36c,solar-spec-v1
2024-06-21,5.98,116.01,UTC+8,28800,6.057170,06:03:26,18.526411,18:31:35,90.833,Y,Y,solar-v1,3b7dc371ebe5931b3336f9982c5806a06a515dc2032569f5da7720470c1ec36c,solar-spec-v1
2024-06-22,5.98,116.01,UTC+8,28800,6.060848,06:03:39,18.530029,18:31:48,90.833,Y,Y,solar-v1,3b7dc371ebe5931b3336f9982c5806a06a515dc2032569f5da7720470c1ec36c,solar-spec-v1
2024-06-23,5.98,116.01,UTC+8,28800,6.064575,06:03:52,18.533576,18:32:01,90.833,Y,Y,solar-v1,3b7dc371ebe5931b3336f9982c5806a06a515dc2032569f5da7720470c1ec36c,solar-spec-v1
2024-06-24,5.98,116.01,UTC+8,28800,6.068345,06:04:06,18.537045,18:32:13,90.833,Y,Y,solar-v1,3b7dc371ebe5931b3336f9982c5806a06a515dc2032569f5da7720470c1ec36c,solar-spec-v1
2024-06-25,5.98,116.01,UTC+8,28800,6.072153,06:04:20,18.540429,18:32:26,90.833,Y,Y,solar-v1,3b7dc371ebe5931b3336f9982c5806a06a515dc2032569f5da7720470c1ec36c,solar-spec-v1
2024-06-26,5.98,116.01,UTC+8,28800,6.075991,06:04:34,18.543724,18:32:37,90.833,Y,Y,solar-v1,3b7dc371ebe5931b3336f9982c5806a06a515dc2032569f5da7720470c1ec36c,solar-spec-v1
2024-06-27,5.98,116.01,UTC+8,28800,6.079853,06:04:47,18.546923,18:32:49,90.833,Y,Y,solar-v1,3b7dc371ebe5931b3336f9982c5806a06a515dc2032569f5da7720470c1ec36c,solar-spec-v1
2024-06-28,5.98,116.01,UTC+8,28800,6.083733,06:05:01,18.550021,18:33:00,90.833,Y,Y,solar-v1,3b7dc371ebe5931b3336f9982c5806a06a515dc2032569f5da7720470c1ec36c,solar-spec-v1
2024-06-29,5.98,116.01,UTC+8,28800,6.087625,06:05:15,18.553011,18:33:11,90.833,Y,Y,solar-v1,3b7dc371ebe5931b3336f9982c5806a06a515dc2032569f5da7720470c1ec36c,solar-spec-v1
2024-06-30,5.98,116.01,UTC+8,28800,6.091522,06:05:29,18.555889,18:33:21,90.833,Y,Y,solar-v1,3b7dc371ebe5931b3336f9982c5806a06a515dc2032569f5da7720470c1ec36c,solar-spec-v1
2024-07-01,5.98,116.01,UTC+8,28800,6.095418,06:05:44,18.558648,18:33:31,90.833,Y,Y,solar-v1,3b7dc371ebe5931b3336f9982c5806a06a515dc2032569f5da7720470c1ec36c,solar-spec-v1
2024-07-02,5.98,116.01,UTC+8,28800,6.099307,06:05:58,18.561284,18:33:41,90.833,Y,Y,solar-v1,3b7dc371ebe5931b3336f9982c5806a06a515dc2032569f5da7720470c1ec36c,solar-spec-v1
2024-07-03,5.98,116.01,UTC+8,28800,6.103183,06:06:11,18.563791,18:33:50,90.833,Y,Y,solar-v1,3b7dc371ebe5931b3336f9982c5806a06a515dc2032569f5da7720470c1ec36c,solar-spec-v1
2024-07-04,5.98,116.01,UTC+8,28800,6.107039,06:06:25,18.566164,18:33:58,90.833,Y,Y,solar-v1,3b7dc371ebe5931b3336f9982c5806a06a515dc2032569f5da7720470c1ec36c,solar-spec-v1
2024-07-05,5.98,116.01,UTC+8,28800,6.110870,06:06:39,18.568398,18:34:06,90.833,Y,Y,solar-v1,3b7dc371ebe5931b3336f9982c5806a06a515dc2032569f5da7720470c1ec36c,solar-spec-v1
2024-07-06,5.98,116.01,UTC+8,28800,6.114669,06:06:53,18.570487,18:34:14,90.833,Y,Y,solar-v1,3b7dc371ebe5931b3336f9982c5806a06a515dc2032569f5da7720470c1ec36c,solar-spec-v1
2024-07-07,5.98,116.01,UTC+8,28800,6.118430,06:07:06,18.572428,18:34:21,90.833,Y,Y,solar-v1,3b7dc371ebe5931b3336f9982c5806a06a515dc2032569f5da7720470c1ec36c,solar-spec-v1
2024-07-08,5.98,116.01,UTC+8,28800,6.122148,06:07:20,18.574216,18:34:27,90.833,Y,Y,solar-v1,3b7dc371ebe5931b3336f9982c5806a06a515dc2032569f5da7720470c1ec36c,solar-spec-v1
2024-07-09,5.98,116.01,UTC+8,28800,6.125816,06:07:33,18.575846,18:34:33,90.833,Y,Y,solar-v1,3b7dc371ebe5931b3336f9982c5806a06a515dc2032569f5da7720470c1ec36c,solar-spec-v1
2024-07-10,5.98,116.01,UTC+8,28800,6.129429,06:07:46,18.577314,18:34:38,90.833,Y,Y,solar-v1,3b7dc371ebe5931b3336f9982c5806a06a515dc2032569f5da7720470c1ec36c,solar-spec-v1
2024-07-11,5.98,116.01,UTC+8,28800,6.132981,06:07:59,18.578616,18:34:43,90.833,Y,Y,solar-v1,3b7dc371ebe5931b3336f9982c5806a06a515dc2032569f5da7720470c1ec36c,solar-spec-v1
2024-07-12,5.98,116.01,UTC+8,28800,6.136466,06:08:11,18.579748,18:34:47,90.833,Y,Y,solar-v1,3b7dc371ebe5931b3336f9982c5806a06a515dc2032569f5da7720470c1ec36c,solar-spec-v1
2024-07-13,5.98,116.01,UTC+8,28800,6.139880,06:08:24,18.580706,18:34:51,90.833,Y,Y,solar-v1,3b7dc371ebe5931b3336f9982c5806a06a515dc2032569f5da7720470c1ec36c,solar-spec-v1
2024-07-14,5.98,116.01,UTC+8,28800,6.143217,06:08:36,18.581486,18:34:53,90.833,Y,Y,solar-v1,3b7dc371ebe5931b3336f9982c5806a06a515dc2032569f5da7720470c1ec36c,solar-spec-v1
2024-07-15,5.98,116.01,UTC+8,28800,6.146472,06:08:47,18.582085,18:34:56,90.833,Y,Y,solar-v1,3b7dc371ebe5931b3336f9982c5806a06a515dc2032569f5da7720470c1ec36c,solar-spec-v1
2024-07-16,5.98,116.01,UTC+8,28800,6.149639,06:08:59,18.582500,18:34:57,90.833,Y,Y,solar-v1,3b7dc371ebe5931b3336f9982c5806a06a515dc2032569f5da7720470c1ec36c,solar-spec-v1
2024-07-17,5.98,116.01,UTC+8,28800,6.152715,06:09:10,18.582728,18:34:58,90.833,Y,Y,solar-v1,3b7dc371ebe5931b3336f9982c5806a06a515dc2032569f5da7720470c1ec36c,solar-spec-v1
2024-07-18,5.98,116.01,UTC+8,28800,6.155693,06:09:20,18.582765,18:34:58,90.833,Y,Y,solar-v1,3b7dc371ebe5931b3336f9982c5806a06a515dc2032569f5da7720470c1ec36c,solar-spec-v1
2024-07-19,5.98,116.01,UTC+8,28800,6.158571,06:09:31,18.582610,18:34:57,90.833,Y,Y,solar-v1,3b7dc371ebe5931b3336f9982c5806a06a515dc2032569f5da7720470c1ec36c,solar-spec-v1
2024-07-20,5.98,116.01,UTC+8,28800,6.161343,06:09:41,18.582259,18:34:56,90.833,Y,Y,solar-v1,3b7dc371ebe5931b3336f9982c5806a06a515dc2032569f5da7720470c1ec36c,solar-spec-v1
2024-07-21,5.98,116.01,UTC+8,28800,6.164004,06:09:50,18.581710,18:34:54,90.833,Y,Y,solar-v1,3b7dc371ebe5931b3336f9982c5806a06a515dc2032569f5da7720470c1ec36c,solar-spec-v1
2024-07-22,5.98,116.01,UTC+8,28800,6.166552,06:10:00,18.580962,18:34:51,90.833,Y,Y,solar-v1,3b7dc371ebe5931b3336f9982c5806a06a515dc2032569f5da7720470c1ec36c,solar-spec-v1
2024-07-23,5.98,116.01,UTC+8,28800,6.168983,06:10:08,18.580011,18:34:48,90.833,Y,Y,solar-v1,3b7dc371ebe5931b3336f9982c5806a06a515dc2032569f5da7720470c1ec36c,solar-spec-v1
2024-07-24,5.98,116.01,UTC+8,28800,6.171292,06:10:17,18.578857,18:34:44,90.833,Y,Y,solar-v1,3b7dc371ebe5931b3336f9982c5806a06a515dc2032569f5da7720470c1ec36c,solar-spec-v1
2024-07-25,5.98,116.01,UTC+8,28800,6.173476,06:10:25,18.577499,18:34:39,90.833,Y,Y,solar-v1,3b7dc371ebe5931b3336f9982c5806a06a515dc2032569f5da7720470c1ec36c,solar-spec-v1
2024-07-26,5.98,116.01,UTC+8,28800,6.175532,06:10:32,18.575934,18:34:33,90.833,Y,Y,solar-v1,3b7dc371ebe5931b3336f9982c5806a06a515dc2032569f5da7720470c1ec36c,solar-spec-v1
2024-07-27,5.98,116.01,UTC+8,28800,6.177457,06:10:39,18.574161,18:34:27,90.833,Y,Y,solar-v1,3b7dc371ebe5931b3336f9982c5806a06a515dc2032569f5da7720470c1ec36c,solar-spec-v1
2024-07-28,5.98,116.01,UTC+8,28800,6.179248,06:10:45,18.572181,18:34:20,90.833,Y,Y,solar-v1,3b7dc371ebe5931b3336f9982c5806a06a515dc2032569f5da7720470c1ec36c,solar-spec-v1
2024-07-29,5.98,116.01,UTC+8,28800,6.180902,06:10:51,18.569992,18:34:12,90.833,Y,Y,solar-v1,3b7dc371ebe5931b3336f9982c5806a06a515dc2032569f5da7720470c1ec36c,solar-spec-v1
2024-07-30,5.98,116.01,UTC+8,28800,6.182418,06:10:57,18.567593,18:34:03,90.833,Y,Y,solar-v1,3b7dc371ebe5931b3336f9982c5806a06a515dc2032569f5da7720470c1ec36c,solar-spec-v1
2024-07-31,5.98,116.01,UTC+8,28800,6.183792,06:11:02,18.564985,18:33:54,90.833,Y,Y,solar-v1,3b7dc371ebe5931b3336f9982c5806a06a515dc2032569f5da7720470c1ec36c,solar-spec-v1
2024-08-01,5.98,116.01,UTC+8,28800,6.185024,06:11:06,18.562168,18:33:44,90.833,Y,Y,solar-v1,3b7dc371ebe5931b3336f9982c5806a06a515dc2032569f5da7720470c1ec36c,solar-spec-v1
2024-08-02,5.98,116.01,UTC+8,28800,6.186111,06:11:10,18.559142,18:33:33,90.833,Y,Y,solar-v1,3b7dc371ebe5931b3336f9982c5806a06a515dc2032569f5da7720470c1ec36c,solar-spec-v1
2024-08-03,5.98,116.01,UTC+8,28800,6.187051,06:11:13,18.555906,18:33:21,90.833,Y,Y,solar-v1,3b7dc371ebe5931b3336f9982c5806a06a515dc2032569f5da7720470c1ec36c,solar-spec-v1
2024-08-04,5.98,116.01,UTC+8,28800,6.187844,06:11:16,18.552463,18:33:09,90.833,Y,Y,solar-v1,3b7dc371ebe5931b3336f9982c5806a06a515dc2032569f5da7720470c1ec36c,solar-spec-v1
2024-08-05,5.98,116.01,UTC+8,28800,6.188489,06:11:19,18.548812,18:32:56,90.833,Y,Y,solar-v1,3b7dc371ebe5931b3336f9982c5806a06a515dc2032569f5da7720470c1ec36c,solar-spec-v1
2024-08-06,5.98,116.01,UTC+8,28800,6.188985,06:11:20,18.544956,18:32:42,90.833,Y,Y,solar-v1,3b7dc371ebe5931b3336f9982c5806a06a515dc2032569f5da7720470c1ec36c,solar-spec-v1
2024-08-07,5.98,116.01,UTC+8,28800,6.189330,06:11:22,18.540894,18:32:27,90.833,Y,Y,solar-v1,3b7dc371ebe5931b3336f9982c5806a06a515dc2032569f5da7720470c1ec36c,solar-spec-v1
2024-08-08,5.98,116.01,UTC+8,28800,6.189526,06:11:22,18.536629,18:32:12,90.833,Y,Y,solar-v1,3b7dc371ebe5931b3336f9982c5806a06a515dc2032569f5da7720470c1ec36c,solar-spec-v1
2024-08-09,5.98,116.01,UTC+8,28800,6.189571,06:11:22,18.532163,18:31:56,90.833,Y,Y,solar-v1,3b7dc371ebe5931b3336f9982c5806a06a515dc2032569f5da7720470c1ec36c,solar-spec-v1
2024-08-10,5.98,116.01,UTC+8,28800,6.189467,06:11:22,18.527497,18:31:39,90.833,Y,Y,solar-v1,3b7dc371ebe5931b3336f9982c5806a06a515dc2032569f5da7720470c1ec36c,solar-spec-v1
2024-08-11,5.98,116.01,UTC+8,28800,6.189213,06:11:21,18.522633,18:31:21,90.833,Y,Y,solar-v1,3b7dc371ebe5931b3336f9982c5806a06a515dc2032569f5da7720470c1ec36c,solar-spec-v1
2024-08-12,5.98,116.01,UTC+8,28800,6.188810,06:11:20,18.517574,18:31:03,90.833,Y,Y,solar-v1,3b7dc371ebe5931b3336f9982c5806a06a515dc2032569f5da7720470c1ec36c,solar-spec-v1
2024-08-13,5.98,116.01,UTC+8,28800,6.188259,06:11:18,18.512323,18:30:44,90.833,Y,Y,solar-v1,3b7dc371ebe5931b3336f9982c5806a06a515dc2032569f5da7720470c1ec36c,solar-spec-v1
2024-08-14,5.98,116.01,UTC+8,28800,6.187561,06:11:15,18.506882,18:30:25,90.833,Y,Y,solar-v1,3b7dc371ebe5931b3336f9982c5806a06a515dc2032569f5da7720470c1ec36c,solar-spec-v1
2024-08-15,5.98,116.01,UTC+8,28800,6.186718,06:11:12,18.501255,18:30:05,90.833,Y,Y,solar-v1,3b7dc371ebe5931b3336f9982c5806a06a515dc2032569f5da7720470c1ec36c,solar-spec-v1
2024-08-16,5.98,116.01,UTC+8,28800,6.185731,06:11:09,18.495444,18:29:44,90.833,Y,Y,solar-v1,3b7dc371ebe5931b3336f9982c5806a06a515dc2032569f5da7720470c1ec36c,solar-spec-v1
2024-08-17,5.98,116.01,UTC+8,28800,6.184602,06:11:05,18.489453,18:29:22,90.833,Y,Y,solar-v1,3b7dc371ebe5931b3336f9982c5806a06a515dc2032569f5da7720470c1ec36c,solar-spec-v1
2024-08-18,5.98,116.01,UTC+8,28800,6.183333,06:11:00,18.483285,18:29:00,90.833,Y,Y,solar-v1,3b7dc371ebe5931b3336f9982c5806a06a515dc2032569f5da7720470c1ec36c,solar-spec-v1
2024-08-19,5.98,116.01,UTC+8,28800,6.181926,06:10:55,18.476944,18:28:37,90.833,Y,Y,solar-v1,3b7dc371ebe5931b3336f9982c5806a06a515dc2032569f5da7720470c1ec36c,solar-spec-v1
2024-08-20,5.98,116.01,UTC+8,28800,6.180384,06:10:49,18.470435,18:28:14,90.833,Y,Y,solar-v1,3b7dc371ebe5931b3336f9982c5806a06a515dc2032569f5da7720470c1ec36c,solar-spec-v1
2024-08-21,5.98,116.01,UTC+8,28800,6.178710,06:10:43,18.463761,18:27:50,90.833,Y,Y,solar-v1,3b7dc371ebe5931b3336f9982c5806a06a515dc2032569f5da7720470c1ec36c,solar-spec-v1
2024-08-22,5.98,116.01,UTC+8,28800,6.176906,06:10:37,18.456927,18:27:25,90.833,Y,Y,solar-v1,3b7dc371ebe5931b3336f9982c5806a06a515dc2032569f5da7720470c1ec36c,solar-spec-v1
2024-08-23,5.98,116.01,UTC+8,28800,6.174975,06:10:30,18.449937,18:27:00,90.833,Y,Y,solar-v1,3b7dc371ebe5931b3336f9982c5806a06a515dc2032569f5da7720470c1ec36c,solar-spec-v1
2024-08-24,5.98,116.01,UTC+8,28800,6.172922,06:10:23,18.442796,18:26:34,90.833,Y,Y,solar-v1,3b7dc371ebe5931b3336f9982c5806a06a515dc2032569f5da7720470c1ec36c,solar-spec-v1
2024-08-25,5.98,116.01,UTC+8,28800,6.170749,06:10:15,18.435509,18:26:08,90.833,Y,Y,solar-v1,3b7dc371ebe5931b3336f9982c5806a06a515dc2032569f5da7720470c1ec36c,solar-spec-v1
2024-08-26,5.98,116.01,UTC+8,28800,6.168460,06:10:06,18.428081,18:25:41,90.833,Y,Y,solar-v1,3b7dc371ebe5931b3336f9982c5806a06a515dc2032569f5da7720470c1ec36c,solar-spec-v1
2024-08-27,5.98,116.01,UTC+8,28800,6.166060,06:09:58,18.420516,18:25:14,90.833,Y,Y,solar-v1,3b7dc371ebe5931b3336f9982c5806a06a515dc2032569f5da7720470c1ec36c,solar-spec-v1
2024-08-28,5.98,116.01,UTC+8,28800,6.163552,06:09:49,18.412821,18:24:46,90.833,Y,Y,solar-v1,3b7dc371ebe5931b3336f9982c5806a06a515dc2032569f5da7720470c1ec36c,solar-spec-v1
2024-08-29,5.98,116.01,UTC+8,28800,6.160941,06:09:39,18.405001,18:24:18,90.833,Y,Y,solar-v1,3b7dc371ebe5931b3336f9982c5806a06a515dc2032569f5da7720470c1ec36c,solar-spec-v1
2024-08-30,5.98,116.01,UTC+8,28800,6.158231,06:09:30,18.397062,18:23:49,90.833,Y,Y,solar-v1,3b7dc371ebe5931b3336f9982c5806a06a515dc2032569f5da7720470c1ec36c,solar-spec-v1
2024-08-31,5.98,116.01,UTC+8,28800,6.155427,06:09:20,18.389009,18:23:20,90.833,Y,Y,solar-v1,3b7dc371ebe5931b3336f9982c5806a06a515dc2032569f5da7720470c1ec36c,solar-spec-v1
2024-09-01,5.98,116.01,UTC+8,28800,6.152533,06:09:09,18.380848,18:22:51,90.833,Y,Y,solar-v1,3b7dc371ebe5931b3336f9982c5806a06a515dc2032569f5da7720470c1ec36c,solar-spec-v1
2024-09-02,5.98,116.01,UTC+8,28800,6.149555,06:08:58,18.372586,18:22:21,90.833,Y,Y,solar-v1,3b7dc371ebe5931b3336f9982c5806a06a515dc2032569f5da7720470c1ec36c,solar-spec-v1
2024-09-03,5.98,116.01,UTC+8,28800,6.146498,06:08:47,18.364228,18:21:51,90.833,Y,Y,solar-v1,3b7dc371ebe5931b3336f9982c5806a06a515dc2032569f5da7720470c1ec36c,solar-spec-v1
2024-09-04,5.98,116.01,UTC+8,28800,6.143368,06:08:36,18.355780,18:21:21,90.833,Y,Y,solar-v1,3b7dc371ebe5931b3336f9982c5806a06a515dc2032569f5da7720470c1ec36c,solar-spec-v1
2024-09-05,5.98,116.01,UTC+8,28800,6.140168,06:08:25,18.347250,18:20:50,90.833,Y,Y,solar-v1,3b7dc371ebe5931b3336f9982c5806a06a515dc2032569f5da7720470c1ec36c,solar-spec-v1
2024-09-06,5.98,116.01,UTC+8,28800,6.136906,06:08:13,18.338644,18:20:19,90.833,Y,Y,solar-v1,3b7dc371ebe5931b3336f9982c5806a06a515dc2032569f5da7720470c1ec36c,solar-spec-v1
2024-09-07,5.98,116.01,UTC+8,28800,6.133587,06:08:01,18.329968,18:19:48,90.833,Y,Y,solar-v1,3b7dc371ebe5931b3336f9982c5806a06a515dc2032569f5da7720470c1ec36c,solar-spec-v1
2024-09-08,5.98,116.01,UTC+8,28800,6.130216,06:07:49,18.321230,18:19:16,90.833,Y,Y,solar-v1,3b7dc371ebe5931b3336f9982c5806a06a515dc2032569f5da7720470c1ec36c,solar-spec-v1
2024-09-09,5.98,116.01,UTC+8,28800,6.126800,06:07:36,18.312435,18:18:45,90.833,Y,Y,solar-v1,3b7dc371ebe5931b3336f9982c5806a06a515dc2032569f5da7720470c1ec36c,solar-spec-v1
2024-09-10,5.98,116.01,UTC+8,28800,6.123343,06:07:24,18.303591,18:18:13,90.833,Y,Y,solar-v1,3b7dc371ebe5931b3336f9982c5806a06a515dc2032569f5da7720470c1ec36c,solar-spec-v1
2024-09-11,5.98,116.01,UTC+8,28800,6.119854,06:07:11,18.294705,18:17:41,90.833,Y,Y,solar-v1,3b7dc371ebe5931b3336f9982c5806a06a515dc2032569f5da7720470c1ec36c,solar-spec-v1
2024-09-12,5.98,116.01,UTC+8,28800,6.116337,06:06:59,18.285783,18:17:09,90.833,Y,Y,solar-v1,3b7dc371ebe5931b3336f9982c5806a06a515dc2032569f5da7720470c1ec36c,solar-spec-v1
2024-09-13,5.98,116.01,UTC+8,28800,6.112799,06:06:46,18.276833,18:16:37,90.833,Y,Y,solar-v1,3b7dc371ebe5931b3336f9982c5806a06a515dc2032569f5da7720470c1ec36c,solar-spec-v1
2024-09-14,5.98,116.01,UTC+8,28800,6.109246,06:06:33,18.267863,18:16:04,90.833,Y,Y,solar-v1,3b7dc371ebe5931b3336f9982c5806a06a515dc2032569f5da7720470c1ec36c,solar-spec-v1
2024-09-15,5.98,116.01,UTC+8,28800,6.105684,06:06:20,18.258878,18:15:32,90.833,Y,Y,solar-v1,3b7dc371ebe5931b3336f9982c5806a06a515dc2032569f5da7720470c1ec36c,solar-spec-v1
2024-09-16,5.98,116.01,UTC+8,28800,6.102121,06:06:08,18.249887,18:15:00,90.833,Y,Y,solar-v1,3b7dc371ebe5931b3336f9982c5806a06a515dc2032569f5da7720470c1ec36c,solar-spec-v1
2024-09-17,5.98,116.01,UTC+8,28800,6.098562,06:05:55,18.240896,18:14:27,90.833,Y,Y,solar-v1,3b7dc371ebe5931b3336f9982c5806a06a515dc2032569f5da7720470c1ec36c,solar-spec-v1
2024-09-18,5.98,116.01,UTC+8,28800,6.095013,06:05:42,18.231914,18:13:55,90.833,Y,Y,solar-v1,3b7dc371ebe5931b3336f9982c5806a06a515dc2032569f5da7720470c1ec36c,solar-spec-v1
2024-09-19,5.98,116.01,UTC+8,28800,6.091482,06:05:29,18.222946,18:13:23,90.833,Y,Y,solar-v1,3b7dc371ebe5931b3336f9982c5806a06a515dc2032569f5da7720470c1ec36c,solar-spec-v1
2024-09-20,5.98,116.01,UTC+8,28800,6.087975,06:05:17,18.214002,18:12:50,90.833,Y,Y,solar-v1,3b7dc371ebe5931b3336f9982c5806a06a515dc2032569f5da7720470c1ec36c,solar-spec-v1
2024-09-21,5.98,116.01,UTC+8,28800,6.084498,06:05:04,18.205087,18:12:18,90.833,Y,Y,solar-v1,3b7dc371ebe5931b3336f9982c5806a06a515dc2032569f5da7720470c1ec36c,solar-spec-v1
2024-09-22,5.98,116.01,UTC+8,28800,6.081058,06:04:52,18.196209,18:11:46,90.833,Y,Y,solar-v1,3b7dc371ebe5931b3336f9982c5806a06a515dc2032569f5da7720470c1ec36c,solar-spec-v1
2024-09-23,5.98,116.01,UTC+8,28800,6.077662,06:04:40,18.187375,18:11:15,90.833,Y,Y,solar-v1,3b7dc371ebe5931b3336f9982c5806a06a515dc2032569f5da7720470c1ec36c,solar-spec-v1
2024-09-24,5.98,116.01,UTC+8,28800,6.074315,06:04:28,18.178594,18:10:43,90.833,Y,Y,solar-v1,3b7dc371ebe5931b3336f9982c5806a06a515dc2032569f5da7720470c1ec36c,solar-spec-v1
2024-09-25,5.98,116.01,UTC+8,28800,6.071024,06:04:16,18.169871,18:10:12,90.833,Y,Y,solar-v1,3b7dc371ebe5931b3336f9982c5806a06a515dc2032569f5da7720470c1ec36c,solar-spec-v1
2024-09-26,5.98,116.01,UTC+8,28800,6.067797,06:04:04,18.161214,18:09:40,90.833,Y,Y,solar-v1,3b7dc371ebe5931b3336f9982c5806a06a515dc2032569f5da7720470c1ec36c,solar-spec-v1
2024-09-27,5.98,116.01,UTC+8,28800,6.064638,06:03:53,18.152631,18:09:09,90.833,Y,Y,solar-v1,3b7dc371ebe5931b3336f9982c5806a06a515dc2032569f5da7720470c1ec36c,solar-spec-v1
2024-09-28,5.98,116.01,UTC+8,28800,6.061554,06:03:42,18.144128,18:08:39,90.833,Y,Y,solar-v1,3b7dc371ebe5931b3336f9982c5806a06a515dc2032569f5da7720470c1ec36c,solar-spec-v1
2024-09-29,5.98,116.01,UTC+8,28800,6.058553,06:03:31,18.135712,18:08:09,90.833,Y,Y,solar-v1,3b7dc371ebe5931b3336f9982c5806a06a515dc2032569f5da7720470c1ec36c,solar-spec-v1
2024-09-30,5.98,116.01,UTC+8,28800,6.055639,06:03:20,18.127391,18:07:39,90.833,Y,Y,solar-v1,3b7dc371ebe5931b3336f9982c5806a06a515dc2032569f5da7720470c1ec36c,solar-spec-v1
2024-10-01,5.98,116.01,UTC+8,28800,6.052819,06:03:10,18.119172,18:07:09,90.833,Y,Y,solar-v1,3b7dc371ebe5931b3336f9982c5806a06a515dc2032569f5da7720470c1ec36c,solar-spec-v1
2024-10-02,5.98,116.01,UTC+8,28800,6.050098,06:03:00,18.111061,18:06:40,90.833,Y,Y,solar-v1,3b7dc371ebe5931b3336f9982c5806a06a515dc2032569f5da7720470c1ec36c,solar-spec-v1
2024-10-03,5.98,116.01,UTC+8,28800,6.047484,06:02:51,18.103064,18:06:11,90.833,Y,Y,solar-v1,3b7dc371ebe5931b3336f9982c5806a06a515dc2032569f5da7720470c1ec36c,solar-spec-v1
2024-10-04,5.98,116.01,UTC+8,28800,6.044981,06:02:42,18.095190,18:05:43,90.833,Y,Y,solar-v1,3b7dc371ebe5931b3336f9982c5806a06a515dc2032569f5da7720470c1ec36c,solar-spec-v1
2024-10-05,5.98,116.01,UTC+8,28800,6.042595,06:02:33,18.087444,18:05:15,90.833,Y,Y,solar-v1,3b7dc371ebe5931b3336f9982c5806a06a515dc2032569f5da7720470c1ec36c,solar-spec-v1
2024-10-06,5.98,116.01,UTC+8,28800,6.040332,06:02:25,18.079832,18:04:47,90.833,Y,Y,solar-v1,3b7dc371ebe5931b3336f9982c5806a06a515dc2032569f5da7720470c1ec36c,solar-spec-v1
2024-10-07,5.98,116.01,UTC+8,28800,6.038198,06:02:18,18.072362,18:04:21,90.833,Y,Y,solar-v1,3b7dc371ebe5931b3336f9982c5806a06a515dc2032569f5da7720470c1ec36c,solar-spec-v1
2024-10-08,5.98,116.01,UTC+8,28800,6.036196,06:02:10,18.065039,18:03:54,90.833,Y,Y,solar-v1,3b7dc371ebe5931b3336f9982c5806a06a515dc2032569f5da7720470c1ec36c,solar-spec-v1
2024-10-09,5.98,116.01,UTC+8,28800,6.034334,06:02:04,18.057869,18:03:28,90.833,Y,Y,solar-v1,3b7dc371ebe5931b3336f9982c5806a06a515dc2032569f5da7720470c1ec36c,solar-spec-v1
2024-10-10,5.98,116.01,UTC+8,28800,6.032615,06:01:57,18.050860,18:03:03,90.833,Y,Y,solar-v1,3b7dc371ebe5931b3336f9982c5806a06a515dc2032569f5da7720470c1ec36c,solar-spec-v1
2024-10-11,5.98,116.01,UTC+8,28800,6.031045,06:01:52,18.044015,18:02:38,90.833,Y,Y,solar-v1,3b7dc371ebe5931b3336f9982c5806a06a515dc2032569f5da7720470c1ec36c,solar-spec-v1
2024-10-12,5.98,116.01,UTC+8,28800,6.029628,06:01:47,18.037341,18:02:14,90.833,Y,Y,solar-v1,3b7dc371ebe5931b3336f9982c5806a06a515dc2032569f5da7720470c1ec36c,solar-spec-v1
2024-10-13,5.98,116.01,UTC+8,28800,6.028368,06:01:42,18.030845,18:01:51,90.833,Y,Y,solar-v1,3b7dc371ebe5931b3336f9982c5806a06a515dc2032569f5da7720470c1ec36c,solar-spec-v1
2024-10-14,5.98,116.01,UTC+8,28800,6.027270,06:01:38,18.024530,18:01:28,90.833,Y,Y,solar-v1,3b7dc371ebe5931b3336f9982c5806a06a515dc2032569f5da7720470c1ec36c,solar-spec-v1
2024-10-15,5.98,116.01,UTC+8,28800,6.026339,06:01:35,18.018402,18:01:06,90.833,Y,Y,solar-v1,3b7dc371ebe5931b3336f9982c5806a06a515dc2032569f5da7720470c1ec36c,solar-spec-v1
2024-10-16,5.98,116.01,UTC+8,28800,6.025577,06:01:32,18.012467,18:00:45,90.833,Y,Y,solar-v1,3b7dc371ebe5931b3336f9982c5806a06a515dc2032569f5da7720470c1ec36c,solar-spec-v1
2024-10-17,5.98,116.01,UTC+8,28800,6.024990,06:01:30,18.006729,18:00:24,90.833,Y,Y,solar-v1,3b7dc371ebe5931b3336f9982c5806a06a515dc2032569f5da7720470c1ec36c,solar-spec-v1
2024-10-18,5.98,116.01,UTC+8,28800,6.024579,06:01:28,18.001194,18:00:04,90.833,Y,Y,solar-v1,3b7dc371ebe5931b3336f9982c5806a06a515dc2032569f5da7720470c1ec36c,solar-spec-v1
2024-10-19,5.98,116.01,UTC+8,28800,6.024350,06:01:28,17.995865,17:59:45,90.833,Y,Y,solar-v1,3b7dc371ebe5931b3336f9982c5806a06a515dc2032569f5da7720470c1ec36c,solar-spec-v1
2024-10-20,5.98,116.01,UTC+8,28800,6.024304,06:01:27,17.990747,17:59:27,90.833,Y,Y,solar-v1,3b7dc371ebe5931b3336f9982c5806a06a515dc2032569f5da7720470c1ec36c,solar-spec-v1
2024-10-21,5.98,116.01,UTC+8,28800,6.024444,06:01:28,17.985844,17:59:09,90.833,Y,Y,solar-v1,3b7dc371ebe5931b3336f9982c5806a06a515dc2032569f5da7720470c1ec36c,solar-spec-v1
2024-10-22,5.98,116.01,UTC+8,28800,6.024774,06:01:29,17.981161,17:58:52,90.833,Y,Y,solar-v1,3b7dc371ebe5931b3336f9982c5806a06a515dc2032569f5da7720470c1ec36c,solar-spec-v1
2024-10-23,5.98,116.01,UTC+8,28800,6.025296,06:01:31,17.976700,17:58:36,90.833,Y,Y,solar-v1,3b7dc371ebe5931b3336f9982c5806a06a515dc2032569f5da7720470c1ec36c,solar-spec-v1
2024-10-24,5.98,116.01,UTC+8,28800,6.026012,06:01:34,17.972467,17:58:21,90.833,Y,Y,solar-v1,3b7dc371ebe5931b3336f9982c5806a06a515dc2032569f5da7720470c1ec36c,solar-spec-v1
2024-10-25,5.98,116.01,UTC+8,28800,6.026924,06:01:37,17.968463,17:58:06,90.833,Y,Y,solar-v1,3b7dc371ebe5931b3336f9982c5806a06a515dc2032569f5da7720470c1ec36c,solar-spec-v1
2024-10-26,5.98,116.01,UTC+8,28800,6.028033,06:01:41,17.964693,17:57:53,90.833,Y,Y,solar-v1,3b7dc371ebe5931b3336f9982c5806a06a515dc2032569f5da7720470c1ec36c,solar-spec-v1
2024-10-27,5.98,116.01,UTC+8,28800,6.029342,06:01:46,17.961159,17:57:40,90.833,Y,Y,solar-v1,3b7dc371ebe5931b3336f9982c5806a06a515dc2032569f5da7720470c1ec36c,solar-spec-v1
2024-10-28,5.98,116.01,UTC+8,28800,6.030851,06:01:51,17.957865,17:57:28,90.833,Y,Y,solar-v1,3b7dc371ebe5931b3336f9982c5806a06a515dc2032569f5da7720470c1ec36c,solar-spec-v1
2024-10-29,5.98,116.01,UTC+8,28800,6.032562,06:01:57,17.954812,17:57:17,90.833,Y,Y,solar-v1,3b7dc371ebe5931b3336f9982c5806a06a515dc2032569f5da7720470c1ec36c,solar-spec-v1
2024-10-30,5.98,116.01,UTC+8,28800,6.034474,06:02:04,17.952003,17:57:07,90.833,Y,Y,solar-v1,3b7dc371ebe5931b3336f9982c5806a06a515dc2032569f5da7720470c1ec36c,solar-spec-v1
2024-10-31,5.98,116.01,UTC+8,28800,6.036590,06:02:12,17.949440,17:56:58,90.833,Y,Y,solar-v1,3b7dc371ebe5931b3336f9982c5806a06a515dc2032569f5da7720470c1ec36c,solar-spec-v1
2024-11-01,5.98,116.01,UTC+8,28800,6.038909,06:02:20,17.947126,17:56:50,90.833,Y,Y,solar-v1,3b7dc371ebe5931b3336f9982c5806a06a515dc2032569f5da7720470c1ec36c,solar-spec-v1
2024-11-02,5.98,116.01,UTC+8,28800,6.041430,06:02:29,17.945061,17:56:42,90.833,Y,Y,solar-v1,3b7dc371ebe5931b3336f9982c5806a06a515dc2032569f5da7720470c1ec36c,solar-spec-v1
2024-11-03,5.98,116.01,UTC+8,28800,6.044154,06:02:39,17.943248,17:56:36,90.833,Y,Y,solar-v1,3b7dc371ebe5931b3336f9982c5806a06a515dc2032569f5da7720470c1ec36c,solar-spec-v1
2024-11-04,5.98,116.01,UTC+8,28800,6.047081,06:02:49,17.941687,17:56:30,90.833,Y,Y,solar-v1,3b7dc371ebe5931b3336f9982c5806a06a515dc2032569f5da7720470c1ec36c,solar-spec-v1
2024-11-05,5.98,116.01,UTC+8,28800,6.050209,06:03:01,17.940380,17:56:25,90.833,Y,Y,solar-v1,3b7dc371ebe5931b3336f9982c5806a06a515dc2032569f5da7720470c1ec36c,solar-spec-v1
2024-11-06,5.98,116.01,UTC+8,28800,6.053537,06:03:13,17.939327,17:56:22,90.833,Y,Y,solar-v1,3b7dc371ebe5931b3336f9982c5806a06a515dc2032569f5da7720470c1ec36c,solar-spec-v1
2024-11-07,5.98,116.01,UTC+8,28800,6.057065,06:03:25,17.938530,17:56:19,90.833,Y,Y,solar-v1,3b7dc371ebe5931b3336f9982c5806a06a515dc2032569f5da7720470c1ec36c,solar-spec-v1
2024-11-08,5.98,116.01,UTC+8,28800,6.060790,06:03:39,17.937987,17:56:17,90.833,Y,Y,solar-v1,3b7dc371ebe5931b3336f9982c5806a06a515dc2032569f5da7720470c1ec36c,solar-spec-v1
2024-11-09,5.98,116.01,UTC+8,28800,6.064711,06:03:53,17.937700,17:56:16,90.833,Y,Y,solar-v1,3b7dc371ebe5931b3336f9982c5806a06a515dc2032569f5da7720470c1ec36c,solar-spec-v1
2024-11-10,5.98,116.01,UTC+8,28800,6.068826,06:04:08,17.937669,17:56:16,90.833,Y,Y,solar-v1,3b7dc371ebe5931b3336f9982c5806a06a515dc2032569f5da7720470c1ec36c,solar-spec-v1
2024-11-11,5.98,116.01,UTC+8,28800,6.073133,06:04:23,17.937892,17:56:16,90.833,Y,Y,solar-v1,3b7dc371ebe5931b3336f9982c5806a06a515dc2032569f5da7720470c1ec36c,solar-spec-v1
2024-11-12,5.98,116.01,UTC+8,28800,6.077628,06:04:39,17.938369,17:56:18,90.833,Y,Y,solar-v1,3b7dc371ebe5931b3336f9982c5806a06a515dc2032569f5da7720470c1ec36c,solar-spec-v1
2024-11-13,5.98,116.01,UTC+8,28800,6.082310,06:04:56,17.939100,17:56:21,90.833,Y,Y,solar-v1,3b7dc371ebe5931b3336f9982c5806a06a515dc2032569f5da7720470c1ec36c,solar-spec-v1
2024-11-14,5.98,116.01,UTC+8,28800,6.087175,06:05:14,17.940084,17:56:24,90.833,Y,Y,solar-v1,3b7dc371ebe5931b3336f9982c5806a06a515dc2032569f5da7720470c1ec36c,solar-spec-v1
2024-11-15,5.98,116.01,UTC+8,28800,6.092220,06:05:32,17.941318,17:56:29,90.833,Y,Y,solar-v1,3b7dc371ebe5931b3336f9982c5806a06a515dc2032569f5da7720470c1ec36c,solar-spec-v1
2024-11-16,5.98,116.01,UTC+8,28800,6.097441,06:05:51,17.942803,17:56:34,90.833,Y,Y,solar-v1,3b7dc371ebe5931b3336f9982c5806a06a515dc2032569f5da7720470c1ec36c,solar-spec-v1
2024-11-17,5.98,116.01,UTC+8,28800,6.102835,06:06:10,17.944535,17:56:40,90.833,Y,Y,solar-v1,3b7dc371ebe5931b3336f9982c5806a06a515dc2032569f5da7720470c1ec36c,solar-spec-v1
2024-11-18,5.98,116.01,UTC+8,28800,6.108398,06:06:30,17.946514,17:56:47,90.833,Y,Y,solar-v1,3b7dc371ebe5931b3336f9982c5806a06a515dc2032569f5da7720470c1ec36c,solar-spec-v1
2024-11-19,5.98,116.01,UTC+8,28800,6.114125,06:06:51,17.948736,17:56:55,90.833,Y,Y,solar-v1,3b7dc371ebe5931b3336f9982c5806a06a515dc2032569f5da7720470c1ec36c,solar-spec-v1
2024-11-20,5.98,116.01,UTC+8,28800,6.120013,06:07:12,17.951200,17:57:04,90.833,Y,Y,solar-v1,3b7dc371ebe5931b3336f9982c5806a06a515dc2032569f5da7720470c1ec36c,solar-spec-v1
2024-11-21,5.98,116.01,UTC+8,28800,6.126056,06:07:34,17.953903,17:57:14,90.833,Y,Y,solar-v1,3b7dc371ebe5931b3336f9982c5806a06a515dc2032569f5da7720470c1ec36c,solar-spec-v1
2024-11-22,5.98,116.01,UTC+8,28800,6.132250,06:07:56,17.956841,17:57:25,90.833,Y,Y,solar-v1,3b7dc371ebe5931b3336f9982c5806a06a515dc2032569f5da7720470c1ec36c,solar-spec-v1
2024-11-23,5.98,116.01,UTC+8,28800,6.138590,06:08:19,17.960013,17:57:36,90.833,Y,Y,solar-v1,3b7dc371ebe5931b3336f9982c5806a06a515dc2032569f5da7720470c1ec36c,solar-spec-v1
2024-11-24,5.98,116.01,UTC+8,28800,6.145071,06:08:42,17.963415,17:57:48,90.833,Y,Y,solar-v1,3b7dc371ebe5931b3336f9982c5806a06a515dc2032569f5da7720470c1ec36c,solar-spec-v1
2024-11-25,5.98,116.01,UTC+8,28800,6.151687,06:09:06,17.967042,17:58:01,90.833,Y,Y,solar-v1,3b7dc371ebe5931b3336f9982c5806a06a515dc2032569f5da7720470c1ec36c,solar-spec-v1
2024-11-26,5.98,116.01,UTC+8,28800,6.158432,06:09:30,17.970893,17:58:15,90.833,Y,Y,solar-v1,3b7dc371ebe5931b3336f9982c5806a06a515dc2032569f5da7720470c1ec36c,solar-spec-v1
2024-11-27,5.98,116.01,UTC+8,28800,6.165302,06:09:55,17.974962,17:58:30,90.833,Y,Y,solar-v1,3b7dc371ebe5931b3336f9982c5806a06a515dc2032569f5da7720470c1ec36c,solar-spec-v1
2024-11-28,5.98,116.01,UTC+8,28800,6.172289,06:10:20,17.979246,17:58:45,90.833,Y,Y,solar-v1,3b7dc371ebe5931b3336f9982c5806a06a515dc2032569f5da7720470c1ec36c,solar-spec-v1
2024-11-29,5.98,116.01,UTC+8,28800,6.179388,06:10:46,17.983740,17:59:01,90.833,Y,Y,solar-v1,3b7dc371ebe5931b3336f9982c5806a06a515dc2032569f5da7720470c1ec36c,solar-spec-v1
2024-11-30,5.98,116.01,UTC+8,28800,6.186594,06:11:12,17.988441,17:59:18,90.833,Y,Y,solar-v1,3b7dc371ebe5931b3336f9982c5806a06a515dc2032569f5da7720470c1ec36c,solar-spec-v1
2024-12-01,5.98,116.01,UTC+8,28800,6.193898,06:11:38,17.993342,17:59:36,90.833,Y,Y,solar-v1,3b7dc371ebe5931b3336f9982c5806a06a515dc2032569f5da7720470c1ec36c,solar-spec-v1
2024-12-02,5.98,116.01,UTC+8,28800,6.201295,06:12:05,17.998440,17:59:54,90.833,Y,Y,solar-v1,3b7dc371ebe5931b3336f9982c5806a06a515dc2032569f5da7720470c1ec36c,solar-spec-v1
2024-12-03,5.98,116.01,UTC+8,28800,6.208779,06:12:32,18.003730,18:00:13,90.833,Y,Y,solar-v1,3b7dc371ebe5931b3336f9982c5806a06a515dc2032569f5da7720470c1ec36c,solar-spec-v1
2024-12-04,5.98,116.01,UTC+8,28800,6.216341,06:12:59,18.009206,18:00:33,90.833,Y,Y,solar-v1,3b7dc371ebe5931b3336f9982c5806a06a515dc2032569f5da7720470c1ec36c,solar-spec-v1
2024-12-05,5.98,116.01,UTC+8,28800,6.223977,06:13:26,18.014863,18:00:54,90.833,Y,Y,solar-v1,3b7dc371ebe5931b3336f9982c5806a06a515dc2032569f5da7720470c1ec36c,solar-spec-v1
2024-12-06,5.98,116.01,UTC+8,28800,6.231678,06:13:54,18.020696,18:01:15,90.833,Y,Y,solar-v1,3b7dc371ebe5931b3336f9982c5806a06a515dc2032569f5da7720470c1ec36c,solar-spec-v1
2024-12-07,5.98,116.01,UTC+8,28800,6.239438,06:14:22,18.026698,18:01:36,90.833,Y,Y,solar-v1,3b7dc371ebe5931b3336f9982c5806a06a515dc2032569f5da7720470c1ec36c,solar-spec-v1
2024-12-08,5.98,116.01,UTC+8,28800,6.247249,06:14:50,18.032864,18:01:58,90.833,Y,Y,solar-v1,3b7dc371ebe5931b3336f9982c5806a06a515dc2032569f5da7720470c1ec36c,solar-spec-v1
2024-12-09,5.98,116.01,UTC+8,28800,6.255104,06:15:18,18.039188,18:02:21,90.833,Y,Y,solar-v1,3b7dc371ebe5931b3336f9982c5806a06a515dc2032569f5da7720470c1ec36c,solar-spec-v1
2024-12-10,5.98,116.01,UTC+8,28800,6.262996,06:15:47,18.045664,18:02:44,90.833,Y,Y,solar-v1,3b7dc371ebe5931b3336f9982c5806a06a515dc2032569f5da7720470c1ec36c,solar-spec-v1
2024-12-11,5.98,116.01,UTC+8,28800,6.270917,06:16:15,18.052286,18:03:08,90.833,Y,Y,solar-v1,3b7dc371ebe5931b3336f9982c5806a06a515dc2032569f5da7720470c1ec36c,solar-spec-v1
2024-12-12,5.98,116.01,UTC+8,28800,6.278861,06:16:44,18.059047,18:03:33,90.833,Y,Y,solar-v1,3b7dc371ebe5931b3336f9982c5806a06a515dc2032569f5da7720470c1ec36c,solar-spec-v1
2024-12-13,5.98,116.01,UTC+8,28800,6.286819,06:17:13,18.065941,18:03:57,90.833,Y,Y,solar-v1,3b7dc371ebe5931b3336f9982c5806a06a515dc2032569f5da7720470c1ec36c,solar-spec-v1
2024-12-14,5.98,116.01,UTC+8,28800,6.294784,06:17:41,18.072961,18:04:23,90.833,Y,Y,solar-v1,3b7dc371ebe5931b3336f9982c5806a06a515dc2032569f5da7720470c1ec36c,solar-spec-v1
2024-12-15,5.98,116.01,UTC+8,28800,6.302749,06:18:10,18.080100,18:04:48,90.833,Y,Y,solar-v1,3b7dc371ebe5931b3336f9982c5806a06a515dc2032569f5da7720470c1ec36c,solar-spec-v1
2024-12-16,5.98,116.01,UTC+8,28800,6.310706,06:18:39,18.087352,18:05:14,90.833,Y,Y,solar-v1,3b7dc371ebe5931b3336f9982c5806a06a515dc2032569f5da7720470c1ec36c,solar-spec-v1
2024-12-17,5.98,116.01,UTC+8,28800,6.318648,06:19:07,18.094709,18:05:41,90.833,Y,Y,solar-v1,3b7dc371ebe5931b3336f9982c5806a06a515dc2032569f5da7720470c1ec36c,solar-spec-v1
2024-12-18,5.98,116.01,UTC+8,28800,6.326567,06:19:36,18.102165,18:06:08,90.833,Y,Y,solar-v1,3b7dc371ebe5931b3336f9982c5806a06a515dc2032569f5da7720470c1ec36c,solar-spec-v1
2024-12-19,5.98,116.01,UTC+8,28800,6.334455,06:20:04,18.109712,18:06:35,90.833,Y,Y,solar-v1,3b7dc371ebe5931b3336f9982c5806a06a515dc2032569f5da7720470c1ec36c,solar-spec-v1
2024-12-20,5.98,116.01,UTC+8,28800,6.342305,06:20:32,18.117344,18:07:02,90.833,Y,Y,solar-v1,3b7dc371ebe5931b3336f9982c5806a06a515dc2032569f5da7720470c1ec36c,solar-spec-v1
2024-12-21,5.98,116.01,UTC+8,28800,6.350110,06:21:00,18.125052,18:07:30,90.833,Y,Y,solar-v1,3b7dc371ebe5931b3336f9982c5806a06a515dc2032569f5da7720470c1ec36c,solar-spec-v1
2024-12-22,5.98,116.01,UTC+8,28800,6.357862,06:21:28,18.132831,18:07:58,90.833,Y,Y,solar-v1,3b7dc371ebe5931b3336f9982c5806a06a515dc2032569f5da7720470c1ec36c,solar-spec-v1
2024-12-23,5.98,116.01,UTC+8,28800,6.365554,06:21:56,18.140671,18:08:26,90.833,Y,Y,solar-v1,3b7dc371ebe5931b3336f9982c5806a06a515dc2032569f5da7720470c1ec36c,solar-spec-v1
2024-12-24,5.98,116.01,UTC+8,28800,6.373179,06:22:23,18.148567,18:08:55,90.833,Y,Y,solar-v1,3b7dc371ebe5931b3336f9982c5806a06a515dc2032569f5da7720470c1ec36c,solar-spec-v1
2024-12-25,5.98,116.01,UTC+8,28800,6.380729,06:22:51,18.156510,18:09:23,90.833,Y,Y,solar-v1,3b7dc371ebe5931b3336f9982c5806a06a515dc2032569f5da7720470c1ec36c,solar-spec-v1
2024-12-26,5.98,116.01,UTC+8,28800,6.388196,06:23:18,18.164493,18:09:52,90.833,Y,Y,solar-v1,3b7dc371ebe5931b3336f9982c5806a06a515dc2032569f5da7720470c1ec36c,solar-spec-v1
2024-12-27,5.98,116.01,UTC+8,28800,6.395575,06:23:44,18.172509,18:10:21,90.833,Y,Y,solar-v1,3b7dc371ebe5931b3336f9982c5806a06a515dc2032569f5da7720470c1ec36c,solar-spec-v1
2024-12-28,5.98,116.01,UTC+8,28800,6.402857,06:24:10,18.180549,18:10:50,90.833,Y,Y,solar-v1,3b7dc371ebe5931b3336f9982c5806a06a515dc2032569f5da7720470c1ec36c,solar-spec-v1
2024-12-29,5.98,116.01,UTC+8,28800,6.410037,06:24:36,18.188608,18:11:19,90.833,Y,Y,solar-v1,3b7dc371ebe5931b3336f9982c5806a06a515dc2032569f5da7720470c1ec36c,solar-spec-v1
2024-12-30,5.98,116.01,UTC+8,28800,6.417106,06:25:02,18.196676,18:11:48,90.833,Y,Y,solar-v1,3b7dc371ebe5931b3336f9982c5806a06a515dc2032569f5da7720470c1ec36c,solar-spec-v1
2024-12-31,5.98,116.01,UTC+8,28800,6.424059,06:25:27,18.204747,18:12:17,90.833,Y,Y,solar-v1,3b7dc371ebe5931b3336f9982c5806a06a515dc2032569f5da7720470c1ec36c,solar-spec-v1
