queue_id,file,section,original_line,value,category,metric_definition,canonical_source,original_status,action,current_text,evidence_note
70,publications/active/ipsci-2026/submissions/v3-revision/manuscript-v3.md,Preamble,83,7.7%,result,headline characterization / registered outcomes,docs/canonical/report-c8-migration-2026-09-08.md; data/c8/canonical-results-post-migration.txt; docs/canonical/appendix-c-formalisation.md,stale,changed,"*Abstract--- How should AI advisory behaviour adapt as operational conditions deteriorate? Existing governance mechanisms are uniformly binary, meaning that the AI either generates its full recommendation set or is blocked entirely. This paper explores the available literature for the areas of AI governance, runtime assurance, human-AI collaboration, and deployment in low-resource settings, identifying how existing architectures limit the scope of AI advisory as environmental risk increases and providing motivation for a new governance architecture. Mechanistic studies show that there are three limitations: the inference pipeline is structurally fixed, the exploration of reasoning is a property of the decoding procedure and not a content-conditioned adaptation, and self-assessed confidence is unreliable and insensitive to past performance. Large-scale systematic reviews revealed that no architectural tactic demonstrated a formally positive impact on safety, while the most detailed guardrail taxonomy did not include a mechanism for restricting advisory scope based on environmental risk. Binary governance thus leaves intermediate-risk conditions structurally unaddressed: operators in low-resource settings either get full-scope tactical recommendations, or they do not get any. To address this gap, we propose a graduated safety-state-gated architecture, in which a participation gate and an AI advisory gate, both conditioned on the environmental safety state, produce an intermediate caution mode with formally restricted advisory scope. Three properties are proved: totality of the classifier, monotonic contraction of advisory scope, and safety dominance by construction. The architecture is instantiated for small-scale coastal fisheries and its governance layer executed against five years of hourly environmental data for the deployment site. The caution mode binds in 7.7% of departure-window hours for the operative vessel class over the full five-year record, and 6.0% when the wave input is replaced by a higher-resolution model covering a shorter period — conditions under which a binary architecture supplies its full recommendation set and this architecture withholds tactical output. Against the same record, a traffic-light baseline built on the closest structural precedent in the reviewed literature is shown to be output-equivalent to a plain binary gate, diverging from it in 0.00% of hours, which establishes the governance gap as a measurement rather than a claim. Predictions were pre-registered with numeric bounds before each analysis; twenty-two of twenty-four were confirmed and two refuted. Two predictions were additionally re-resolved when threshold provenance audits changed the specification they had been scored against — in one case reversing a refutation into a confirmation, in the other the reverse. Because no incident record exists for the site, the evaluation is a characterisation of governance behaviour and not a validation of classification correctness.*",Original queue location retained. Exact before/after text is in edit-log.json; category is not an empirical validation claim.
71,publications/active/ipsci-2026/submissions/v3-revision/manuscript-v3.md,Preamble,83,6.0%,result,headline characterization / registered outcomes,docs/canonical/report-c8-migration-2026-09-08.md; data/c8/canonical-results-post-migration.txt; docs/canonical/appendix-c-formalisation.md,stale,changed,"*Abstract--- How should AI advisory behaviour adapt as operational conditions deteriorate? Existing governance mechanisms are uniformly binary, meaning that the AI either generates its full recommendation set or is blocked entirely. This paper explores the available literature for the areas of AI governance, runtime assurance, human-AI collaboration, and deployment in low-resource settings, identifying how existing architectures limit the scope of AI advisory as environmental risk increases and providing motivation for a new governance architecture. Mechanistic studies show that there are three limitations: the inference pipeline is structurally fixed, the exploration of reasoning is a property of the decoding procedure and not a content-conditioned adaptation, and self-assessed confidence is unreliable and insensitive to past performance. Large-scale systematic reviews revealed that no architectural tactic demonstrated a formally positive impact on safety, while the most detailed guardrail taxonomy did not include a mechanism for restricting advisory scope based on environmental risk. Binary governance thus leaves intermediate-risk conditions structurally unaddressed: operators in low-resource settings either get full-scope tactical recommendations, or they do not get any. To address this gap, we propose a graduated safety-state-gated architecture, in which a participation gate and an AI advisory gate, both conditioned on the environmental safety state, produce an intermediate caution mode with formally restricted advisory scope. Three properties are proved: totality of the classifier, monotonic contraction of advisory scope, and safety dominance by construction. The architecture is instantiated for small-scale coastal fisheries and its governance layer executed against five years of hourly environmental data for the deployment site. The caution mode binds in 7.7% of departure-window hours for the operative vessel class over the full five-year record, and 6.0% when the wave input is replaced by a higher-resolution model covering a shorter period — conditions under which a binary architecture supplies its full recommendation set and this architecture withholds tactical output. Against the same record, a traffic-light baseline built on the closest structural precedent in the reviewed literature is shown to be output-equivalent to a plain binary gate, diverging from it in 0.00% of hours, which establishes the governance gap as a measurement rather than a claim. Predictions were pre-registered with numeric bounds before each analysis; twenty-two of twenty-four were confirmed and two refuted. Two predictions were additionally re-resolved when threshold provenance audits changed the specification they had been scored against — in one case reversing a refutation into a confirmation, in the other the reverse. Because no incident record exists for the site, the evaluation is a characterisation of governance behaviour and not a validation of classification correctness.*",Original queue location retained. Exact before/after text is in edit-log.json; category is not an empirical validation claim.
72,publications/active/ipsci-2026/submissions/v3-revision/manuscript-v3.md,Preamble,83,0.00%,result,headline characterization / registered outcomes,docs/canonical/report-c8-migration-2026-09-08.md; data/c8/canonical-results-post-migration.txt; docs/canonical/appendix-c-formalisation.md,stale,changed,"*Abstract--- How should AI advisory behaviour adapt as operational conditions deteriorate? Existing governance mechanisms are uniformly binary, meaning that the AI either generates its full recommendation set or is blocked entirely. This paper explores the available literature for the areas of AI governance, runtime assurance, human-AI collaboration, and deployment in low-resource settings, identifying how existing architectures limit the scope of AI advisory as environmental risk increases and providing motivation for a new governance architecture. Mechanistic studies show that there are three limitations: the inference pipeline is structurally fixed, the exploration of reasoning is a property of the decoding procedure and not a content-conditioned adaptation, and self-assessed confidence is unreliable and insensitive to past performance. Large-scale systematic reviews revealed that no architectural tactic demonstrated a formally positive impact on safety, while the most detailed guardrail taxonomy did not include a mechanism for restricting advisory scope based on environmental risk. Binary governance thus leaves intermediate-risk conditions structurally unaddressed: operators in low-resource settings either get full-scope tactical recommendations, or they do not get any. To address this gap, we propose a graduated safety-state-gated architecture, in which a participation gate and an AI advisory gate, both conditioned on the environmental safety state, produce an intermediate caution mode with formally restricted advisory scope. Three properties are proved: totality of the classifier, monotonic contraction of advisory scope, and safety dominance by construction. The architecture is instantiated for small-scale coastal fisheries and its governance layer executed against five years of hourly environmental data for the deployment site. The caution mode binds in 7.7% of departure-window hours for the operative vessel class over the full five-year record, and 6.0% when the wave input is replaced by a higher-resolution model covering a shorter period — conditions under which a binary architecture supplies its full recommendation set and this architecture withholds tactical output. Against the same record, a traffic-light baseline built on the closest structural precedent in the reviewed literature is shown to be output-equivalent to a plain binary gate, diverging from it in 0.00% of hours, which establishes the governance gap as a measurement rather than a claim. Predictions were pre-registered with numeric bounds before each analysis; twenty-two of twenty-four were confirmed and two refuted. Two predictions were additionally re-resolved when threshold provenance audits changed the specification they had been scored against — in one case reversing a refutation into a confirmation, in the other the reverse. Because no incident record exists for the site, the evaluation is a characterisation of governance behaviour and not a validation of classification correctness.*",Original queue location retained. Exact before/after text is in edit-log.json; category is not an empirical validation claim.
73,publications/active/ipsci-2026/submissions/v3-revision/manuscript-v3.md,Introduction,89,"1,000",sample size,Literature sample/coding or reported literature quantity,notes/Responsible AI in the Global Context- Maturity Model and Survey.md:15,current,retained,"AI decision support is growing more prevalent in safety-critical, human-in-the-loop scenarios across healthcare, industrial operations, autonomous transportation, and maritime operations. The governance accompanying this expansion is not keeping pace. Reuel et al. surveyed 1,000 organisations across 20 industries and found that none had reached both planning and operational AI governance maturity simultaneously, a systematic gap they warned ""could lead to increased (public) risks from AI systems"" [28]. In the event that process-level governance is not reliable, the safety argument falls to the architecture. The question is what that architecture should do as conditions deteriorate, specifically during the marginal conditions between the safe-to-dangerous endpoints.",Original queue location retained. Exact before/after text is in edit-log.json; category is not an empirical validation claim.
74,publications/active/ipsci-2026/submissions/v3-revision/manuscript-v3.md,Introduction,89,20,sample size,Literature sample/coding or reported literature quantity,notes/Responsible AI in the Global Context- Maturity Model and Survey.md:15,current,retained,"AI decision support is growing more prevalent in safety-critical, human-in-the-loop scenarios across healthcare, industrial operations, autonomous transportation, and maritime operations. The governance accompanying this expansion is not keeping pace. Reuel et al. surveyed 1,000 organisations across 20 industries and found that none had reached both planning and operational AI governance maturity simultaneously, a systematic gap they warned ""could lead to increased (public) risks from AI systems"" [28]. In the event that process-level governance is not reliable, the safety argument falls to the architecture. The question is what that architecture should do as conditions deteriorate, specifically during the marginal conditions between the safe-to-dangerous endpoints.",Original queue location retained. Exact before/after text is in edit-log.json; category is not an empirical validation claim.
77,publications/active/ipsci-2026/submissions/v3-revision/manuscript-v3.md,Introduction,93,40,figure/table value,Literature sample/coding or reported literature quantity,docs/canonical/appendix-c-formalisation.md C.1 source scope,stale,changed,"Where a governance failure occurs without any institutional layer to compensate, the stakes are highest. In Malaysia, the choice is made by small-scale fishers on their own, every morning, without support, on vessels under 40 gross register tonnage, with traditional weather knowledge that is eroding as climate patterns shift [1]. The risk profile is documented: wind, weather, and visibility account for 26.7% of maritime accident causes, and small vessels have the highest mean fatality rank for all vessels tested [2]; combined night navigation and heavy weather has the highest consequence scores of any condition tested [3].",Original queue location retained. Exact before/after text is in edit-log.json; category is not an empirical validation claim.
79,publications/active/ipsci-2026/submissions/v3-revision/manuscript-v3.md,Introduction,93,26.7%,figure/table value,Literature sample/coding or reported literature quantity,docs/canonical/appendix-c-formalisation.md C.1 source scope,stale,changed,"Where a governance failure occurs without any institutional layer to compensate, the stakes are highest. In Malaysia, the choice is made by small-scale fishers on their own, every morning, without support, on vessels under 40 gross register tonnage, with traditional weather knowledge that is eroding as climate patterns shift [1]. The risk profile is documented: wind, weather, and visibility account for 26.7% of maritime accident causes, and small vessels have the highest mean fatality rank for all vessels tested [2]; combined night navigation and heavy weather has the highest consequence scores of any condition tested [3].",Original queue location retained. Exact before/after text is in edit-log.json; category is not an empirical validation claim.
82,publications/active/ipsci-2026/submissions/v3-revision/manuscript-v3.md,Introduction,95,1,figure/table value,Literature sample/coding or reported literature quantity,docs/canonical/review-protocol.md; docs/canonical/appendix-c-formalisation.md C.1,current,retained,There are three governance dimensions framing the space of possible mechanisms (Fig. 1). Dimensions 1 and 3 are addressed in existing work; dimension 2 (advisory scope restriction) is not.,Original queue location retained. Exact before/after text is in edit-log.json; category is not an empirical validation claim.
83,publications/active/ipsci-2026/submissions/v3-revision/manuscript-v3.md,Introduction,95,1,figure/table value,Literature sample/coding or reported literature quantity,docs/canonical/review-protocol.md; docs/canonical/appendix-c-formalisation.md C.1,current,retained,There are three governance dimensions framing the space of possible mechanisms (Fig. 1). Dimensions 1 and 3 are addressed in existing work; dimension 2 (advisory scope restriction) is not.,Original queue location retained. Exact before/after text is in edit-log.json; category is not an empirical validation claim.
84,publications/active/ipsci-2026/submissions/v3-revision/manuscript-v3.md,Introduction,95,3,figure/table value,Literature sample/coding or reported literature quantity,docs/canonical/review-protocol.md; docs/canonical/appendix-c-formalisation.md C.1,current,retained,There are three governance dimensions framing the space of possible mechanisms (Fig. 1). Dimensions 1 and 3 are addressed in existing work; dimension 2 (advisory scope restriction) is not.,Original queue location retained. Exact before/after text is in edit-log.json; category is not an empirical validation claim.
85,publications/active/ipsci-2026/submissions/v3-revision/manuscript-v3.md,Introduction,95,2,figure/table value,Literature sample/coding or reported literature quantity,docs/canonical/review-protocol.md; docs/canonical/appendix-c-formalisation.md C.1,current,retained,There are three governance dimensions framing the space of possible mechanisms (Fig. 1). Dimensions 1 and 3 are addressed in existing work; dimension 2 (advisory scope restriction) is not.,Original queue location retained. Exact before/after text is in edit-log.json; category is not an empirical validation claim.
91,publications/active/ipsci-2026/submissions/v3-revision/manuscript-v3.md,Introduction,101,1,figure/table value,Literature sample/coding or reported literature quantity,docs/canonical/review-protocol.md; docs/canonical/appendix-c-formalisation.md C.1,current,retained,"The contribution is the second dimension — advisory scope — which existing architectures leave entirely unaddressed. Existing governance mechanisms conflate two distinct variables into a single binary: whether the AI participates. This paper separates them. *G*(*S*) governs participation; *A*_AI(*S*) governs advisory scope. Under *CAUTION* — the novel intermediate state — *G*(*CAUTION*) = 1 (AI active) but *A*_AI(*CAUTION*) = {*Go, Delay*} ⊊ *A*_AI(*SAFE*). A binary architecture has no vocabulary to name this position: for any state where *G* = 1, the full recommendation set is available. *CAUTION* is not a softer version of *SAFE*; it is a formally distinct governance position that binary architectures cannot express.",Original queue location retained. Exact before/after text is in edit-log.json; category is not an empirical validation claim.
92,publications/active/ipsci-2026/submissions/v3-revision/manuscript-v3.md,Introduction,101,1,figure/table value,Literature sample/coding or reported literature quantity,docs/canonical/review-protocol.md; docs/canonical/appendix-c-formalisation.md C.1,current,retained,"The contribution is the second dimension — advisory scope — which existing architectures leave entirely unaddressed. Existing governance mechanisms conflate two distinct variables into a single binary: whether the AI participates. This paper separates them. *G*(*S*) governs participation; *A*_AI(*S*) governs advisory scope. Under *CAUTION* — the novel intermediate state — *G*(*CAUTION*) = 1 (AI active) but *A*_AI(*CAUTION*) = {*Go, Delay*} ⊊ *A*_AI(*SAFE*). A binary architecture has no vocabulary to name this position: for any state where *G* = 1, the full recommendation set is available. *CAUTION* is not a softer version of *SAFE*; it is a formally distinct governance position that binary architectures cannot express.",Original queue location retained. Exact before/after text is in edit-log.json; category is not an empirical validation claim.
93,publications/active/ipsci-2026/submissions/v3-revision/manuscript-v3.md,Introduction,103,72,sample size,Literature sample/coding or reported literature quantity,docs/canonical/review-protocol.md; docs/canonical/appendix-c-formalisation.md C.1,current,retained,"Three contributions follow. The first is a review: from 72 papers, complemented by three large-scale systematic reviews involving 532 primary references, it is concluded that no architecture identified restricts AI advisory scope as a function of classified environmental safety state, and that no mechanism within the AI component covers this gap. The second is a graduated safety-state-gated architecture that fills the missing space using a formally bounded governance pair between a participation gate *G*(*S*) and an admissible recommendation space *A*_AI(*S*), both conditioned on the environmental safety state, producing an intermediate *CAUTION* mode: restricted advisory scope under marginal conditions, with neither full output nor complete AI withdrawal. The third is an empirical characterisation of that architecture instantiated at a real deployment site, establishing that the *CAUTION* mode is reached under conditions the operator actually encounters, at a measurable rate, and identifying which components of the classifier carry the classification and which do not.",Original queue location retained. Exact before/after text is in edit-log.json; category is not an empirical validation claim.
94,publications/active/ipsci-2026/submissions/v3-revision/manuscript-v3.md,Introduction,103,532,sample size,Literature sample/coding or reported literature quantity,docs/canonical/review-protocol.md; docs/canonical/appendix-c-formalisation.md C.1,current,retained,"Three contributions follow. The first is a review: from 72 papers, complemented by three large-scale systematic reviews involving 532 primary references, it is concluded that no architecture identified restricts AI advisory scope as a function of classified environmental safety state, and that no mechanism within the AI component covers this gap. The second is a graduated safety-state-gated architecture that fills the missing space using a formally bounded governance pair between a participation gate *G*(*S*) and an admissible recommendation space *A*_AI(*S*), both conditioned on the environmental safety state, producing an intermediate *CAUTION* mode: restricted advisory scope under marginal conditions, with neither full output nor complete AI withdrawal. The third is an empirical characterisation of that architecture instantiated at a real deployment site, establishing that the *CAUTION* mode is reached under conditions the operator actually encounters, at a measurable rate, and identifying which components of the classifier carry the classification and which do not.",Original queue location retained. Exact before/after text is in edit-log.json; category is not an empirical validation claim.
96,publications/active/ipsci-2026/submissions/v3-revision/manuscript-v3.md,Methodology,107,206,sample size,Literature sample/coding or reported literature quantity,docs/canonical/review-protocol.md; docs/canonical/appendix-c-formalisation.md C.1,current,retained,"The method of review is not systematic, but rather is structured, with search and coding disciplined, but scope is purposive, extending only to bodies of literature where an advisory-scope restriction mechanism could plausibly appear. Papers were sourced from Scopus, IEEE Xplore, Web of Science, and the ACM Digital Library, using search strings that include AI governance, runtime assurance, safety filters, decision support, autonomy levels, and guardrails; secondary searches focussed on fisheries AI and low-resource deployment. Within this pool of candidates, three systematic reviews were retained as secondary evidence: Indykov et al. [5] (206 papers, 16 architectural tactics), Shamsujjoha et al. [6] (13 guardrail actions, 32 agent studies) and Perez-Cerrolaza et al. [21] (294 references). Seventy-two papers advanced to full review and were assessed against the four dimensions in TABLE I; per-paper assessments live in the corresponding extraction notes, and the distinct governance mechanisms identified across those assessments are summarised in TABLE II. Papers sharing a governance topology were grouped into three paradigms plus an application domain.",Original queue location retained. Exact before/after text is in edit-log.json; category is not an empirical validation claim.
97,publications/active/ipsci-2026/submissions/v3-revision/manuscript-v3.md,Methodology,107,16,figure/table value,Literature sample/coding or reported literature quantity,docs/canonical/review-protocol.md; docs/canonical/appendix-c-formalisation.md C.1,current,retained,"The method of review is not systematic, but rather is structured, with search and coding disciplined, but scope is purposive, extending only to bodies of literature where an advisory-scope restriction mechanism could plausibly appear. Papers were sourced from Scopus, IEEE Xplore, Web of Science, and the ACM Digital Library, using search strings that include AI governance, runtime assurance, safety filters, decision support, autonomy levels, and guardrails; secondary searches focussed on fisheries AI and low-resource deployment. Within this pool of candidates, three systematic reviews were retained as secondary evidence: Indykov et al. [5] (206 papers, 16 architectural tactics), Shamsujjoha et al. [6] (13 guardrail actions, 32 agent studies) and Perez-Cerrolaza et al. [21] (294 references). Seventy-two papers advanced to full review and were assessed against the four dimensions in TABLE I; per-paper assessments live in the corresponding extraction notes, and the distinct governance mechanisms identified across those assessments are summarised in TABLE II. Papers sharing a governance topology were grouped into three paradigms plus an application domain.",Original queue location retained. Exact before/after text is in edit-log.json; category is not an empirical validation claim.
99,publications/active/ipsci-2026/submissions/v3-revision/manuscript-v3.md,Methodology,107,13,figure/table value,Literature sample/coding or reported literature quantity,docs/canonical/review-protocol.md; docs/canonical/appendix-c-formalisation.md C.1,current,retained,"The method of review is not systematic, but rather is structured, with search and coding disciplined, but scope is purposive, extending only to bodies of literature where an advisory-scope restriction mechanism could plausibly appear. Papers were sourced from Scopus, IEEE Xplore, Web of Science, and the ACM Digital Library, using search strings that include AI governance, runtime assurance, safety filters, decision support, autonomy levels, and guardrails; secondary searches focussed on fisheries AI and low-resource deployment. Within this pool of candidates, three systematic reviews were retained as secondary evidence: Indykov et al. [5] (206 papers, 16 architectural tactics), Shamsujjoha et al. [6] (13 guardrail actions, 32 agent studies) and Perez-Cerrolaza et al. [21] (294 references). Seventy-two papers advanced to full review and were assessed against the four dimensions in TABLE I; per-paper assessments live in the corresponding extraction notes, and the distinct governance mechanisms identified across those assessments are summarised in TABLE II. Papers sharing a governance topology were grouped into three paradigms plus an application domain.",Original queue location retained. Exact before/after text is in edit-log.json; category is not an empirical validation claim.
100,publications/active/ipsci-2026/submissions/v3-revision/manuscript-v3.md,Methodology,107,32,sample size,Literature sample/coding or reported literature quantity,docs/canonical/review-protocol.md; docs/canonical/appendix-c-formalisation.md C.1,current,retained,"The method of review is not systematic, but rather is structured, with search and coding disciplined, but scope is purposive, extending only to bodies of literature where an advisory-scope restriction mechanism could plausibly appear. Papers were sourced from Scopus, IEEE Xplore, Web of Science, and the ACM Digital Library, using search strings that include AI governance, runtime assurance, safety filters, decision support, autonomy levels, and guardrails; secondary searches focussed on fisheries AI and low-resource deployment. Within this pool of candidates, three systematic reviews were retained as secondary evidence: Indykov et al. [5] (206 papers, 16 architectural tactics), Shamsujjoha et al. [6] (13 guardrail actions, 32 agent studies) and Perez-Cerrolaza et al. [21] (294 references). Seventy-two papers advanced to full review and were assessed against the four dimensions in TABLE I; per-paper assessments live in the corresponding extraction notes, and the distinct governance mechanisms identified across those assessments are summarised in TABLE II. Papers sharing a governance topology were grouped into three paradigms plus an application domain.",Original queue location retained. Exact before/after text is in edit-log.json; category is not an empirical validation claim.
102,publications/active/ipsci-2026/submissions/v3-revision/manuscript-v3.md,Methodology,107,294,sample size,Literature sample/coding or reported literature quantity,docs/canonical/review-protocol.md; docs/canonical/appendix-c-formalisation.md C.1,current,retained,"The method of review is not systematic, but rather is structured, with search and coding disciplined, but scope is purposive, extending only to bodies of literature where an advisory-scope restriction mechanism could plausibly appear. Papers were sourced from Scopus, IEEE Xplore, Web of Science, and the ACM Digital Library, using search strings that include AI governance, runtime assurance, safety filters, decision support, autonomy levels, and guardrails; secondary searches focussed on fisheries AI and low-resource deployment. Within this pool of candidates, three systematic reviews were retained as secondary evidence: Indykov et al. [5] (206 papers, 16 architectural tactics), Shamsujjoha et al. [6] (13 guardrail actions, 32 agent studies) and Perez-Cerrolaza et al. [21] (294 references). Seventy-two papers advanced to full review and were assessed against the four dimensions in TABLE I; per-paper assessments live in the corresponding extraction notes, and the distinct governance mechanisms identified across those assessments are summarised in TABLE II. Papers sharing a governance topology were grouped into three paradigms plus an application domain.",Original queue location retained. Exact before/after text is in edit-log.json; category is not an empirical validation claim.
103,publications/active/ipsci-2026/submissions/v3-revision/manuscript-v3.md,Methodology,114,3,figure/table value,Literature sample/coding or reported literature quantity,docs/canonical/review-protocol.md; docs/canonical/appendix-c-formalisation.md C.1,current,retained,| Runtime adaptation | Binary (on/off) / Graduated (3+ levels) / None |,Original queue location retained. Exact before/after text is in edit-log.json; category is not an empirical validation claim.
112,publications/active/ipsci-2026/submissions/v3-revision/manuscript-v3.md,"Authority Allocation: Who Decides, Not What AI May Recommend",134,91,sample size,Literature sample/coding or reported literature quantity,notes/Collaborative Intelligence for Safety-Critical Industries- A Literature Review.md:10,current,retained,"Authority allocation frameworks ask who decides, not what the AI may recommend. Ramos et al., reviewing 91 collaborative intelligence studies, found AI-assisted decision-making dominant across safety-critical industries, but no system varies advisory scope by safety state [11]. Feng et al. propose five levels of autonomy, fixed at design time [12]. Within a cross-domain context, Mussi et al. find all elements of state-conditioned governance across power grids, railway networks and air traffic management, but never assemble these into a runtime model (automation levels are set before deployment and do not change) [30]. As conditions change, the advisory scope does not.",Original queue location retained. Exact before/after text is in edit-log.json; category is not an empirical validation claim.
128,publications/active/ipsci-2026/submissions/v3-revision/manuscript-v3.md,Synthesis: Cross-Paradigm Comparison and the Research Gap,152,206,sample size,Literature sample/coding or reported literature quantity,docs/canonical/review-protocol.md; docs/canonical/appendix-c-formalisation.md C.1,current,retained,"Four literature streams point to the same absence independently. Indykov et al. surveyed 206 papers and found a Safety score of zero for AT11 (rule-based models): despite Safety being one of the two most frequently cited quality attributes, no architectural tactic has been proven to have formal positive influence on it [5]. The Swiss Cheese Model by Shamsujjoha et al. covers 13 guardrail actions for content filtering, blocking and validation; none conditions advisory scope on dynamic environmental risk [6]. The adaptive architectures studied, Flehmig et al. [7], Kang [22], and Ghaleb et al. [24], apply their intermediate tiers to human audit escalation or execution deferral, not to what the AI may say. Behavioural frameworks like Sahoo's [23] throttle the execution space of acting agents, not the recommendation menus presented to human decision-makers.",Original queue location retained. Exact before/after text is in edit-log.json; category is not an empirical validation claim.
130,publications/active/ipsci-2026/submissions/v3-revision/manuscript-v3.md,Synthesis: Cross-Paradigm Comparison and the Research Gap,152,13,figure/table value,Literature sample/coding or reported literature quantity,docs/canonical/review-protocol.md; docs/canonical/appendix-c-formalisation.md C.1,current,retained,"Four literature streams point to the same absence independently. Indykov et al. surveyed 206 papers and found a Safety score of zero for AT11 (rule-based models): despite Safety being one of the two most frequently cited quality attributes, no architectural tactic has been proven to have formal positive influence on it [5]. The Swiss Cheese Model by Shamsujjoha et al. covers 13 guardrail actions for content filtering, blocking and validation; none conditions advisory scope on dynamic environmental risk [6]. The adaptive architectures studied, Flehmig et al. [7], Kang [22], and Ghaleb et al. [24], apply their intermediate tiers to human audit escalation or execution deferral, not to what the AI may say. Behavioural frameworks like Sahoo's [23] throttle the execution space of acting agents, not the recommendation menus presented to human decision-makers.",Original queue location retained. Exact before/after text is in edit-log.json; category is not an empirical validation claim.
284,publications/active/ipsci-2026/submissions/v3-revision/manuscript-v3.md,Domain Instantiation,383,23,result,State/admissible-set characterisation; scope as stated in source text,docs/canonical/report-c8-migration-2026-09-08.md; data/c8/canonical-results-post-migration.txt; docs/canonical/appendix-c-formalisation.md C.2,stale,changed,"The architecture is being developed as a formally specified prototype for AI departure decision support in small-scale coastal fisheries in Malaysia (Kota Kinabalu, Sabah). *E* = {*w, r, m, o, v, t*} where *w* is wind speed (sustained, knots), *r* is rainfall intensity in mm/hr, *m* is marine warning level, *o* is ocean state (significant wave height), *v* is vessel category by gross registered tonnage and *t* is time of day. Thresholds for *w*, *r* and *m* are anchored to MET Malaysia published warning criteria; the vessel-conditional rows of *g*_o draw on seakeeping analysis of Malaysian hulls and a length-dependent capsizing formula derived from a 23-year Korean accident record. The deployment population operates vessels below 40 GRT, so the small-vessel row of TABLE IIIb is the operative case. The Symbolic AI Reasoning Engine enforces the Safety Dominance Property by construction, satisfying the offline-first and computationally lightweight requirements of the low-resource deployment context. A dual-threshold hysteresis smoothing layer over the discrete state transitions is available at the deployment floor, drawing on the runtime-gating stability of Ghaleb et al. [24], to damp mode-chattering at the classification boundaries of *S* = *f*(*E*). Measured on five years of site data, however, chattering occurs approximately fourteen times per year and hysteresis reduces condition-driven transitions by 6.2%; the layer is retained as a precaution rather than a demonstrated requirement.",Original queue location retained. Exact before/after text is in edit-log.json; category is not an empirical validation claim.
285,publications/active/ipsci-2026/submissions/v3-revision/manuscript-v3.md,Domain Instantiation,383,40,result,State/admissible-set characterisation; scope as stated in source text,docs/canonical/report-c8-migration-2026-09-08.md; data/c8/canonical-results-post-migration.txt; docs/canonical/appendix-c-formalisation.md C.2,stale,changed,"The architecture is being developed as a formally specified prototype for AI departure decision support in small-scale coastal fisheries in Malaysia (Kota Kinabalu, Sabah). *E* = {*w, r, m, o, v, t*} where *w* is wind speed (sustained, knots), *r* is rainfall intensity in mm/hr, *m* is marine warning level, *o* is ocean state (significant wave height), *v* is vessel category by gross registered tonnage and *t* is time of day. Thresholds for *w*, *r* and *m* are anchored to MET Malaysia published warning criteria; the vessel-conditional rows of *g*_o draw on seakeeping analysis of Malaysian hulls and a length-dependent capsizing formula derived from a 23-year Korean accident record. The deployment population operates vessels below 40 GRT, so the small-vessel row of TABLE IIIb is the operative case. The Symbolic AI Reasoning Engine enforces the Safety Dominance Property by construction, satisfying the offline-first and computationally lightweight requirements of the low-resource deployment context. A dual-threshold hysteresis smoothing layer over the discrete state transitions is available at the deployment floor, drawing on the runtime-gating stability of Ghaleb et al. [24], to damp mode-chattering at the classification boundaries of *S* = *f*(*E*). Measured on five years of site data, however, chattering occurs approximately fourteen times per year and hysteresis reduces condition-driven transitions by 6.2%; the layer is retained as a precaution rather than a demonstrated requirement.",Original queue location retained. Exact before/after text is in edit-log.json; category is not an empirical validation claim.
287,publications/active/ipsci-2026/submissions/v3-revision/manuscript-v3.md,Domain Instantiation,383,6.2%,result,State/admissible-set characterisation; scope as stated in source text,docs/canonical/report-c8-migration-2026-09-08.md; data/c8/canonical-results-post-migration.txt; docs/canonical/appendix-c-formalisation.md C.2,stale,changed,"The architecture is being developed as a formally specified prototype for AI departure decision support in small-scale coastal fisheries in Malaysia (Kota Kinabalu, Sabah). *E* = {*w, r, m, o, v, t*} where *w* is wind speed (sustained, knots), *r* is rainfall intensity in mm/hr, *m* is marine warning level, *o* is ocean state (significant wave height), *v* is vessel category by gross registered tonnage and *t* is time of day. Thresholds for *w*, *r* and *m* are anchored to MET Malaysia published warning criteria; the vessel-conditional rows of *g*_o draw on seakeeping analysis of Malaysian hulls and a length-dependent capsizing formula derived from a 23-year Korean accident record. The deployment population operates vessels below 40 GRT, so the small-vessel row of TABLE IIIb is the operative case. The Symbolic AI Reasoning Engine enforces the Safety Dominance Property by construction, satisfying the offline-first and computationally lightweight requirements of the low-resource deployment context. A dual-threshold hysteresis smoothing layer over the discrete state transitions is available at the deployment floor, drawing on the runtime-gating stability of Ghaleb et al. [24], to damp mode-chattering at the classification boundaries of *S* = *f*(*E*). Measured on five years of site data, however, chattering occurs approximately fourteen times per year and hysteresis reduces condition-driven transitions by 6.2%; the layer is retained as a precaution rather than a demonstrated requirement.",Original queue location retained. Exact before/after text is in edit-log.json; category is not an empirical validation claim.
309,publications/active/ipsci-2026/submissions/v3-revision/manuscript-v3.md,Domain Instantiation,432,1.1,figure/table value,Configured threshold or cited hull-study value; hypothetical contrasts remain illustrative,docs/canonical/appendix-c-formalisation.md C.1/C.2,current,retained, and the sea state. At 1.1 m the sea is CAUTION for this small vessel but would classify SAFE for a vessel > 25 GRT.,Original queue location retained. Exact before/after text is in edit-log.json; category is not an empirical validation claim.
310,publications/active/ipsci-2026/submissions/v3-revision/manuscript-v3.md,Domain Instantiation,432,25,figure/table value,Configured threshold or cited hull-study value; hypothetical contrasts remain illustrative,docs/canonical/appendix-c-formalisation.md C.1/C.2,current,retained, and the sea state. At 1.1 m the sea is CAUTION for this small vessel but would classify SAFE for a vessel > 25 GRT.,Original queue location retained. Exact before/after text is in edit-log.json; category is not an empirical validation claim.
311,publications/active/ipsci-2026/submissions/v3-revision/manuscript-v3.md,Empirical Characterisation,438,5.98,result,State/admissible-set characterisation; scope as stated in source text,data/c8/canonical-results-post-migration.txt; docs/canonical/report-c8-migration-2026-09-08.md,current,retained,"The governance layer was executed against hourly environmental data for the deployment site (Kota Kinabalu, 5.98° N, 116.01° E) — five years in the primary configuration, 3.25 years in a higher-resolution variant described below — classifying *S* = *f*(*E*) at every hour and recording which component function determined the outcome. The purpose is to establish that the *CAUTION* mode is not a theoretical construct: it is reached under real conditions at a measurable rate, and the states it separates are separated by conditions that actually occur.",Original queue location retained. Exact before/after text is in edit-log.json; category is not an empirical validation claim.
312,publications/active/ipsci-2026/submissions/v3-revision/manuscript-v3.md,Empirical Characterisation,438,116.01,result,State/admissible-set characterisation; scope as stated in source text,data/c8/canonical-results-post-migration.txt; docs/canonical/report-c8-migration-2026-09-08.md,current,retained,"The governance layer was executed against hourly environmental data for the deployment site (Kota Kinabalu, 5.98° N, 116.01° E) — five years in the primary configuration, 3.25 years in a higher-resolution variant described below — classifying *S* = *f*(*E*) at every hour and recording which component function determined the outcome. The purpose is to establish that the *CAUTION* mode is not a theoretical construct: it is reached under real conditions at a measurable rate, and the states it separates are separated by conditions that actually occur.",Original queue location retained. Exact before/after text is in edit-log.json; category is not an empirical validation claim.
313,publications/active/ipsci-2026/submissions/v3-revision/manuscript-v3.md,Empirical Characterisation,438,3.25,result,State/admissible-set characterisation; scope as stated in source text,data/c8/canonical-results-post-migration.txt; docs/canonical/report-c8-migration-2026-09-08.md,current,retained,"The governance layer was executed against hourly environmental data for the deployment site (Kota Kinabalu, 5.98° N, 116.01° E) — five years in the primary configuration, 3.25 years in a higher-resolution variant described below — classifying *S* = *f*(*E*) at every hour and recording which component function determined the outcome. The purpose is to establish that the *CAUTION* mode is not a theoretical construct: it is reached under real conditions at a measurable rate, and the states it separates are separated by conditions that actually occur.",Original queue location retained. Exact before/after text is in edit-log.json; category is not an empirical validation claim.
314,publications/active/ipsci-2026/submissions/v3-revision/manuscript-v3.md,Empirical Characterisation,440,2020,prediction value,State/admissible-set characterisation; scope as stated in source text,docs/canonical/report-c8-migration-2026-09-08.md; data/c8/canonical-results-post-migration.txt,stale,changed,"**Method.** Environmental data are drawn from the ERA5 reanalysis archive at the grid cell nearest the deployment site, selected over water rather than land — a distinction that materially affects surface wind and is returned to below. Two configurations are reported throughout, because the wave input proved to be resolution-sensitive and reporting a single figure would conceal that. The **primary** configuration covers the full five years (2020–2024, 43,848 hourly records) with wave height from ERA5-Ocean at approximately 50 km. The **resolution** configuration substitutes the MeteoFrance MFWAM model at approximately 8 km, which is available only from October 2021 and therefore covers 3.25 years (28,501 hours). Neither is presented as the single correct answer: the primary configuration buys record length, the resolution configuration buys spatial fidelity, and the difference between them is itself reported as a result. Predictions were registered before each analysis was run, in machine-comparable form with numeric bounds, so that confirmation or refutation is checked rather than narrated. Twenty-four predictions were registered; twenty-three were confirmed and one refuted.",Original queue location retained. Exact before/after text is in edit-log.json; category is not an empirical validation claim.
315,publications/active/ipsci-2026/submissions/v3-revision/manuscript-v3.md,Empirical Characterisation,440,2024,prediction value,State/admissible-set characterisation; scope as stated in source text,docs/canonical/report-c8-migration-2026-09-08.md; data/c8/canonical-results-post-migration.txt,stale,changed,"**Method.** Environmental data are drawn from the ERA5 reanalysis archive at the grid cell nearest the deployment site, selected over water rather than land — a distinction that materially affects surface wind and is returned to below. Two configurations are reported throughout, because the wave input proved to be resolution-sensitive and reporting a single figure would conceal that. The **primary** configuration covers the full five years (2020–2024, 43,848 hourly records) with wave height from ERA5-Ocean at approximately 50 km. The **resolution** configuration substitutes the MeteoFrance MFWAM model at approximately 8 km, which is available only from October 2021 and therefore covers 3.25 years (28,501 hours). Neither is presented as the single correct answer: the primary configuration buys record length, the resolution configuration buys spatial fidelity, and the difference between them is itself reported as a result. Predictions were registered before each analysis was run, in machine-comparable form with numeric bounds, so that confirmation or refutation is checked rather than narrated. Twenty-four predictions were registered; twenty-three were confirmed and one refuted.",Original queue location retained. Exact before/after text is in edit-log.json; category is not an empirical validation claim.
316,publications/active/ipsci-2026/submissions/v3-revision/manuscript-v3.md,Empirical Characterisation,440,"43,848",prediction value,State/admissible-set characterisation; scope as stated in source text,docs/canonical/report-c8-migration-2026-09-08.md; data/c8/canonical-results-post-migration.txt,stale,changed,"**Method.** Environmental data are drawn from the ERA5 reanalysis archive at the grid cell nearest the deployment site, selected over water rather than land — a distinction that materially affects surface wind and is returned to below. Two configurations are reported throughout, because the wave input proved to be resolution-sensitive and reporting a single figure would conceal that. The **primary** configuration covers the full five years (2020–2024, 43,848 hourly records) with wave height from ERA5-Ocean at approximately 50 km. The **resolution** configuration substitutes the MeteoFrance MFWAM model at approximately 8 km, which is available only from October 2021 and therefore covers 3.25 years (28,501 hours). Neither is presented as the single correct answer: the primary configuration buys record length, the resolution configuration buys spatial fidelity, and the difference between them is itself reported as a result. Predictions were registered before each analysis was run, in machine-comparable form with numeric bounds, so that confirmation or refutation is checked rather than narrated. Twenty-four predictions were registered; twenty-three were confirmed and one refuted.",Original queue location retained. Exact before/after text is in edit-log.json; category is not an empirical validation claim.
317,publications/active/ipsci-2026/submissions/v3-revision/manuscript-v3.md,Empirical Characterisation,440,50,prediction value,State/admissible-set characterisation; scope as stated in source text,docs/canonical/report-c8-migration-2026-09-08.md; data/c8/canonical-results-post-migration.txt,stale,changed,"**Method.** Environmental data are drawn from the ERA5 reanalysis archive at the grid cell nearest the deployment site, selected over water rather than land — a distinction that materially affects surface wind and is returned to below. Two configurations are reported throughout, because the wave input proved to be resolution-sensitive and reporting a single figure would conceal that. The **primary** configuration covers the full five years (2020–2024, 43,848 hourly records) with wave height from ERA5-Ocean at approximately 50 km. The **resolution** configuration substitutes the MeteoFrance MFWAM model at approximately 8 km, which is available only from October 2021 and therefore covers 3.25 years (28,501 hours). Neither is presented as the single correct answer: the primary configuration buys record length, the resolution configuration buys spatial fidelity, and the difference between them is itself reported as a result. Predictions were registered before each analysis was run, in machine-comparable form with numeric bounds, so that confirmation or refutation is checked rather than narrated. Twenty-four predictions were registered; twenty-three were confirmed and one refuted.",Original queue location retained. Exact before/after text is in edit-log.json; category is not an empirical validation claim.
318,publications/active/ipsci-2026/submissions/v3-revision/manuscript-v3.md,Empirical Characterisation,440,8,prediction value,State/admissible-set characterisation; scope as stated in source text,docs/canonical/report-c8-migration-2026-09-08.md; data/c8/canonical-results-post-migration.txt,stale,changed,"**Method.** Environmental data are drawn from the ERA5 reanalysis archive at the grid cell nearest the deployment site, selected over water rather than land — a distinction that materially affects surface wind and is returned to below. Two configurations are reported throughout, because the wave input proved to be resolution-sensitive and reporting a single figure would conceal that. The **primary** configuration covers the full five years (2020–2024, 43,848 hourly records) with wave height from ERA5-Ocean at approximately 50 km. The **resolution** configuration substitutes the MeteoFrance MFWAM model at approximately 8 km, which is available only from October 2021 and therefore covers 3.25 years (28,501 hours). Neither is presented as the single correct answer: the primary configuration buys record length, the resolution configuration buys spatial fidelity, and the difference between them is itself reported as a result. Predictions were registered before each analysis was run, in machine-comparable form with numeric bounds, so that confirmation or refutation is checked rather than narrated. Twenty-four predictions were registered; twenty-three were confirmed and one refuted.",Original queue location retained. Exact before/after text is in edit-log.json; category is not an empirical validation claim.
320,publications/active/ipsci-2026/submissions/v3-revision/manuscript-v3.md,Empirical Characterisation,440,3.25,prediction value,State/admissible-set characterisation; scope as stated in source text,docs/canonical/report-c8-migration-2026-09-08.md; data/c8/canonical-results-post-migration.txt,stale,changed,"**Method.** Environmental data are drawn from the ERA5 reanalysis archive at the grid cell nearest the deployment site, selected over water rather than land — a distinction that materially affects surface wind and is returned to below. Two configurations are reported throughout, because the wave input proved to be resolution-sensitive and reporting a single figure would conceal that. The **primary** configuration covers the full five years (2020–2024, 43,848 hourly records) with wave height from ERA5-Ocean at approximately 50 km. The **resolution** configuration substitutes the MeteoFrance MFWAM model at approximately 8 km, which is available only from October 2021 and therefore covers 3.25 years (28,501 hours). Neither is presented as the single correct answer: the primary configuration buys record length, the resolution configuration buys spatial fidelity, and the difference between them is itself reported as a result. Predictions were registered before each analysis was run, in machine-comparable form with numeric bounds, so that confirmation or refutation is checked rather than narrated. Twenty-four predictions were registered; twenty-three were confirmed and one refuted.",Original queue location retained. Exact before/after text is in edit-log.json; category is not an empirical validation claim.
321,publications/active/ipsci-2026/submissions/v3-revision/manuscript-v3.md,Empirical Characterisation,440,"28,501",prediction value,State/admissible-set characterisation; scope as stated in source text,docs/canonical/report-c8-migration-2026-09-08.md; data/c8/canonical-results-post-migration.txt,stale,changed,"**Method.** Environmental data are drawn from the ERA5 reanalysis archive at the grid cell nearest the deployment site, selected over water rather than land — a distinction that materially affects surface wind and is returned to below. Two configurations are reported throughout, because the wave input proved to be resolution-sensitive and reporting a single figure would conceal that. The **primary** configuration covers the full five years (2020–2024, 43,848 hourly records) with wave height from ERA5-Ocean at approximately 50 km. The **resolution** configuration substitutes the MeteoFrance MFWAM model at approximately 8 km, which is available only from October 2021 and therefore covers 3.25 years (28,501 hours). Neither is presented as the single correct answer: the primary configuration buys record length, the resolution configuration buys spatial fidelity, and the difference between them is itself reported as a result. Predictions were registered before each analysis was run, in machine-comparable form with numeric bounds, so that confirmation or refutation is checked rather than narrated. Twenty-four predictions were registered; twenty-three were confirmed and one refuted.",Original queue location retained. Exact before/after text is in edit-log.json; category is not an empirical validation claim.
322,publications/active/ipsci-2026/submissions/v3-revision/manuscript-v3.md,Empirical Characterisation,442,1,result,State/admissible-set characterisation; scope as stated in source text,docs/canonical/appendix-c-formalisation.md,stale,changed,"**Result 1 — the CAUTION mode is reached, and Level 2 governance binds.** For a small vessel in the 05:00–09:00 departure window, *S* = *CAUTION* in **5.81%** of hours under the primary configuration and **4.48%** under the resolution configuration. In those hours the architecture withholds *DepartureTime* and *Duration* while continuing to supply *Go* and *Delay*. A binary architecture, having no state between participation and withdrawal, supplies the full recommendation set in every one of them. This is the governance difference the architecture exists to produce, expressed as a rate rather than as a design claim.",Original queue location retained. Exact before/after text is in edit-log.json; category is not an empirical validation claim.
323,publications/active/ipsci-2026/submissions/v3-revision/manuscript-v3.md,Empirical Characterisation,442,2,result,State/admissible-set characterisation; scope as stated in source text,docs/canonical/appendix-c-formalisation.md,stale,changed,"**Result 1 — the CAUTION mode is reached, and Level 2 governance binds.** For a small vessel in the 05:00–09:00 departure window, *S* = *CAUTION* in **5.81%** of hours under the primary configuration and **4.48%** under the resolution configuration. In those hours the architecture withholds *DepartureTime* and *Duration* while continuing to supply *Go* and *Delay*. A binary architecture, having no state between participation and withdrawal, supplies the full recommendation set in every one of them. This is the governance difference the architecture exists to produce, expressed as a rate rather than as a design claim.",Original queue location retained. Exact before/after text is in edit-log.json; category is not an empirical validation claim.
324,publications/active/ipsci-2026/submissions/v3-revision/manuscript-v3.md,Empirical Characterisation,442,05,result,State/admissible-set characterisation; scope as stated in source text,docs/canonical/appendix-c-formalisation.md,stale,changed,"**Result 1 — the CAUTION mode is reached, and Level 2 governance binds.** For a small vessel in the 05:00–09:00 departure window, *S* = *CAUTION* in **5.81%** of hours under the primary configuration and **4.48%** under the resolution configuration. In those hours the architecture withholds *DepartureTime* and *Duration* while continuing to supply *Go* and *Delay*. A binary architecture, having no state between participation and withdrawal, supplies the full recommendation set in every one of them. This is the governance difference the architecture exists to produce, expressed as a rate rather than as a design claim.",Original queue location retained. Exact before/after text is in edit-log.json; category is not an empirical validation claim.
325,publications/active/ipsci-2026/submissions/v3-revision/manuscript-v3.md,Empirical Characterisation,442,00,result,State/admissible-set characterisation; scope as stated in source text,docs/canonical/appendix-c-formalisation.md,stale,changed,"**Result 1 — the CAUTION mode is reached, and Level 2 governance binds.** For a small vessel in the 05:00–09:00 departure window, *S* = *CAUTION* in **5.81%** of hours under the primary configuration and **4.48%** under the resolution configuration. In those hours the architecture withholds *DepartureTime* and *Duration* while continuing to supply *Go* and *Delay*. A binary architecture, having no state between participation and withdrawal, supplies the full recommendation set in every one of them. This is the governance difference the architecture exists to produce, expressed as a rate rather than as a design claim.",Original queue location retained. Exact before/after text is in edit-log.json; category is not an empirical validation claim.
326,publications/active/ipsci-2026/submissions/v3-revision/manuscript-v3.md,Empirical Characterisation,442,09,result,State/admissible-set characterisation; scope as stated in source text,docs/canonical/appendix-c-formalisation.md,stale,changed,"**Result 1 — the CAUTION mode is reached, and Level 2 governance binds.** For a small vessel in the 05:00–09:00 departure window, *S* = *CAUTION* in **5.81%** of hours under the primary configuration and **4.48%** under the resolution configuration. In those hours the architecture withholds *DepartureTime* and *Duration* while continuing to supply *Go* and *Delay*. A binary architecture, having no state between participation and withdrawal, supplies the full recommendation set in every one of them. This is the governance difference the architecture exists to produce, expressed as a rate rather than as a design claim.",Original queue location retained. Exact before/after text is in edit-log.json; category is not an empirical validation claim.
327,publications/active/ipsci-2026/submissions/v3-revision/manuscript-v3.md,Empirical Characterisation,442,00,result,State/admissible-set characterisation; scope as stated in source text,docs/canonical/appendix-c-formalisation.md,stale,changed,"**Result 1 — the CAUTION mode is reached, and Level 2 governance binds.** For a small vessel in the 05:00–09:00 departure window, *S* = *CAUTION* in **5.81%** of hours under the primary configuration and **4.48%** under the resolution configuration. In those hours the architecture withholds *DepartureTime* and *Duration* while continuing to supply *Go* and *Delay*. A binary architecture, having no state between participation and withdrawal, supplies the full recommendation set in every one of them. This is the governance difference the architecture exists to produce, expressed as a rate rather than as a design claim.",Original queue location retained. Exact before/after text is in edit-log.json; category is not an empirical validation claim.
328,publications/active/ipsci-2026/submissions/v3-revision/manuscript-v3.md,Empirical Characterisation,442,5.81%,result,State/admissible-set characterisation; scope as stated in source text,docs/canonical/appendix-c-formalisation.md,stale,changed,"**Result 1 — the CAUTION mode is reached, and Level 2 governance binds.** For a small vessel in the 05:00–09:00 departure window, *S* = *CAUTION* in **5.81%** of hours under the primary configuration and **4.48%** under the resolution configuration. In those hours the architecture withholds *DepartureTime* and *Duration* while continuing to supply *Go* and *Delay*. A binary architecture, having no state between participation and withdrawal, supplies the full recommendation set in every one of them. This is the governance difference the architecture exists to produce, expressed as a rate rather than as a design claim.",Original queue location retained. Exact before/after text is in edit-log.json; category is not an empirical validation claim.
329,publications/active/ipsci-2026/submissions/v3-revision/manuscript-v3.md,Empirical Characterisation,442,4.48%,result,State/admissible-set characterisation; scope as stated in source text,docs/canonical/appendix-c-formalisation.md,stale,changed,"**Result 1 — the CAUTION mode is reached, and Level 2 governance binds.** For a small vessel in the 05:00–09:00 departure window, *S* = *CAUTION* in **5.81%** of hours under the primary configuration and **4.48%** under the resolution configuration. In those hours the architecture withholds *DepartureTime* and *Duration* while continuing to supply *Go* and *Delay*. A binary architecture, having no state between participation and withdrawal, supplies the full recommendation set in every one of them. This is the governance difference the architecture exists to produce, expressed as a rate rather than as a design claim.",Original queue location retained. Exact before/after text is in edit-log.json; category is not an empirical validation claim.
330,publications/active/ipsci-2026/submissions/v3-revision/manuscript-v3.md,Empirical Characterisation,444,2,result,State/admissible-set characterisation; scope as stated in source text,docs/canonical/appendix-c-formalisation.md,stale,changed,"**Result 2 — the participation gate is reachable by sea state, not only by darkness.** *UNSAFE* occurs in 1,262 daylight hours (5.80%) under the primary configuration and 455 hours (3.23%) under the resolution configuration, where *daylight* is the astronomical interval sunrise ≤ *t* < sunset. Weather-driven classifications account for 10.9% and 6.4% of all *UNSAFE* hours respectively; the remainder is the time-of-day component *g*_t. Both governance states are therefore attainable at the deployment site under conditions the operator would actually encounter, rather than only after dark.",Original queue location retained. Exact before/after text is in edit-log.json; category is not an empirical validation claim.
331,publications/active/ipsci-2026/submissions/v3-revision/manuscript-v3.md,Empirical Characterisation,444,"1,262",result,State/admissible-set characterisation; scope as stated in source text,docs/canonical/appendix-c-formalisation.md,stale,changed,"**Result 2 — the participation gate is reachable by sea state, not only by darkness.** *UNSAFE* occurs in 1,262 daylight hours (5.80%) under the primary configuration and 455 hours (3.23%) under the resolution configuration, where *daylight* is the astronomical interval sunrise ≤ *t* < sunset. Weather-driven classifications account for 10.9% and 6.4% of all *UNSAFE* hours respectively; the remainder is the time-of-day component *g*_t. Both governance states are therefore attainable at the deployment site under conditions the operator would actually encounter, rather than only after dark.",Original queue location retained. Exact before/after text is in edit-log.json; category is not an empirical validation claim.
332,publications/active/ipsci-2026/submissions/v3-revision/manuscript-v3.md,Empirical Characterisation,444,5.80%,result,State/admissible-set characterisation; scope as stated in source text,docs/canonical/appendix-c-formalisation.md,stale,changed,"**Result 2 — the participation gate is reachable by sea state, not only by darkness.** *UNSAFE* occurs in 1,262 daylight hours (5.80%) under the primary configuration and 455 hours (3.23%) under the resolution configuration, where *daylight* is the astronomical interval sunrise ≤ *t* < sunset. Weather-driven classifications account for 10.9% and 6.4% of all *UNSAFE* hours respectively; the remainder is the time-of-day component *g*_t. Both governance states are therefore attainable at the deployment site under conditions the operator would actually encounter, rather than only after dark.",Original queue location retained. Exact before/after text is in edit-log.json; category is not an empirical validation claim.
333,publications/active/ipsci-2026/submissions/v3-revision/manuscript-v3.md,Empirical Characterisation,444,455,result,State/admissible-set characterisation; scope as stated in source text,docs/canonical/appendix-c-formalisation.md,stale,changed,"**Result 2 — the participation gate is reachable by sea state, not only by darkness.** *UNSAFE* occurs in 1,262 daylight hours (5.80%) under the primary configuration and 455 hours (3.23%) under the resolution configuration, where *daylight* is the astronomical interval sunrise ≤ *t* < sunset. Weather-driven classifications account for 10.9% and 6.4% of all *UNSAFE* hours respectively; the remainder is the time-of-day component *g*_t. Both governance states are therefore attainable at the deployment site under conditions the operator would actually encounter, rather than only after dark.",Original queue location retained. Exact before/after text is in edit-log.json; category is not an empirical validation claim.
334,publications/active/ipsci-2026/submissions/v3-revision/manuscript-v3.md,Empirical Characterisation,444,3.23%,result,State/admissible-set characterisation; scope as stated in source text,docs/canonical/appendix-c-formalisation.md,stale,changed,"**Result 2 — the participation gate is reachable by sea state, not only by darkness.** *UNSAFE* occurs in 1,262 daylight hours (5.80%) under the primary configuration and 455 hours (3.23%) under the resolution configuration, where *daylight* is the astronomical interval sunrise ≤ *t* < sunset. Weather-driven classifications account for 10.9% and 6.4% of all *UNSAFE* hours respectively; the remainder is the time-of-day component *g*_t. Both governance states are therefore attainable at the deployment site under conditions the operator would actually encounter, rather than only after dark.",Original queue location retained. Exact before/after text is in edit-log.json; category is not an empirical validation claim.
335,publications/active/ipsci-2026/submissions/v3-revision/manuscript-v3.md,Empirical Characterisation,444,10.9%,result,State/admissible-set characterisation; scope as stated in source text,docs/canonical/appendix-c-formalisation.md,stale,changed,"**Result 2 — the participation gate is reachable by sea state, not only by darkness.** *UNSAFE* occurs in 1,262 daylight hours (5.80%) under the primary configuration and 455 hours (3.23%) under the resolution configuration, where *daylight* is the astronomical interval sunrise ≤ *t* < sunset. Weather-driven classifications account for 10.9% and 6.4% of all *UNSAFE* hours respectively; the remainder is the time-of-day component *g*_t. Both governance states are therefore attainable at the deployment site under conditions the operator would actually encounter, rather than only after dark.",Original queue location retained. Exact before/after text is in edit-log.json; category is not an empirical validation claim.
336,publications/active/ipsci-2026/submissions/v3-revision/manuscript-v3.md,Empirical Characterisation,444,6.4%,result,State/admissible-set characterisation; scope as stated in source text,docs/canonical/appendix-c-formalisation.md,stale,changed,"**Result 2 — the participation gate is reachable by sea state, not only by darkness.** *UNSAFE* occurs in 1,262 daylight hours (5.80%) under the primary configuration and 455 hours (3.23%) under the resolution configuration, where *daylight* is the astronomical interval sunrise ≤ *t* < sunset. Weather-driven classifications account for 10.9% and 6.4% of all *UNSAFE* hours respectively; the remainder is the time-of-day component *g*_t. Both governance states are therefore attainable at the deployment site under conditions the operator would actually encounter, rather than only after dark.",Original queue location retained. Exact before/after text is in edit-log.json; category is not an empirical validation claim.
337,publications/active/ipsci-2026/submissions/v3-revision/manuscript-v3.md,Empirical Characterisation,446,3,result,State/admissible-set characterisation; scope as stated in source text,data/c8/canonical-results-post-migration.txt; docs/canonical/report-c8-migration-2026-09-08.md,current,retained,"**Result 3 — vessel conditioning is operative.** Small and big vessels receive different classifications in **9.11%** of departure-window hours under the primary configuration (5.86% under the resolution configuration). Under vessel-blind thresholds this figure is zero by construction, so the vessel-conditional form of *g*_o(*o*, *v*) changes governance output rather than only notation.",Original queue location retained. Exact before/after text is in edit-log.json; category is not an empirical validation claim.
338,publications/active/ipsci-2026/submissions/v3-revision/manuscript-v3.md,Empirical Characterisation,446,9.11%,result,State/admissible-set characterisation; scope as stated in source text,data/c8/canonical-results-post-migration.txt; docs/canonical/report-c8-migration-2026-09-08.md,current,retained,"**Result 3 — vessel conditioning is operative.** Small and big vessels receive different classifications in **9.11%** of departure-window hours under the primary configuration (5.86% under the resolution configuration). Under vessel-blind thresholds this figure is zero by construction, so the vessel-conditional form of *g*_o(*o*, *v*) changes governance output rather than only notation.",Original queue location retained. Exact before/after text is in edit-log.json; category is not an empirical validation claim.
339,publications/active/ipsci-2026/submissions/v3-revision/manuscript-v3.md,Empirical Characterisation,446,5.86%,result,State/admissible-set characterisation; scope as stated in source text,data/c8/canonical-results-post-migration.txt; docs/canonical/report-c8-migration-2026-09-08.md,current,retained,"**Result 3 — vessel conditioning is operative.** Small and big vessels receive different classifications in **9.11%** of departure-window hours under the primary configuration (5.86% under the resolution configuration). Under vessel-blind thresholds this figure is zero by construction, so the vessel-conditional form of *g*_o(*o*, *v*) changes governance output rather than only notation.",Original queue location retained. Exact before/after text is in edit-log.json; category is not an empirical validation claim.
341,publications/active/ipsci-2026/submissions/v3-revision/manuscript-v3.md,Empirical Characterisation,454,98.71%,result,State/admissible-set characterisation; scope as stated in source text,data/c8/canonical-results-post-migration.txt; docs/canonical/report-c8-migration-2026-09-08.md,current,retained,| *g*_o (ocean state) | **98.71% / 97.66%** | 18.00% / 12.66% | Binds |,Original queue location retained. Exact before/after text is in edit-log.json; category is not an empirical validation claim.
342,publications/active/ipsci-2026/submissions/v3-revision/manuscript-v3.md,Empirical Characterisation,454,97.66%,result,State/admissible-set characterisation; scope as stated in source text,data/c8/canonical-results-post-migration.txt; docs/canonical/report-c8-migration-2026-09-08.md,current,retained,| *g*_o (ocean state) | **98.71% / 97.66%** | 18.00% / 12.66% | Binds |,Original queue location retained. Exact before/after text is in edit-log.json; category is not an empirical validation claim.
343,publications/active/ipsci-2026/submissions/v3-revision/manuscript-v3.md,Empirical Characterisation,454,18.00%,result,State/admissible-set characterisation; scope as stated in source text,data/c8/canonical-results-post-migration.txt; docs/canonical/report-c8-migration-2026-09-08.md,current,retained,| *g*_o (ocean state) | **98.71% / 97.66%** | 18.00% / 12.66% | Binds |,Original queue location retained. Exact before/after text is in edit-log.json; category is not an empirical validation claim.
344,publications/active/ipsci-2026/submissions/v3-revision/manuscript-v3.md,Empirical Characterisation,454,12.66%,result,State/admissible-set characterisation; scope as stated in source text,data/c8/canonical-results-post-migration.txt; docs/canonical/report-c8-migration-2026-09-08.md,current,retained,| *g*_o (ocean state) | **98.71% / 97.66%** | 18.00% / 12.66% | Binds |,Original queue location retained. Exact before/after text is in edit-log.json; category is not an empirical validation claim.
345,publications/active/ipsci-2026/submissions/v3-revision/manuscript-v3.md,Empirical Characterisation,455,0%,result,State/admissible-set characterisation; scope as stated in source text,data/c8/canonical-results-post-migration.txt; docs/canonical/report-c8-migration-2026-09-08.md,current,retained,| *g*_t (time of day) | 0% / 0% — emits no *CAUTION* | **86.82% / 90.19%** | Binds |,Original queue location retained. Exact before/after text is in edit-log.json; category is not an empirical validation claim.
346,publications/active/ipsci-2026/submissions/v3-revision/manuscript-v3.md,Empirical Characterisation,455,0%,result,State/admissible-set characterisation; scope as stated in source text,data/c8/canonical-results-post-migration.txt; docs/canonical/report-c8-migration-2026-09-08.md,current,retained,| *g*_t (time of day) | 0% / 0% — emits no *CAUTION* | **86.82% / 90.19%** | Binds |,Original queue location retained. Exact before/after text is in edit-log.json; category is not an empirical validation claim.
347,publications/active/ipsci-2026/submissions/v3-revision/manuscript-v3.md,Empirical Characterisation,455,86.82%,result,State/admissible-set characterisation; scope as stated in source text,data/c8/canonical-results-post-migration.txt; docs/canonical/report-c8-migration-2026-09-08.md,current,retained,| *g*_t (time of day) | 0% / 0% — emits no *CAUTION* | **86.82% / 90.19%** | Binds |,Original queue location retained. Exact before/after text is in edit-log.json; category is not an empirical validation claim.
348,publications/active/ipsci-2026/submissions/v3-revision/manuscript-v3.md,Empirical Characterisation,455,90.19%,result,State/admissible-set characterisation; scope as stated in source text,data/c8/canonical-results-post-migration.txt; docs/canonical/report-c8-migration-2026-09-08.md,current,retained,| *g*_t (time of day) | 0% / 0% — emits no *CAUTION* | **86.82% / 90.19%** | Binds |,Original queue location retained. Exact before/after text is in edit-log.json; category is not an empirical validation claim.
349,publications/active/ipsci-2026/submissions/v3-revision/manuscript-v3.md,Empirical Characterisation,456,1.55%,result,State/admissible-set characterisation; scope as stated in source text,docs/canonical/report-c8-migration-2026-09-08.md; data/c8/canonical-results-post-migration.txt,stale,changed,| *g*_r (rainfall) | 1.55% / 2.99% | 0.19% / 0.24% | Binds |,Original queue location retained. Exact before/after text is in edit-log.json; category is not an empirical validation claim.
350,publications/active/ipsci-2026/submissions/v3-revision/manuscript-v3.md,Empirical Characterisation,456,2.99%,result,State/admissible-set characterisation; scope as stated in source text,docs/canonical/report-c8-migration-2026-09-08.md; data/c8/canonical-results-post-migration.txt,stale,changed,| *g*_r (rainfall) | 1.55% / 2.99% | 0.19% / 0.24% | Binds |,Original queue location retained. Exact before/after text is in edit-log.json; category is not an empirical validation claim.
351,publications/active/ipsci-2026/submissions/v3-revision/manuscript-v3.md,Empirical Characterisation,456,0.19%,result,State/admissible-set characterisation; scope as stated in source text,docs/canonical/report-c8-migration-2026-09-08.md; data/c8/canonical-results-post-migration.txt,stale,changed,| *g*_r (rainfall) | 1.55% / 2.99% | 0.19% / 0.24% | Binds |,Original queue location retained. Exact before/after text is in edit-log.json; category is not an empirical validation claim.
352,publications/active/ipsci-2026/submissions/v3-revision/manuscript-v3.md,Empirical Characterisation,456,0.24%,result,State/admissible-set characterisation; scope as stated in source text,docs/canonical/report-c8-migration-2026-09-08.md; data/c8/canonical-results-post-migration.txt,stale,changed,| *g*_r (rainfall) | 1.55% / 2.99% | 0.19% / 0.24% | Binds |,Original queue location retained. Exact before/after text is in edit-log.json; category is not an empirical validation claim.
353,publications/active/ipsci-2026/submissions/v3-revision/manuscript-v3.md,Empirical Characterisation,457,0%,result,State/admissible-set characterisation; scope as stated in source text,data/c8/canonical-results-post-migration.txt; docs/canonical/report-c8-migration-2026-09-08.md,current,retained,"| *g*_w (wind) | 0% / 0% | 0% / 0% | Measured; activates twice in five years, binds never |",Original queue location retained. Exact before/after text is in edit-log.json; category is not an empirical validation claim.
354,publications/active/ipsci-2026/submissions/v3-revision/manuscript-v3.md,Empirical Characterisation,457,0%,result,State/admissible-set characterisation; scope as stated in source text,data/c8/canonical-results-post-migration.txt; docs/canonical/report-c8-migration-2026-09-08.md,current,retained,"| *g*_w (wind) | 0% / 0% | 0% / 0% | Measured; activates twice in five years, binds never |",Original queue location retained. Exact before/after text is in edit-log.json; category is not an empirical validation claim.
355,publications/active/ipsci-2026/submissions/v3-revision/manuscript-v3.md,Empirical Characterisation,457,0%,result,State/admissible-set characterisation; scope as stated in source text,data/c8/canonical-results-post-migration.txt; docs/canonical/report-c8-migration-2026-09-08.md,current,retained,"| *g*_w (wind) | 0% / 0% | 0% / 0% | Measured; activates twice in five years, binds never |",Original queue location retained. Exact before/after text is in edit-log.json; category is not an empirical validation claim.
356,publications/active/ipsci-2026/submissions/v3-revision/manuscript-v3.md,Empirical Characterisation,457,0%,result,State/admissible-set characterisation; scope as stated in source text,data/c8/canonical-results-post-migration.txt; docs/canonical/report-c8-migration-2026-09-08.md,current,retained,"| *g*_w (wind) | 0% / 0% | 0% / 0% | Measured; activates twice in five years, binds never |",Original queue location retained. Exact before/after text is in edit-log.json; category is not an empirical validation claim.
357,publications/active/ipsci-2026/submissions/v3-revision/manuscript-v3.md,Empirical Characterisation,458,0%,result,State/admissible-set characterisation; scope as stated in source text,data/c8/canonical-results-post-migration.txt; docs/canonical/report-c8-migration-2026-09-08.md,current,retained,| *g*_m (marine warning) | 0% / 0% | 0% / 0% | **Not measured** — no archive |,Original queue location retained. Exact before/after text is in edit-log.json; category is not an empirical validation claim.
358,publications/active/ipsci-2026/submissions/v3-revision/manuscript-v3.md,Empirical Characterisation,458,0%,result,State/admissible-set characterisation; scope as stated in source text,data/c8/canonical-results-post-migration.txt; docs/canonical/report-c8-migration-2026-09-08.md,current,retained,| *g*_m (marine warning) | 0% / 0% | 0% / 0% | **Not measured** — no archive |,Original queue location retained. Exact before/after text is in edit-log.json; category is not an empirical validation claim.
359,publications/active/ipsci-2026/submissions/v3-revision/manuscript-v3.md,Empirical Characterisation,458,0%,result,State/admissible-set characterisation; scope as stated in source text,data/c8/canonical-results-post-migration.txt; docs/canonical/report-c8-migration-2026-09-08.md,current,retained,| *g*_m (marine warning) | 0% / 0% | 0% / 0% | **Not measured** — no archive |,Original queue location retained. Exact before/after text is in edit-log.json; category is not an empirical validation claim.
360,publications/active/ipsci-2026/submissions/v3-revision/manuscript-v3.md,Empirical Characterisation,458,0%,result,State/admissible-set characterisation; scope as stated in source text,data/c8/canonical-results-post-migration.txt; docs/canonical/report-c8-migration-2026-09-08.md,current,retained,| *g*_m (marine warning) | 0% / 0% | 0% / 0% | **Not measured** — no archive |,Original queue location retained. Exact before/after text is in edit-log.json; category is not an empirical validation claim.
361,publications/active/ipsci-2026/submissions/v3-revision/manuscript-v3.md,Empirical Characterisation,460,1,result,State/admissible-set characterisation; scope as stated in source text,data/c8/canonical-results-post-migration.txt; docs/canonical/report-c8-migration-2026-09-08.md,current,retained,"*g*_w never determines a classification, though it is not inactive. MET Malaysia's Category 1 onset is 40 km/h, which is 21.598 kn and is specified here as **21.6 kn** at the resolution of the data. Over five years the sea-cell series crosses that boundary **twice** — 21.8 kn and 21.7 kn — against a five-year maximum of 21.8 kn. On both occasions another component was already at a higher severity (ocean state in one case, time of day in the other), so *g*_w activated without ever determining the classification. The honest statement is that sustained wind reaches the Category 1 criterion roughly once every two and a half years at this site and has never been the governing factor — not that wind is irrelevant to the domain, and not that the component is vacuous.",Original queue location retained. Exact before/after text is in edit-log.json; category is not an empirical validation claim.
362,publications/active/ipsci-2026/submissions/v3-revision/manuscript-v3.md,Empirical Characterisation,460,40,result,State/admissible-set characterisation; scope as stated in source text,data/c8/canonical-results-post-migration.txt; docs/canonical/report-c8-migration-2026-09-08.md,current,retained,"*g*_w never determines a classification, though it is not inactive. MET Malaysia's Category 1 onset is 40 km/h, which is 21.598 kn and is specified here as **21.6 kn** at the resolution of the data. Over five years the sea-cell series crosses that boundary **twice** — 21.8 kn and 21.7 kn — against a five-year maximum of 21.8 kn. On both occasions another component was already at a higher severity (ocean state in one case, time of day in the other), so *g*_w activated without ever determining the classification. The honest statement is that sustained wind reaches the Category 1 criterion roughly once every two and a half years at this site and has never been the governing factor — not that wind is irrelevant to the domain, and not that the component is vacuous.",Original queue location retained. Exact before/after text is in edit-log.json; category is not an empirical validation claim.
363,publications/active/ipsci-2026/submissions/v3-revision/manuscript-v3.md,Empirical Characterisation,460,21.598,result,State/admissible-set characterisation; scope as stated in source text,data/c8/canonical-results-post-migration.txt; docs/canonical/report-c8-migration-2026-09-08.md,current,retained,"*g*_w never determines a classification, though it is not inactive. MET Malaysia's Category 1 onset is 40 km/h, which is 21.598 kn and is specified here as **21.6 kn** at the resolution of the data. Over five years the sea-cell series crosses that boundary **twice** — 21.8 kn and 21.7 kn — against a five-year maximum of 21.8 kn. On both occasions another component was already at a higher severity (ocean state in one case, time of day in the other), so *g*_w activated without ever determining the classification. The honest statement is that sustained wind reaches the Category 1 criterion roughly once every two and a half years at this site and has never been the governing factor — not that wind is irrelevant to the domain, and not that the component is vacuous.",Original queue location retained. Exact before/after text is in edit-log.json; category is not an empirical validation claim.
364,publications/active/ipsci-2026/submissions/v3-revision/manuscript-v3.md,Empirical Characterisation,460,21.6,result,State/admissible-set characterisation; scope as stated in source text,data/c8/canonical-results-post-migration.txt; docs/canonical/report-c8-migration-2026-09-08.md,current,retained,"*g*_w never determines a classification, though it is not inactive. MET Malaysia's Category 1 onset is 40 km/h, which is 21.598 kn and is specified here as **21.6 kn** at the resolution of the data. Over five years the sea-cell series crosses that boundary **twice** — 21.8 kn and 21.7 kn — against a five-year maximum of 21.8 kn. On both occasions another component was already at a higher severity (ocean state in one case, time of day in the other), so *g*_w activated without ever determining the classification. The honest statement is that sustained wind reaches the Category 1 criterion roughly once every two and a half years at this site and has never been the governing factor — not that wind is irrelevant to the domain, and not that the component is vacuous.",Original queue location retained. Exact before/after text is in edit-log.json; category is not an empirical validation claim.
365,publications/active/ipsci-2026/submissions/v3-revision/manuscript-v3.md,Empirical Characterisation,460,21.8,result,State/admissible-set characterisation; scope as stated in source text,data/c8/canonical-results-post-migration.txt; docs/canonical/report-c8-migration-2026-09-08.md,current,retained,"*g*_w never determines a classification, though it is not inactive. MET Malaysia's Category 1 onset is 40 km/h, which is 21.598 kn and is specified here as **21.6 kn** at the resolution of the data. Over five years the sea-cell series crosses that boundary **twice** — 21.8 kn and 21.7 kn — against a five-year maximum of 21.8 kn. On both occasions another component was already at a higher severity (ocean state in one case, time of day in the other), so *g*_w activated without ever determining the classification. The honest statement is that sustained wind reaches the Category 1 criterion roughly once every two and a half years at this site and has never been the governing factor — not that wind is irrelevant to the domain, and not that the component is vacuous.",Original queue location retained. Exact before/after text is in edit-log.json; category is not an empirical validation claim.
366,publications/active/ipsci-2026/submissions/v3-revision/manuscript-v3.md,Empirical Characterisation,460,21.7,result,State/admissible-set characterisation; scope as stated in source text,data/c8/canonical-results-post-migration.txt; docs/canonical/report-c8-migration-2026-09-08.md,current,retained,"*g*_w never determines a classification, though it is not inactive. MET Malaysia's Category 1 onset is 40 km/h, which is 21.598 kn and is specified here as **21.6 kn** at the resolution of the data. Over five years the sea-cell series crosses that boundary **twice** — 21.8 kn and 21.7 kn — against a five-year maximum of 21.8 kn. On both occasions another component was already at a higher severity (ocean state in one case, time of day in the other), so *g*_w activated without ever determining the classification. The honest statement is that sustained wind reaches the Category 1 criterion roughly once every two and a half years at this site and has never been the governing factor — not that wind is irrelevant to the domain, and not that the component is vacuous.",Original queue location retained. Exact before/after text is in edit-log.json; category is not an empirical validation claim.
367,publications/active/ipsci-2026/submissions/v3-revision/manuscript-v3.md,Empirical Characterisation,460,21.8,result,State/admissible-set characterisation; scope as stated in source text,data/c8/canonical-results-post-migration.txt; docs/canonical/report-c8-migration-2026-09-08.md,current,retained,"*g*_w never determines a classification, though it is not inactive. MET Malaysia's Category 1 onset is 40 km/h, which is 21.598 kn and is specified here as **21.6 kn** at the resolution of the data. Over five years the sea-cell series crosses that boundary **twice** — 21.8 kn and 21.7 kn — against a five-year maximum of 21.8 kn. On both occasions another component was already at a higher severity (ocean state in one case, time of day in the other), so *g*_w activated without ever determining the classification. The honest statement is that sustained wind reaches the Category 1 criterion roughly once every two and a half years at this site and has never been the governing factor — not that wind is irrelevant to the domain, and not that the component is vacuous.",Original queue location retained. Exact before/after text is in edit-log.json; category is not an empirical validation claim.
368,publications/active/ipsci-2026/submissions/v3-revision/manuscript-v3.md,Empirical Characterisation,460,1,result,State/admissible-set characterisation; scope as stated in source text,data/c8/canonical-results-post-migration.txt; docs/canonical/report-c8-migration-2026-09-08.md,current,retained,"*g*_w never determines a classification, though it is not inactive. MET Malaysia's Category 1 onset is 40 km/h, which is 21.598 kn and is specified here as **21.6 kn** at the resolution of the data. Over five years the sea-cell series crosses that boundary **twice** — 21.8 kn and 21.7 kn — against a five-year maximum of 21.8 kn. On both occasions another component was already at a higher severity (ocean state in one case, time of day in the other), so *g*_w activated without ever determining the classification. The honest statement is that sustained wind reaches the Category 1 criterion roughly once every two and a half years at this site and has never been the governing factor — not that wind is irrelevant to the domain, and not that the component is vacuous.",Original queue location retained. Exact before/after text is in edit-log.json; category is not an empirical validation claim.
369,publications/active/ipsci-2026/submissions/v3-revision/manuscript-v3.md,Empirical Characterisation,462,22,prediction value,State/admissible-set characterisation; scope as stated in source text,data/c8/canonical-results-post-migration.txt; docs/canonical/report-c8-migration-2026-09-08.md,current,retained,"This distinction was recovered by an audit rather than assumed. The boundary had previously been specified as 22 kn, an undocumented rounding of 21.598 under which both crossings disappear and the component appears never to activate at all. Correcting the threshold to its source value also reversed a registered prediction: the prediction that the corrected wind series would cross the boundary, recorded before the re-collection and initially scored as refuted, is confirmed under the corrected specification. The threshold was wrong, not the prediction. The component is retained: MET's wind criteria exist because those conditions occur in Malaysian waters, and an instantiation of this architecture on an exposed coast would exercise *g*_w routinely.",Original queue location retained. Exact before/after text is in edit-log.json; category is not an empirical validation claim.
370,publications/active/ipsci-2026/submissions/v3-revision/manuscript-v3.md,Empirical Characterisation,462,21.598,prediction value,State/admissible-set characterisation; scope as stated in source text,data/c8/canonical-results-post-migration.txt; docs/canonical/report-c8-migration-2026-09-08.md,current,retained,"This distinction was recovered by an audit rather than assumed. The boundary had previously been specified as 22 kn, an undocumented rounding of 21.598 under which both crossings disappear and the component appears never to activate at all. Correcting the threshold to its source value also reversed a registered prediction: the prediction that the corrected wind series would cross the boundary, recorded before the re-collection and initially scored as refuted, is confirmed under the corrected specification. The threshold was wrong, not the prediction. The component is retained: MET's wind criteria exist because those conditions occur in Malaysian waters, and an instantiation of this architecture on an exposed coast would exercise *g*_w routinely.",Original queue location retained. Exact before/after text is in edit-log.json; category is not an empirical validation claim.
371,publications/active/ipsci-2026/submissions/v3-revision/manuscript-v3.md,Empirical Characterisation,466,5,result,State/admissible-set characterisation; scope as stated in source text,data/c8/canonical-results-post-migration.txt; docs/canonical/report-c8-migration-2026-09-08.md,current,retained,"**Result 5 — resolution sensitivity.** The wave height input carries 98.71% of daylight *CAUTION* decisions under the primary configuration (97.66% under the resolution configuration), which makes its spatial resolution material. The two wave models correlate at *r* = 0.953 across 28,501 valid hourly pairs, but differ in the upper tail: the 50 km model produces a five-year maximum of 2.60 m against 1.84 m for the 8 km model, consistent with a coarse cell averaging open water that the finer model resolves as sheltered by the offshore island group. Holding thresholds fixed, the Level 2 binding rate moves from 5.81% at 50 km to 4.48% at 8 km, and daylight *UNSAFE* from 1,262 hours to 455. Every figure in this section is therefore given for both configurations. The direction is consistent: the coarser model classifies more conservatively, because averaging open water inflates the wave heights experienced by vessels operating inside the sheltered zone. Reporting both quantifies the dependence rather than leaving it as an unexamined assumption, and the 1.3-point spread bounds it.",Original queue location retained. Exact before/after text is in edit-log.json; category is not an empirical validation claim.
372,publications/active/ipsci-2026/submissions/v3-revision/manuscript-v3.md,Empirical Characterisation,466,98.71%,result,State/admissible-set characterisation; scope as stated in source text,data/c8/canonical-results-post-migration.txt; docs/canonical/report-c8-migration-2026-09-08.md,current,retained,"**Result 5 — resolution sensitivity.** The wave height input carries 98.71% of daylight *CAUTION* decisions under the primary configuration (97.66% under the resolution configuration), which makes its spatial resolution material. The two wave models correlate at *r* = 0.953 across 28,501 valid hourly pairs, but differ in the upper tail: the 50 km model produces a five-year maximum of 2.60 m against 1.84 m for the 8 km model, consistent with a coarse cell averaging open water that the finer model resolves as sheltered by the offshore island group. Holding thresholds fixed, the Level 2 binding rate moves from 5.81% at 50 km to 4.48% at 8 km, and daylight *UNSAFE* from 1,262 hours to 455. Every figure in this section is therefore given for both configurations. The direction is consistent: the coarser model classifies more conservatively, because averaging open water inflates the wave heights experienced by vessels operating inside the sheltered zone. Reporting both quantifies the dependence rather than leaving it as an unexamined assumption, and the 1.3-point spread bounds it.",Original queue location retained. Exact before/after text is in edit-log.json; category is not an empirical validation claim.
373,publications/active/ipsci-2026/submissions/v3-revision/manuscript-v3.md,Empirical Characterisation,466,97.66%,result,State/admissible-set characterisation; scope as stated in source text,data/c8/canonical-results-post-migration.txt; docs/canonical/report-c8-migration-2026-09-08.md,current,retained,"**Result 5 — resolution sensitivity.** The wave height input carries 98.71% of daylight *CAUTION* decisions under the primary configuration (97.66% under the resolution configuration), which makes its spatial resolution material. The two wave models correlate at *r* = 0.953 across 28,501 valid hourly pairs, but differ in the upper tail: the 50 km model produces a five-year maximum of 2.60 m against 1.84 m for the 8 km model, consistent with a coarse cell averaging open water that the finer model resolves as sheltered by the offshore island group. Holding thresholds fixed, the Level 2 binding rate moves from 5.81% at 50 km to 4.48% at 8 km, and daylight *UNSAFE* from 1,262 hours to 455. Every figure in this section is therefore given for both configurations. The direction is consistent: the coarser model classifies more conservatively, because averaging open water inflates the wave heights experienced by vessels operating inside the sheltered zone. Reporting both quantifies the dependence rather than leaving it as an unexamined assumption, and the 1.3-point spread bounds it.",Original queue location retained. Exact before/after text is in edit-log.json; category is not an empirical validation claim.
374,publications/active/ipsci-2026/submissions/v3-revision/manuscript-v3.md,Empirical Characterisation,466,0.953,result,"Wave-model correlation on 28,501 valid overlapping pairs",docs/canonical/data-provenance.md:76; empirical-findings F-14,current,retained,"**Result 5 — resolution sensitivity.** The wave height input carries 98.71% of daylight *CAUTION* decisions under the primary configuration (97.66% under the resolution configuration), which makes its spatial resolution material. The two wave models correlate at *r* = 0.953 across 28,501 valid hourly pairs, but differ in the upper tail: the 50 km model produces a five-year maximum of 2.60 m against 1.84 m for the 8 km model, consistent with a coarse cell averaging open water that the finer model resolves as sheltered by the offshore island group. Holding thresholds fixed, the Level 2 binding rate moves from 5.81% at 50 km to 4.48% at 8 km, and daylight *UNSAFE* from 1,262 hours to 455. Every figure in this section is therefore given for both configurations. The direction is consistent: the coarser model classifies more conservatively, because averaging open water inflates the wave heights experienced by vessels operating inside the sheltered zone. Reporting both quantifies the dependence rather than leaving it as an unexamined assumption, and the 1.3-point spread bounds it.",Original queue location retained. Exact before/after text is in edit-log.json; category is not an empirical validation claim.
375,publications/active/ipsci-2026/submissions/v3-revision/manuscript-v3.md,Empirical Characterisation,466,"28,501",result,State/admissible-set characterisation; scope as stated in source text,data/c8/canonical-results-post-migration.txt; docs/canonical/report-c8-migration-2026-09-08.md,current,retained,"**Result 5 — resolution sensitivity.** The wave height input carries 98.71% of daylight *CAUTION* decisions under the primary configuration (97.66% under the resolution configuration), which makes its spatial resolution material. The two wave models correlate at *r* = 0.953 across 28,501 valid hourly pairs, but differ in the upper tail: the 50 km model produces a five-year maximum of 2.60 m against 1.84 m for the 8 km model, consistent with a coarse cell averaging open water that the finer model resolves as sheltered by the offshore island group. Holding thresholds fixed, the Level 2 binding rate moves from 5.81% at 50 km to 4.48% at 8 km, and daylight *UNSAFE* from 1,262 hours to 455. Every figure in this section is therefore given for both configurations. The direction is consistent: the coarser model classifies more conservatively, because averaging open water inflates the wave heights experienced by vessels operating inside the sheltered zone. Reporting both quantifies the dependence rather than leaving it as an unexamined assumption, and the 1.3-point spread bounds it.",Original queue location retained. Exact before/after text is in edit-log.json; category is not an empirical validation claim.
376,publications/active/ipsci-2026/submissions/v3-revision/manuscript-v3.md,Empirical Characterisation,466,50,result,State/admissible-set characterisation; scope as stated in source text,data/c8/canonical-results-post-migration.txt; docs/canonical/report-c8-migration-2026-09-08.md,current,retained,"**Result 5 — resolution sensitivity.** The wave height input carries 98.71% of daylight *CAUTION* decisions under the primary configuration (97.66% under the resolution configuration), which makes its spatial resolution material. The two wave models correlate at *r* = 0.953 across 28,501 valid hourly pairs, but differ in the upper tail: the 50 km model produces a five-year maximum of 2.60 m against 1.84 m for the 8 km model, consistent with a coarse cell averaging open water that the finer model resolves as sheltered by the offshore island group. Holding thresholds fixed, the Level 2 binding rate moves from 5.81% at 50 km to 4.48% at 8 km, and daylight *UNSAFE* from 1,262 hours to 455. Every figure in this section is therefore given for both configurations. The direction is consistent: the coarser model classifies more conservatively, because averaging open water inflates the wave heights experienced by vessels operating inside the sheltered zone. Reporting both quantifies the dependence rather than leaving it as an unexamined assumption, and the 1.3-point spread bounds it.",Original queue location retained. Exact before/after text is in edit-log.json; category is not an empirical validation claim.
377,publications/active/ipsci-2026/submissions/v3-revision/manuscript-v3.md,Empirical Characterisation,466,2.60,result,State/admissible-set characterisation; scope as stated in source text,data/c8/canonical-results-post-migration.txt; docs/canonical/report-c8-migration-2026-09-08.md,current,retained,"**Result 5 — resolution sensitivity.** The wave height input carries 98.71% of daylight *CAUTION* decisions under the primary configuration (97.66% under the resolution configuration), which makes its spatial resolution material. The two wave models correlate at *r* = 0.953 across 28,501 valid hourly pairs, but differ in the upper tail: the 50 km model produces a five-year maximum of 2.60 m against 1.84 m for the 8 km model, consistent with a coarse cell averaging open water that the finer model resolves as sheltered by the offshore island group. Holding thresholds fixed, the Level 2 binding rate moves from 5.81% at 50 km to 4.48% at 8 km, and daylight *UNSAFE* from 1,262 hours to 455. Every figure in this section is therefore given for both configurations. The direction is consistent: the coarser model classifies more conservatively, because averaging open water inflates the wave heights experienced by vessels operating inside the sheltered zone. Reporting both quantifies the dependence rather than leaving it as an unexamined assumption, and the 1.3-point spread bounds it.",Original queue location retained. Exact before/after text is in edit-log.json; category is not an empirical validation claim.
378,publications/active/ipsci-2026/submissions/v3-revision/manuscript-v3.md,Empirical Characterisation,466,1.84,result,State/admissible-set characterisation; scope as stated in source text,data/c8/canonical-results-post-migration.txt; docs/canonical/report-c8-migration-2026-09-08.md,current,retained,"**Result 5 — resolution sensitivity.** The wave height input carries 98.71% of daylight *CAUTION* decisions under the primary configuration (97.66% under the resolution configuration), which makes its spatial resolution material. The two wave models correlate at *r* = 0.953 across 28,501 valid hourly pairs, but differ in the upper tail: the 50 km model produces a five-year maximum of 2.60 m against 1.84 m for the 8 km model, consistent with a coarse cell averaging open water that the finer model resolves as sheltered by the offshore island group. Holding thresholds fixed, the Level 2 binding rate moves from 5.81% at 50 km to 4.48% at 8 km, and daylight *UNSAFE* from 1,262 hours to 455. Every figure in this section is therefore given for both configurations. The direction is consistent: the coarser model classifies more conservatively, because averaging open water inflates the wave heights experienced by vessels operating inside the sheltered zone. Reporting both quantifies the dependence rather than leaving it as an unexamined assumption, and the 1.3-point spread bounds it.",Original queue location retained. Exact before/after text is in edit-log.json; category is not an empirical validation claim.
379,publications/active/ipsci-2026/submissions/v3-revision/manuscript-v3.md,Empirical Characterisation,466,8,result,State/admissible-set characterisation; scope as stated in source text,data/c8/canonical-results-post-migration.txt; docs/canonical/report-c8-migration-2026-09-08.md,current,retained,"**Result 5 — resolution sensitivity.** The wave height input carries 98.71% of daylight *CAUTION* decisions under the primary configuration (97.66% under the resolution configuration), which makes its spatial resolution material. The two wave models correlate at *r* = 0.953 across 28,501 valid hourly pairs, but differ in the upper tail: the 50 km model produces a five-year maximum of 2.60 m against 1.84 m for the 8 km model, consistent with a coarse cell averaging open water that the finer model resolves as sheltered by the offshore island group. Holding thresholds fixed, the Level 2 binding rate moves from 5.81% at 50 km to 4.48% at 8 km, and daylight *UNSAFE* from 1,262 hours to 455. Every figure in this section is therefore given for both configurations. The direction is consistent: the coarser model classifies more conservatively, because averaging open water inflates the wave heights experienced by vessels operating inside the sheltered zone. Reporting both quantifies the dependence rather than leaving it as an unexamined assumption, and the 1.3-point spread bounds it.",Original queue location retained. Exact before/after text is in edit-log.json; category is not an empirical validation claim.
380,publications/active/ipsci-2026/submissions/v3-revision/manuscript-v3.md,Empirical Characterisation,466,2,result,State/admissible-set characterisation; scope as stated in source text,data/c8/canonical-results-post-migration.txt; docs/canonical/report-c8-migration-2026-09-08.md,current,retained,"**Result 5 — resolution sensitivity.** The wave height input carries 98.71% of daylight *CAUTION* decisions under the primary configuration (97.66% under the resolution configuration), which makes its spatial resolution material. The two wave models correlate at *r* = 0.953 across 28,501 valid hourly pairs, but differ in the upper tail: the 50 km model produces a five-year maximum of 2.60 m against 1.84 m for the 8 km model, consistent with a coarse cell averaging open water that the finer model resolves as sheltered by the offshore island group. Holding thresholds fixed, the Level 2 binding rate moves from 5.81% at 50 km to 4.48% at 8 km, and daylight *UNSAFE* from 1,262 hours to 455. Every figure in this section is therefore given for both configurations. The direction is consistent: the coarser model classifies more conservatively, because averaging open water inflates the wave heights experienced by vessels operating inside the sheltered zone. Reporting both quantifies the dependence rather than leaving it as an unexamined assumption, and the 1.3-point spread bounds it.",Original queue location retained. Exact before/after text is in edit-log.json; category is not an empirical validation claim.
381,publications/active/ipsci-2026/submissions/v3-revision/manuscript-v3.md,Empirical Characterisation,466,5.81%,result,State/admissible-set characterisation; scope as stated in source text,data/c8/canonical-results-post-migration.txt; docs/canonical/report-c8-migration-2026-09-08.md,current,retained,"**Result 5 — resolution sensitivity.** The wave height input carries 98.71% of daylight *CAUTION* decisions under the primary configuration (97.66% under the resolution configuration), which makes its spatial resolution material. The two wave models correlate at *r* = 0.953 across 28,501 valid hourly pairs, but differ in the upper tail: the 50 km model produces a five-year maximum of 2.60 m against 1.84 m for the 8 km model, consistent with a coarse cell averaging open water that the finer model resolves as sheltered by the offshore island group. Holding thresholds fixed, the Level 2 binding rate moves from 5.81% at 50 km to 4.48% at 8 km, and daylight *UNSAFE* from 1,262 hours to 455. Every figure in this section is therefore given for both configurations. The direction is consistent: the coarser model classifies more conservatively, because averaging open water inflates the wave heights experienced by vessels operating inside the sheltered zone. Reporting both quantifies the dependence rather than leaving it as an unexamined assumption, and the 1.3-point spread bounds it.",Original queue location retained. Exact before/after text is in edit-log.json; category is not an empirical validation claim.
382,publications/active/ipsci-2026/submissions/v3-revision/manuscript-v3.md,Empirical Characterisation,466,50,result,State/admissible-set characterisation; scope as stated in source text,data/c8/canonical-results-post-migration.txt; docs/canonical/report-c8-migration-2026-09-08.md,current,retained,"**Result 5 — resolution sensitivity.** The wave height input carries 98.71% of daylight *CAUTION* decisions under the primary configuration (97.66% under the resolution configuration), which makes its spatial resolution material. The two wave models correlate at *r* = 0.953 across 28,501 valid hourly pairs, but differ in the upper tail: the 50 km model produces a five-year maximum of 2.60 m against 1.84 m for the 8 km model, consistent with a coarse cell averaging open water that the finer model resolves as sheltered by the offshore island group. Holding thresholds fixed, the Level 2 binding rate moves from 5.81% at 50 km to 4.48% at 8 km, and daylight *UNSAFE* from 1,262 hours to 455. Every figure in this section is therefore given for both configurations. The direction is consistent: the coarser model classifies more conservatively, because averaging open water inflates the wave heights experienced by vessels operating inside the sheltered zone. Reporting both quantifies the dependence rather than leaving it as an unexamined assumption, and the 1.3-point spread bounds it.",Original queue location retained. Exact before/after text is in edit-log.json; category is not an empirical validation claim.
383,publications/active/ipsci-2026/submissions/v3-revision/manuscript-v3.md,Empirical Characterisation,466,4.48%,result,State/admissible-set characterisation; scope as stated in source text,data/c8/canonical-results-post-migration.txt; docs/canonical/report-c8-migration-2026-09-08.md,current,retained,"**Result 5 — resolution sensitivity.** The wave height input carries 98.71% of daylight *CAUTION* decisions under the primary configuration (97.66% under the resolution configuration), which makes its spatial resolution material. The two wave models correlate at *r* = 0.953 across 28,501 valid hourly pairs, but differ in the upper tail: the 50 km model produces a five-year maximum of 2.60 m against 1.84 m for the 8 km model, consistent with a coarse cell averaging open water that the finer model resolves as sheltered by the offshore island group. Holding thresholds fixed, the Level 2 binding rate moves from 5.81% at 50 km to 4.48% at 8 km, and daylight *UNSAFE* from 1,262 hours to 455. Every figure in this section is therefore given for both configurations. The direction is consistent: the coarser model classifies more conservatively, because averaging open water inflates the wave heights experienced by vessels operating inside the sheltered zone. Reporting both quantifies the dependence rather than leaving it as an unexamined assumption, and the 1.3-point spread bounds it.",Original queue location retained. Exact before/after text is in edit-log.json; category is not an empirical validation claim.
384,publications/active/ipsci-2026/submissions/v3-revision/manuscript-v3.md,Empirical Characterisation,466,8,result,State/admissible-set characterisation; scope as stated in source text,data/c8/canonical-results-post-migration.txt; docs/canonical/report-c8-migration-2026-09-08.md,current,retained,"**Result 5 — resolution sensitivity.** The wave height input carries 98.71% of daylight *CAUTION* decisions under the primary configuration (97.66% under the resolution configuration), which makes its spatial resolution material. The two wave models correlate at *r* = 0.953 across 28,501 valid hourly pairs, but differ in the upper tail: the 50 km model produces a five-year maximum of 2.60 m against 1.84 m for the 8 km model, consistent with a coarse cell averaging open water that the finer model resolves as sheltered by the offshore island group. Holding thresholds fixed, the Level 2 binding rate moves from 5.81% at 50 km to 4.48% at 8 km, and daylight *UNSAFE* from 1,262 hours to 455. Every figure in this section is therefore given for both configurations. The direction is consistent: the coarser model classifies more conservatively, because averaging open water inflates the wave heights experienced by vessels operating inside the sheltered zone. Reporting both quantifies the dependence rather than leaving it as an unexamined assumption, and the 1.3-point spread bounds it.",Original queue location retained. Exact before/after text is in edit-log.json; category is not an empirical validation claim.
385,publications/active/ipsci-2026/submissions/v3-revision/manuscript-v3.md,Empirical Characterisation,466,"1,262",result,State/admissible-set characterisation; scope as stated in source text,data/c8/canonical-results-post-migration.txt; docs/canonical/report-c8-migration-2026-09-08.md,current,retained,"**Result 5 — resolution sensitivity.** The wave height input carries 98.71% of daylight *CAUTION* decisions under the primary configuration (97.66% under the resolution configuration), which makes its spatial resolution material. The two wave models correlate at *r* = 0.953 across 28,501 valid hourly pairs, but differ in the upper tail: the 50 km model produces a five-year maximum of 2.60 m against 1.84 m for the 8 km model, consistent with a coarse cell averaging open water that the finer model resolves as sheltered by the offshore island group. Holding thresholds fixed, the Level 2 binding rate moves from 5.81% at 50 km to 4.48% at 8 km, and daylight *UNSAFE* from 1,262 hours to 455. Every figure in this section is therefore given for both configurations. The direction is consistent: the coarser model classifies more conservatively, because averaging open water inflates the wave heights experienced by vessels operating inside the sheltered zone. Reporting both quantifies the dependence rather than leaving it as an unexamined assumption, and the 1.3-point spread bounds it.",Original queue location retained. Exact before/after text is in edit-log.json; category is not an empirical validation claim.
386,publications/active/ipsci-2026/submissions/v3-revision/manuscript-v3.md,Empirical Characterisation,466,455,result,State/admissible-set characterisation; scope as stated in source text,data/c8/canonical-results-post-migration.txt; docs/canonical/report-c8-migration-2026-09-08.md,current,retained,"**Result 5 — resolution sensitivity.** The wave height input carries 98.71% of daylight *CAUTION* decisions under the primary configuration (97.66% under the resolution configuration), which makes its spatial resolution material. The two wave models correlate at *r* = 0.953 across 28,501 valid hourly pairs, but differ in the upper tail: the 50 km model produces a five-year maximum of 2.60 m against 1.84 m for the 8 km model, consistent with a coarse cell averaging open water that the finer model resolves as sheltered by the offshore island group. Holding thresholds fixed, the Level 2 binding rate moves from 5.81% at 50 km to 4.48% at 8 km, and daylight *UNSAFE* from 1,262 hours to 455. Every figure in this section is therefore given for both configurations. The direction is consistent: the coarser model classifies more conservatively, because averaging open water inflates the wave heights experienced by vessels operating inside the sheltered zone. Reporting both quantifies the dependence rather than leaving it as an unexamined assumption, and the 1.3-point spread bounds it.",Original queue location retained. Exact before/after text is in edit-log.json; category is not an empirical validation claim.
387,publications/active/ipsci-2026/submissions/v3-revision/manuscript-v3.md,Empirical Characterisation,466,1.3,result,State/admissible-set characterisation; scope as stated in source text,data/c8/canonical-results-post-migration.txt; docs/canonical/report-c8-migration-2026-09-08.md,current,retained,"**Result 5 — resolution sensitivity.** The wave height input carries 98.71% of daylight *CAUTION* decisions under the primary configuration (97.66% under the resolution configuration), which makes its spatial resolution material. The two wave models correlate at *r* = 0.953 across 28,501 valid hourly pairs, but differ in the upper tail: the 50 km model produces a five-year maximum of 2.60 m against 1.84 m for the 8 km model, consistent with a coarse cell averaging open water that the finer model resolves as sheltered by the offshore island group. Holding thresholds fixed, the Level 2 binding rate moves from 5.81% at 50 km to 4.48% at 8 km, and daylight *UNSAFE* from 1,262 hours to 455. Every figure in this section is therefore given for both configurations. The direction is consistent: the coarser model classifies more conservatively, because averaging open water inflates the wave heights experienced by vessels operating inside the sheltered zone. Reporting both quantifies the dependence rather than leaving it as an unexamined assumption, and the 1.3-point spread bounds it.",Original queue location retained. Exact before/after text is in edit-log.json; category is not an empirical validation claim.
397,publications/active/ipsci-2026/submissions/v3-revision/manuscript-v3.md,Empirical Characterisation,474,24.64%,result,State/admissible-set characterisation; scope as stated in source text,docs/canonical/report-c8-migration-2026-09-08.md; data/c8/canonical-results-post-migration.txt,stale,changed,| **C0 ungated** | — | 24.64% | 24.64% | 32.36% |,Original queue location retained. Exact before/after text is in edit-log.json; category is not an empirical validation claim.
398,publications/active/ipsci-2026/submissions/v3-revision/manuscript-v3.md,Empirical Characterisation,474,24.64%,result,State/admissible-set characterisation; scope as stated in source text,docs/canonical/report-c8-migration-2026-09-08.md; data/c8/canonical-results-post-migration.txt,stale,changed,| **C0 ungated** | — | 24.64% | 24.64% | 32.36% |,Original queue location retained. Exact before/after text is in edit-log.json; category is not an empirical validation claim.
399,publications/active/ipsci-2026/submissions/v3-revision/manuscript-v3.md,Empirical Characterisation,474,32.36%,result,State/admissible-set characterisation; scope as stated in source text,docs/canonical/report-c8-migration-2026-09-08.md; data/c8/canonical-results-post-migration.txt,stale,changed,| **C0 ungated** | — | 24.64% | 24.64% | 32.36% |,Original queue location retained. Exact before/after text is in edit-log.json; category is not an empirical validation claim.
400,publications/active/ipsci-2026/submissions/v3-revision/manuscript-v3.md,Empirical Characterisation,475,42.88%,result,State/admissible-set characterisation; scope as stated in source text,data/c8/canonical-results-post-migration.txt; docs/canonical/report-c8-migration-2026-09-08.md,current,retained,| **C1 binary** | 42.88% | — | **0.00%** | 5.81% |,Original queue location retained. Exact before/after text is in edit-log.json; category is not an empirical validation claim.
401,publications/active/ipsci-2026/submissions/v3-revision/manuscript-v3.md,Empirical Characterisation,475,0.00%,result,State/admissible-set characterisation; scope as stated in source text,data/c8/canonical-results-post-migration.txt; docs/canonical/report-c8-migration-2026-09-08.md,current,retained,| **C1 binary** | 42.88% | — | **0.00%** | 5.81% |,Original queue location retained. Exact before/after text is in edit-log.json; category is not an empirical validation claim.
402,publications/active/ipsci-2026/submissions/v3-revision/manuscript-v3.md,Empirical Characterisation,475,5.81%,result,State/admissible-set characterisation; scope as stated in source text,data/c8/canonical-results-post-migration.txt; docs/canonical/report-c8-migration-2026-09-08.md,current,retained,| **C1 binary** | 42.88% | — | **0.00%** | 5.81% |,Original queue location retained. Exact before/after text is in edit-log.json; category is not an empirical validation claim.
403,publications/active/ipsci-2026/submissions/v3-revision/manuscript-v3.md,Empirical Characterisation,476,42.88%,result,State/admissible-set characterisation; scope as stated in source text,data/c8/canonical-results-post-migration.txt; docs/canonical/report-c8-migration-2026-09-08.md,current,retained,| **C3 traffic-light** | 42.88% | 0.00% | — | 5.81% |,Original queue location retained. Exact before/after text is in edit-log.json; category is not an empirical validation claim.
404,publications/active/ipsci-2026/submissions/v3-revision/manuscript-v3.md,Empirical Characterisation,476,0.00%,result,State/admissible-set characterisation; scope as stated in source text,data/c8/canonical-results-post-migration.txt; docs/canonical/report-c8-migration-2026-09-08.md,current,retained,| **C3 traffic-light** | 42.88% | 0.00% | — | 5.81% |,Original queue location retained. Exact before/after text is in edit-log.json; category is not an empirical validation claim.
405,publications/active/ipsci-2026/submissions/v3-revision/manuscript-v3.md,Empirical Characterisation,476,5.81%,result,State/admissible-set characterisation; scope as stated in source text,data/c8/canonical-results-post-migration.txt; docs/canonical/report-c8-migration-2026-09-08.md,current,retained,| **C3 traffic-light** | 42.88% | 0.00% | — | 5.81% |,Original queue location retained. Exact before/after text is in edit-log.json; category is not an empirical validation claim.
406,publications/active/ipsci-2026/submissions/v3-revision/manuscript-v3.md,Empirical Characterisation,477,48.69%,result,State/admissible-set characterisation; scope as stated in source text,data/c8/canonical-results-post-migration.txt; docs/canonical/report-c8-migration-2026-09-08.md,current,retained,| **C2 proposed** | 48.69% | 5.81% | 5.81% | — |,Original queue location retained. Exact before/after text is in edit-log.json; category is not an empirical validation claim.
407,publications/active/ipsci-2026/submissions/v3-revision/manuscript-v3.md,Empirical Characterisation,477,5.81%,result,State/admissible-set characterisation; scope as stated in source text,data/c8/canonical-results-post-migration.txt; docs/canonical/report-c8-migration-2026-09-08.md,current,retained,| **C2 proposed** | 48.69% | 5.81% | 5.81% | — |,Original queue location retained. Exact before/after text is in edit-log.json; category is not an empirical validation claim.
408,publications/active/ipsci-2026/submissions/v3-revision/manuscript-v3.md,Empirical Characterisation,477,5.81%,result,State/admissible-set characterisation; scope as stated in source text,data/c8/canonical-results-post-migration.txt; docs/canonical/report-c8-migration-2026-09-08.md,current,retained,| **C2 proposed** | 48.69% | 5.81% | 5.81% | — |,Original queue location retained. Exact before/after text is in edit-log.json; category is not an empirical validation claim.
409,publications/active/ipsci-2026/submissions/v3-revision/manuscript-v3.md,Empirical Characterisation,479,0.00%,result,State/admissible-set characterisation; scope as stated in source text,data/c8/canonical-results-post-migration.txt; docs/canonical/report-c8-migration-2026-09-08.md,current,retained,"**C3 and C1 never diverge — 0.00% in both configurations, across every hour of both records, and 0.00% within the departure window in each.** The result does not move with the wave model because it is a property of the mapping from classification to admissible set, not of the data. A three-level classification whose intermediate level governs supervisory response rather than advisory scope produces, at the AI output, exactly what a two-level gate produces. The third level is not observable in what the system is permitted to recommend. This is the review's claim restated as a measurement: the gap is structural, not a matter of degree.",Original queue location retained. Exact before/after text is in edit-log.json; category is not an empirical validation claim.
410,publications/active/ipsci-2026/submissions/v3-revision/manuscript-v3.md,Empirical Characterisation,479,0.00%,result,State/admissible-set characterisation; scope as stated in source text,data/c8/canonical-results-post-migration.txt; docs/canonical/report-c8-migration-2026-09-08.md,current,retained,"**C3 and C1 never diverge — 0.00% in both configurations, across every hour of both records, and 0.00% within the departure window in each.** The result does not move with the wave model because it is a property of the mapping from classification to admissible set, not of the data. A three-level classification whose intermediate level governs supervisory response rather than advisory scope produces, at the AI output, exactly what a two-level gate produces. The third level is not observable in what the system is permitted to recommend. This is the review's claim restated as a measurement: the gap is structural, not a matter of degree.",Original queue location retained. Exact before/after text is in edit-log.json; category is not an empirical validation claim.
411,publications/active/ipsci-2026/submissions/v3-revision/manuscript-v3.md,Empirical Characterisation,481,42.88%,result,State/admissible-set characterisation; scope as stated in source text,data/c8/canonical-results-post-migration.txt; docs/canonical/report-c8-migration-2026-09-08.md,current,retained,"The comparison also isolates the two governance levels. C0 against C1 differs on 42.88% of departure hours, which is the contribution of the participation gate alone. C0 against C2 differs on 48.69%. The **5.81% difference between them is attributable to Level 2 alone** (4.48% under the resolution configuration) — advisory scope restriction, operating in hours where every other condition, including the traffic-light baseline, leaves the full recommendation set available.",Original queue location retained. Exact before/after text is in edit-log.json; category is not an empirical validation claim.
412,publications/active/ipsci-2026/submissions/v3-revision/manuscript-v3.md,Empirical Characterisation,481,48.69%,result,State/admissible-set characterisation; scope as stated in source text,data/c8/canonical-results-post-migration.txt; docs/canonical/report-c8-migration-2026-09-08.md,current,retained,"The comparison also isolates the two governance levels. C0 against C1 differs on 42.88% of departure hours, which is the contribution of the participation gate alone. C0 against C2 differs on 48.69%. The **5.81% difference between them is attributable to Level 2 alone** (4.48% under the resolution configuration) — advisory scope restriction, operating in hours where every other condition, including the traffic-light baseline, leaves the full recommendation set available.",Original queue location retained. Exact before/after text is in edit-log.json; category is not an empirical validation claim.
413,publications/active/ipsci-2026/submissions/v3-revision/manuscript-v3.md,Empirical Characterisation,481,5.81%,result,State/admissible-set characterisation; scope as stated in source text,data/c8/canonical-results-post-migration.txt; docs/canonical/report-c8-migration-2026-09-08.md,current,retained,"The comparison also isolates the two governance levels. C0 against C1 differs on 42.88% of departure hours, which is the contribution of the participation gate alone. C0 against C2 differs on 48.69%. The **5.81% difference between them is attributable to Level 2 alone** (4.48% under the resolution configuration) — advisory scope restriction, operating in hours where every other condition, including the traffic-light baseline, leaves the full recommendation set available.",Original queue location retained. Exact before/after text is in edit-log.json; category is not an empirical validation claim.
414,publications/active/ipsci-2026/submissions/v3-revision/manuscript-v3.md,Empirical Characterisation,481,2,result,State/admissible-set characterisation; scope as stated in source text,data/c8/canonical-results-post-migration.txt; docs/canonical/report-c8-migration-2026-09-08.md,current,retained,"The comparison also isolates the two governance levels. C0 against C1 differs on 42.88% of departure hours, which is the contribution of the participation gate alone. C0 against C2 differs on 48.69%. The **5.81% difference between them is attributable to Level 2 alone** (4.48% under the resolution configuration) — advisory scope restriction, operating in hours where every other condition, including the traffic-light baseline, leaves the full recommendation set available.",Original queue location retained. Exact before/after text is in edit-log.json; category is not an empirical validation claim.
415,publications/active/ipsci-2026/submissions/v3-revision/manuscript-v3.md,Empirical Characterisation,481,4.48%,result,State/admissible-set characterisation; scope as stated in source text,data/c8/canonical-results-post-migration.txt; docs/canonical/report-c8-migration-2026-09-08.md,current,retained,"The comparison also isolates the two governance levels. C0 against C1 differs on 42.88% of departure hours, which is the contribution of the participation gate alone. C0 against C2 differs on 48.69%. The **5.81% difference between them is attributable to Level 2 alone** (4.48% under the resolution configuration) — advisory scope restriction, operating in hours where every other condition, including the traffic-light baseline, leaves the full recommendation set available.",Original queue location retained. Exact before/after text is in edit-log.json; category is not an empirical validation claim.
416,publications/active/ipsci-2026/submissions/v3-revision/manuscript-v3.md,Empirical Characterisation,485,7.7%,result,State/admissible-set characterisation; scope as stated in source text,docs/canonical/report-c8-migration-2026-09-08.md; data/c8/canonical-results-post-migration.txt; docs/canonical/report-c8-migration-2026-09-08.md §§11–14,stale,changed,"**What these results do not establish.** No incident record exists for the deployment site — no accident reports, no capsizings, no near-misses against which classifications could be scored. This is a **characterisation, not a validation**: the results establish that the architecture would have restricted advisory scope on 7.7% of departure mornings, and not that those were the correct mornings to restrict. Establishing correctness would require outcome data that does not exist for this site, and no further environmental data collection can substitute for it. The formal guarantees in Section IV are unaffected, since they are proved from the structure of the governance pair rather than from threshold values; what remains unvalidated is the domain instantiation, not the architecture.",Original queue location retained. Exact before/after text is in edit-log.json; category is not an empirical validation claim.
422,publications/active/ipsci-2026/submissions/v3-revision/manuscript-v3.md,Deployment Challenges and Limitations,504,1,result,State/admissible-set characterisation; scope as stated in source text,docs/canonical/report-c8-migration-2026-09-08.md; data/c8/canonical-results-post-migration.txt; data/c5/c5-three-stage-deltas.json; docs/canonical/appendix-c-formalisation.md C.1b; docs/canonical/appendix-c-formalisation.md C.2/C.9,stale,changed,"Four deployment challenges are anticipated in the target context. **Connectivity.** The architecture is designed offline-first: the governance classifier f(E) and reasoning engine RS(S) must operate without real-time API access. Environmental data may be pre-cached or sourced from local sensors. The fail-safe rule — if any component resolves to ⊥, f(E) = UNSAFE — ensures graceful degradation when a data feed is unavailable; the system defaults to the most restrictive governance state rather than failing open. This is a **derived corollary** of operational totality (Theorem C.1b), not a separate pre-condition check: ⊥ classifies UNSAFE and UNSAFE is maximal under the severity order, so the fail-safe follows from the aggregation rule itself. A permanently unavailable data source is treated differently — as a **declared scope exclusion** rather than a continuous fault — because treating it as a fault would classify every hour UNSAFE and make the system unusable. **Hardware constraints.** The target deployment hardware is commodity smartphones or low-cost single-board computers (under USD 50). The O(1) governance layer and O(n) rule engine both execute without GPU or cloud compute, and the storage footprint for RS(SAFE) and RS(CAUTION) is minimal. **Threshold maintenance.** Classification thresholds (g_w, g_o, and others) are anchored to MET Malaysia published criteria. As climate patterns shift or MET Malaysia revises its warning thresholds, the gᵢ definitions and corresponding RS(S) must be recalibrated. Any recalibration must preserve the containment property A_AI(SAFE) ⊃ A_AI(CAUTION) ⊃ A_AI(UNSAFE) = ∅, which is a structural constraint on the recalibration process rather than a property of the thresholds themselves. **Mode-chattering.** At classification boundaries, rapid oscillation of S would in principle produce unstable advisory output, and dual-threshold hysteresis is the standard mitigation: a transition from SAFE to CAUTION requires exceedance of the upper threshold, and the return transition requires recovery below a lower one. **Measured against five years of hourly environmental data at the deployment site, this concern is not borne out.** Of 5,416 state transitions, 95.8% are scheduled clock events at the time-of-day boundaries; only 227 are condition-driven, and genuine A→B→A round trips within three hours number 70 across the whole period — fourteen per year. Adding dual-threshold hysteresis with a 10% return margin reduces condition-driven transitions by 6.2%. Hysteresis is therefore retained as a low-cost precaution rather than a demonstrated necessity. This result is bounded by the hourly resolution of the data: sub-hourly oscillation is invisible to it, and a deployment sampling at minute scale could reach a different conclusion.",Original queue location retained. Exact before/after text is in edit-log.json; category is not an empirical validation claim.
424,publications/active/ipsci-2026/submissions/v3-revision/manuscript-v3.md,Deployment Challenges and Limitations,504,1,result,State/admissible-set characterisation; scope as stated in source text,docs/canonical/report-c8-migration-2026-09-08.md; data/c8/canonical-results-post-migration.txt; data/c5/c5-three-stage-deltas.json; docs/canonical/appendix-c-formalisation.md C.1b; docs/canonical/appendix-c-formalisation.md C.2/C.9,stale,changed,"Four deployment challenges are anticipated in the target context. **Connectivity.** The architecture is designed offline-first: the governance classifier f(E) and reasoning engine RS(S) must operate without real-time API access. Environmental data may be pre-cached or sourced from local sensors. The fail-safe rule — if any component resolves to ⊥, f(E) = UNSAFE — ensures graceful degradation when a data feed is unavailable; the system defaults to the most restrictive governance state rather than failing open. This is a **derived corollary** of operational totality (Theorem C.1b), not a separate pre-condition check: ⊥ classifies UNSAFE and UNSAFE is maximal under the severity order, so the fail-safe follows from the aggregation rule itself. A permanently unavailable data source is treated differently — as a **declared scope exclusion** rather than a continuous fault — because treating it as a fault would classify every hour UNSAFE and make the system unusable. **Hardware constraints.** The target deployment hardware is commodity smartphones or low-cost single-board computers (under USD 50). The O(1) governance layer and O(n) rule engine both execute without GPU or cloud compute, and the storage footprint for RS(SAFE) and RS(CAUTION) is minimal. **Threshold maintenance.** Classification thresholds (g_w, g_o, and others) are anchored to MET Malaysia published criteria. As climate patterns shift or MET Malaysia revises its warning thresholds, the gᵢ definitions and corresponding RS(S) must be recalibrated. Any recalibration must preserve the containment property A_AI(SAFE) ⊃ A_AI(CAUTION) ⊃ A_AI(UNSAFE) = ∅, which is a structural constraint on the recalibration process rather than a property of the thresholds themselves. **Mode-chattering.** At classification boundaries, rapid oscillation of S would in principle produce unstable advisory output, and dual-threshold hysteresis is the standard mitigation: a transition from SAFE to CAUTION requires exceedance of the upper threshold, and the return transition requires recovery below a lower one. **Measured against five years of hourly environmental data at the deployment site, this concern is not borne out.** Of 5,416 state transitions, 95.8% are scheduled clock events at the time-of-day boundaries; only 227 are condition-driven, and genuine A→B→A round trips within three hours number 70 across the whole period — fourteen per year. Adding dual-threshold hysteresis with a 10% return margin reduces condition-driven transitions by 6.2%. Hysteresis is therefore retained as a low-cost precaution rather than a demonstrated necessity. This result is bounded by the hourly resolution of the data: sub-hourly oscillation is invisible to it, and a deployment sampling at minute scale could reach a different conclusion.",Original queue location retained. Exact before/after text is in edit-log.json; category is not an empirical validation claim.
425,publications/active/ipsci-2026/submissions/v3-revision/manuscript-v3.md,Deployment Challenges and Limitations,504,"5,416",result,State/admissible-set characterisation; scope as stated in source text,docs/canonical/report-c8-migration-2026-09-08.md; data/c8/canonical-results-post-migration.txt; data/c5/c5-three-stage-deltas.json; docs/canonical/appendix-c-formalisation.md C.1b; docs/canonical/appendix-c-formalisation.md C.2/C.9,stale,changed,"Four deployment challenges are anticipated in the target context. **Connectivity.** The architecture is designed offline-first: the governance classifier f(E) and reasoning engine RS(S) must operate without real-time API access. Environmental data may be pre-cached or sourced from local sensors. The fail-safe rule — if any component resolves to ⊥, f(E) = UNSAFE — ensures graceful degradation when a data feed is unavailable; the system defaults to the most restrictive governance state rather than failing open. This is a **derived corollary** of operational totality (Theorem C.1b), not a separate pre-condition check: ⊥ classifies UNSAFE and UNSAFE is maximal under the severity order, so the fail-safe follows from the aggregation rule itself. A permanently unavailable data source is treated differently — as a **declared scope exclusion** rather than a continuous fault — because treating it as a fault would classify every hour UNSAFE and make the system unusable. **Hardware constraints.** The target deployment hardware is commodity smartphones or low-cost single-board computers (under USD 50). The O(1) governance layer and O(n) rule engine both execute without GPU or cloud compute, and the storage footprint for RS(SAFE) and RS(CAUTION) is minimal. **Threshold maintenance.** Classification thresholds (g_w, g_o, and others) are anchored to MET Malaysia published criteria. As climate patterns shift or MET Malaysia revises its warning thresholds, the gᵢ definitions and corresponding RS(S) must be recalibrated. Any recalibration must preserve the containment property A_AI(SAFE) ⊃ A_AI(CAUTION) ⊃ A_AI(UNSAFE) = ∅, which is a structural constraint on the recalibration process rather than a property of the thresholds themselves. **Mode-chattering.** At classification boundaries, rapid oscillation of S would in principle produce unstable advisory output, and dual-threshold hysteresis is the standard mitigation: a transition from SAFE to CAUTION requires exceedance of the upper threshold, and the return transition requires recovery below a lower one. **Measured against five years of hourly environmental data at the deployment site, this concern is not borne out.** Of 5,416 state transitions, 95.8% are scheduled clock events at the time-of-day boundaries; only 227 are condition-driven, and genuine A→B→A round trips within three hours number 70 across the whole period — fourteen per year. Adding dual-threshold hysteresis with a 10% return margin reduces condition-driven transitions by 6.2%. Hysteresis is therefore retained as a low-cost precaution rather than a demonstrated necessity. This result is bounded by the hourly resolution of the data: sub-hourly oscillation is invisible to it, and a deployment sampling at minute scale could reach a different conclusion.",Original queue location retained. Exact before/after text is in edit-log.json; category is not an empirical validation claim.
426,publications/active/ipsci-2026/submissions/v3-revision/manuscript-v3.md,Deployment Challenges and Limitations,504,95.8%,result,"scheduled transitions / all transitions, no hysteresis",docs/canonical/report-c8-migration-2026-09-08.md; data/c8/canonical-results-post-migration.txt; data/c5/c5-three-stage-deltas.json; docs/canonical/appendix-c-formalisation.md C.1b; docs/canonical/appendix-c-formalisation.md C.2/C.9,stale,changed,"Four deployment challenges are anticipated in the target context. **Connectivity.** The architecture is designed offline-first: the governance classifier f(E) and reasoning engine RS(S) must operate without real-time API access. Environmental data may be pre-cached or sourced from local sensors. The fail-safe rule — if any component resolves to ⊥, f(E) = UNSAFE — ensures graceful degradation when a data feed is unavailable; the system defaults to the most restrictive governance state rather than failing open. This is a **derived corollary** of operational totality (Theorem C.1b), not a separate pre-condition check: ⊥ classifies UNSAFE and UNSAFE is maximal under the severity order, so the fail-safe follows from the aggregation rule itself. A permanently unavailable data source is treated differently — as a **declared scope exclusion** rather than a continuous fault — because treating it as a fault would classify every hour UNSAFE and make the system unusable. **Hardware constraints.** The target deployment hardware is commodity smartphones or low-cost single-board computers (under USD 50). The O(1) governance layer and O(n) rule engine both execute without GPU or cloud compute, and the storage footprint for RS(SAFE) and RS(CAUTION) is minimal. **Threshold maintenance.** Classification thresholds (g_w, g_o, and others) are anchored to MET Malaysia published criteria. As climate patterns shift or MET Malaysia revises its warning thresholds, the gᵢ definitions and corresponding RS(S) must be recalibrated. Any recalibration must preserve the containment property A_AI(SAFE) ⊃ A_AI(CAUTION) ⊃ A_AI(UNSAFE) = ∅, which is a structural constraint on the recalibration process rather than a property of the thresholds themselves. **Mode-chattering.** At classification boundaries, rapid oscillation of S would in principle produce unstable advisory output, and dual-threshold hysteresis is the standard mitigation: a transition from SAFE to CAUTION requires exceedance of the upper threshold, and the return transition requires recovery below a lower one. **Measured against five years of hourly environmental data at the deployment site, this concern is not borne out.** Of 5,416 state transitions, 95.8% are scheduled clock events at the time-of-day boundaries; only 227 are condition-driven, and genuine A→B→A round trips within three hours number 70 across the whole period — fourteen per year. Adding dual-threshold hysteresis with a 10% return margin reduces condition-driven transitions by 6.2%. Hysteresis is therefore retained as a low-cost precaution rather than a demonstrated necessity. This result is bounded by the hourly resolution of the data: sub-hourly oscillation is invisible to it, and a deployment sampling at minute scale could reach a different conclusion.",Original queue location retained. Exact before/after text is in edit-log.json; category is not an empirical validation claim.
427,publications/active/ipsci-2026/submissions/v3-revision/manuscript-v3.md,Deployment Challenges and Limitations,504,227,result,State/admissible-set characterisation; scope as stated in source text,docs/canonical/report-c8-migration-2026-09-08.md; data/c8/canonical-results-post-migration.txt; data/c5/c5-three-stage-deltas.json; docs/canonical/appendix-c-formalisation.md C.1b; docs/canonical/appendix-c-formalisation.md C.2/C.9,stale,changed,"Four deployment challenges are anticipated in the target context. **Connectivity.** The architecture is designed offline-first: the governance classifier f(E) and reasoning engine RS(S) must operate without real-time API access. Environmental data may be pre-cached or sourced from local sensors. The fail-safe rule — if any component resolves to ⊥, f(E) = UNSAFE — ensures graceful degradation when a data feed is unavailable; the system defaults to the most restrictive governance state rather than failing open. This is a **derived corollary** of operational totality (Theorem C.1b), not a separate pre-condition check: ⊥ classifies UNSAFE and UNSAFE is maximal under the severity order, so the fail-safe follows from the aggregation rule itself. A permanently unavailable data source is treated differently — as a **declared scope exclusion** rather than a continuous fault — because treating it as a fault would classify every hour UNSAFE and make the system unusable. **Hardware constraints.** The target deployment hardware is commodity smartphones or low-cost single-board computers (under USD 50). The O(1) governance layer and O(n) rule engine both execute without GPU or cloud compute, and the storage footprint for RS(SAFE) and RS(CAUTION) is minimal. **Threshold maintenance.** Classification thresholds (g_w, g_o, and others) are anchored to MET Malaysia published criteria. As climate patterns shift or MET Malaysia revises its warning thresholds, the gᵢ definitions and corresponding RS(S) must be recalibrated. Any recalibration must preserve the containment property A_AI(SAFE) ⊃ A_AI(CAUTION) ⊃ A_AI(UNSAFE) = ∅, which is a structural constraint on the recalibration process rather than a property of the thresholds themselves. **Mode-chattering.** At classification boundaries, rapid oscillation of S would in principle produce unstable advisory output, and dual-threshold hysteresis is the standard mitigation: a transition from SAFE to CAUTION requires exceedance of the upper threshold, and the return transition requires recovery below a lower one. **Measured against five years of hourly environmental data at the deployment site, this concern is not borne out.** Of 5,416 state transitions, 95.8% are scheduled clock events at the time-of-day boundaries; only 227 are condition-driven, and genuine A→B→A round trips within three hours number 70 across the whole period — fourteen per year. Adding dual-threshold hysteresis with a 10% return margin reduces condition-driven transitions by 6.2%. Hysteresis is therefore retained as a low-cost precaution rather than a demonstrated necessity. This result is bounded by the hourly resolution of the data: sub-hourly oscillation is invisible to it, and a deployment sampling at minute scale could reach a different conclusion.",Original queue location retained. Exact before/after text is in edit-log.json; category is not an empirical validation claim.
428,publications/active/ipsci-2026/submissions/v3-revision/manuscript-v3.md,Deployment Challenges and Limitations,504,70,result,State/admissible-set characterisation; scope as stated in source text,docs/canonical/report-c8-migration-2026-09-08.md; data/c8/canonical-results-post-migration.txt; data/c5/c5-three-stage-deltas.json; docs/canonical/appendix-c-formalisation.md C.1b; docs/canonical/appendix-c-formalisation.md C.2/C.9,stale,changed,"Four deployment challenges are anticipated in the target context. **Connectivity.** The architecture is designed offline-first: the governance classifier f(E) and reasoning engine RS(S) must operate without real-time API access. Environmental data may be pre-cached or sourced from local sensors. The fail-safe rule — if any component resolves to ⊥, f(E) = UNSAFE — ensures graceful degradation when a data feed is unavailable; the system defaults to the most restrictive governance state rather than failing open. This is a **derived corollary** of operational totality (Theorem C.1b), not a separate pre-condition check: ⊥ classifies UNSAFE and UNSAFE is maximal under the severity order, so the fail-safe follows from the aggregation rule itself. A permanently unavailable data source is treated differently — as a **declared scope exclusion** rather than a continuous fault — because treating it as a fault would classify every hour UNSAFE and make the system unusable. **Hardware constraints.** The target deployment hardware is commodity smartphones or low-cost single-board computers (under USD 50). The O(1) governance layer and O(n) rule engine both execute without GPU or cloud compute, and the storage footprint for RS(SAFE) and RS(CAUTION) is minimal. **Threshold maintenance.** Classification thresholds (g_w, g_o, and others) are anchored to MET Malaysia published criteria. As climate patterns shift or MET Malaysia revises its warning thresholds, the gᵢ definitions and corresponding RS(S) must be recalibrated. Any recalibration must preserve the containment property A_AI(SAFE) ⊃ A_AI(CAUTION) ⊃ A_AI(UNSAFE) = ∅, which is a structural constraint on the recalibration process rather than a property of the thresholds themselves. **Mode-chattering.** At classification boundaries, rapid oscillation of S would in principle produce unstable advisory output, and dual-threshold hysteresis is the standard mitigation: a transition from SAFE to CAUTION requires exceedance of the upper threshold, and the return transition requires recovery below a lower one. **Measured against five years of hourly environmental data at the deployment site, this concern is not borne out.** Of 5,416 state transitions, 95.8% are scheduled clock events at the time-of-day boundaries; only 227 are condition-driven, and genuine A→B→A round trips within three hours number 70 across the whole period — fourteen per year. Adding dual-threshold hysteresis with a 10% return margin reduces condition-driven transitions by 6.2%. Hysteresis is therefore retained as a low-cost precaution rather than a demonstrated necessity. This result is bounded by the hourly resolution of the data: sub-hourly oscillation is invisible to it, and a deployment sampling at minute scale could reach a different conclusion.",Original queue location retained. Exact before/after text is in edit-log.json; category is not an empirical validation claim.
429,publications/active/ipsci-2026/submissions/v3-revision/manuscript-v3.md,Deployment Challenges and Limitations,504,10%,result,State/admissible-set characterisation; scope as stated in source text,docs/canonical/report-c8-migration-2026-09-08.md; data/c8/canonical-results-post-migration.txt; data/c5/c5-three-stage-deltas.json; docs/canonical/appendix-c-formalisation.md C.1b; docs/canonical/appendix-c-formalisation.md C.2/C.9,stale,changed,"Four deployment challenges are anticipated in the target context. **Connectivity.** The architecture is designed offline-first: the governance classifier f(E) and reasoning engine RS(S) must operate without real-time API access. Environmental data may be pre-cached or sourced from local sensors. The fail-safe rule — if any component resolves to ⊥, f(E) = UNSAFE — ensures graceful degradation when a data feed is unavailable; the system defaults to the most restrictive governance state rather than failing open. This is a **derived corollary** of operational totality (Theorem C.1b), not a separate pre-condition check: ⊥ classifies UNSAFE and UNSAFE is maximal under the severity order, so the fail-safe follows from the aggregation rule itself. A permanently unavailable data source is treated differently — as a **declared scope exclusion** rather than a continuous fault — because treating it as a fault would classify every hour UNSAFE and make the system unusable. **Hardware constraints.** The target deployment hardware is commodity smartphones or low-cost single-board computers (under USD 50). The O(1) governance layer and O(n) rule engine both execute without GPU or cloud compute, and the storage footprint for RS(SAFE) and RS(CAUTION) is minimal. **Threshold maintenance.** Classification thresholds (g_w, g_o, and others) are anchored to MET Malaysia published criteria. As climate patterns shift or MET Malaysia revises its warning thresholds, the gᵢ definitions and corresponding RS(S) must be recalibrated. Any recalibration must preserve the containment property A_AI(SAFE) ⊃ A_AI(CAUTION) ⊃ A_AI(UNSAFE) = ∅, which is a structural constraint on the recalibration process rather than a property of the thresholds themselves. **Mode-chattering.** At classification boundaries, rapid oscillation of S would in principle produce unstable advisory output, and dual-threshold hysteresis is the standard mitigation: a transition from SAFE to CAUTION requires exceedance of the upper threshold, and the return transition requires recovery below a lower one. **Measured against five years of hourly environmental data at the deployment site, this concern is not borne out.** Of 5,416 state transitions, 95.8% are scheduled clock events at the time-of-day boundaries; only 227 are condition-driven, and genuine A→B→A round trips within three hours number 70 across the whole period — fourteen per year. Adding dual-threshold hysteresis with a 10% return margin reduces condition-driven transitions by 6.2%. Hysteresis is therefore retained as a low-cost precaution rather than a demonstrated necessity. This result is bounded by the hourly resolution of the data: sub-hourly oscillation is invisible to it, and a deployment sampling at minute scale could reach a different conclusion.",Original queue location retained. Exact before/after text is in edit-log.json; category is not an empirical validation claim.
430,publications/active/ipsci-2026/submissions/v3-revision/manuscript-v3.md,Deployment Challenges and Limitations,504,6.2%,result,State/admissible-set characterisation; scope as stated in source text,docs/canonical/report-c8-migration-2026-09-08.md; data/c8/canonical-results-post-migration.txt; data/c5/c5-three-stage-deltas.json; docs/canonical/appendix-c-formalisation.md C.1b; docs/canonical/appendix-c-formalisation.md C.2/C.9,stale,changed,"Four deployment challenges are anticipated in the target context. **Connectivity.** The architecture is designed offline-first: the governance classifier f(E) and reasoning engine RS(S) must operate without real-time API access. Environmental data may be pre-cached or sourced from local sensors. The fail-safe rule — if any component resolves to ⊥, f(E) = UNSAFE — ensures graceful degradation when a data feed is unavailable; the system defaults to the most restrictive governance state rather than failing open. This is a **derived corollary** of operational totality (Theorem C.1b), not a separate pre-condition check: ⊥ classifies UNSAFE and UNSAFE is maximal under the severity order, so the fail-safe follows from the aggregation rule itself. A permanently unavailable data source is treated differently — as a **declared scope exclusion** rather than a continuous fault — because treating it as a fault would classify every hour UNSAFE and make the system unusable. **Hardware constraints.** The target deployment hardware is commodity smartphones or low-cost single-board computers (under USD 50). The O(1) governance layer and O(n) rule engine both execute without GPU or cloud compute, and the storage footprint for RS(SAFE) and RS(CAUTION) is minimal. **Threshold maintenance.** Classification thresholds (g_w, g_o, and others) are anchored to MET Malaysia published criteria. As climate patterns shift or MET Malaysia revises its warning thresholds, the gᵢ definitions and corresponding RS(S) must be recalibrated. Any recalibration must preserve the containment property A_AI(SAFE) ⊃ A_AI(CAUTION) ⊃ A_AI(UNSAFE) = ∅, which is a structural constraint on the recalibration process rather than a property of the thresholds themselves. **Mode-chattering.** At classification boundaries, rapid oscillation of S would in principle produce unstable advisory output, and dual-threshold hysteresis is the standard mitigation: a transition from SAFE to CAUTION requires exceedance of the upper threshold, and the return transition requires recovery below a lower one. **Measured against five years of hourly environmental data at the deployment site, this concern is not borne out.** Of 5,416 state transitions, 95.8% are scheduled clock events at the time-of-day boundaries; only 227 are condition-driven, and genuine A→B→A round trips within three hours number 70 across the whole period — fourteen per year. Adding dual-threshold hysteresis with a 10% return margin reduces condition-driven transitions by 6.2%. Hysteresis is therefore retained as a low-cost precaution rather than a demonstrated necessity. This result is bounded by the hourly resolution of the data: sub-hourly oscillation is invisible to it, and a deployment sampling at minute scale could reach a different conclusion.",Original queue location retained. Exact before/after text is in edit-log.json; category is not an empirical validation claim.
468,publications/active/ipsci-2026/submissions/v3-revision/manuscript-v3.md,Conclusion,528,72,result,State/admissible-set characterisation; scope as stated in source text,data/c8/canonical-results-post-migration.txt; docs/canonical/report-c8-migration-2026-09-08.md,current,retained,"This paper contributes three things. First, a structured review of 72 papers plus three large-scale systematic reviews [5][6][21] confirms the binary governance gap independently from four bodies of literature, establishing that the absence is structural rather than incidental. Second, the graduated safety-state-gated architecture closes the gap through a formally specified governance pair (*G*(*S*), *A*_AI(*S*)) that produces a *CAUTION* mode — a formally distinct intermediate governance position that no reviewed architecture implements. Under *CAUTION*, *G*(*CAUTION*) = 1 (AI active) and *A*_AI(*CAUTION*) = {*Go, Delay*} ⊊ *A*_AI(*SAFE*): advisory scope is restricted, not participation. The Safety Dominance Property, *AI*(*E*) ⊆ *A*_AI(*f*(*E*)), holds by construction rather than by runtime monitoring — there is no execution path by which the reasoning engine can produce a recommendation type outside its active rule set.",Original queue location retained. Exact before/after text is in edit-log.json; category is not an empirical validation claim.
472,publications/active/ipsci-2026/submissions/v3-revision/manuscript-v3.md,Conclusion,528,1,result,State/admissible-set characterisation; scope as stated in source text,data/c8/canonical-results-post-migration.txt; docs/canonical/report-c8-migration-2026-09-08.md,current,retained,"This paper contributes three things. First, a structured review of 72 papers plus three large-scale systematic reviews [5][6][21] confirms the binary governance gap independently from four bodies of literature, establishing that the absence is structural rather than incidental. Second, the graduated safety-state-gated architecture closes the gap through a formally specified governance pair (*G*(*S*), *A*_AI(*S*)) that produces a *CAUTION* mode — a formally distinct intermediate governance position that no reviewed architecture implements. Under *CAUTION*, *G*(*CAUTION*) = 1 (AI active) and *A*_AI(*CAUTION*) = {*Go, Delay*} ⊊ *A*_AI(*SAFE*): advisory scope is restricted, not participation. The Safety Dominance Property, *AI*(*E*) ⊆ *A*_AI(*f*(*E*)), holds by construction rather than by runtime monitoring — there is no execution path by which the reasoning engine can produce a recommendation type outside its active rule set.",Original queue location retained. Exact before/after text is in edit-log.json; category is not an empirical validation claim.
473,publications/active/ipsci-2026/submissions/v3-revision/manuscript-v3.md,Conclusion,530,5.8%,prediction value,State/admissible-set characterisation; scope as stated in source text,data/c8/canonical-results-post-migration.txt,stale,changed,"Third, the architecture is instantiated for small-scale coastal fisheries at Kota Kinabalu and its governance layer executed against five years of hourly environmental data for that site. The *CAUTION* mode binds in 5.8% of departure-window hours for the operative vessel class — approximately one departure morning in seventeen on which a binary architecture supplies tactical recommendations that this architecture withholds — falling to 4.5% when a higher-resolution wave model is substituted over a shorter period, a spread that is reported as the grid-resolution sensitivity rather than resolved to a single figure. The *UNSAFE* state is reachable by sea state and not only by darkness, and the vessel-conditional form of the ocean-state component changes the classification for 9.1% of departure hours relative to vessel-blind thresholds. A four-condition comparison over the same record isolates the two governance levels: the participation gate accounts for 42.88% of departure hours and advisory scope restriction for a further 5.81%, while a traffic-light baseline instantiating the closest structural precedent diverges from a plain binary gate in **0.00%** of hours — its intermediate level is not observable in AI output. Predictions were registered with numeric bounds before each analysis ran and re-resolved under the final specification; fifteen of twenty-four are confirmed and nine refuted. Of the seven outcomes that changed, three follow from the time-classifier decision and four had already been refuted by earlier threshold and data corrections, an attribution the record keeps separate. These figures characterise governance behaviour at one location and, with the marine-warning component unmeasured throughout, are lower bounds; no incident record exists against which the classifications themselves could be scored.",Original queue location retained. Exact before/after text is in edit-log.json; category is not an empirical validation claim.
474,publications/active/ipsci-2026/submissions/v3-revision/manuscript-v3.md,Conclusion,530,4.5%,prediction value,State/admissible-set characterisation; scope as stated in source text,data/c8/canonical-results-post-migration.txt,stale,changed,"Third, the architecture is instantiated for small-scale coastal fisheries at Kota Kinabalu and its governance layer executed against five years of hourly environmental data for that site. The *CAUTION* mode binds in 5.8% of departure-window hours for the operative vessel class — approximately one departure morning in seventeen on which a binary architecture supplies tactical recommendations that this architecture withholds — falling to 4.5% when a higher-resolution wave model is substituted over a shorter period, a spread that is reported as the grid-resolution sensitivity rather than resolved to a single figure. The *UNSAFE* state is reachable by sea state and not only by darkness, and the vessel-conditional form of the ocean-state component changes the classification for 9.1% of departure hours relative to vessel-blind thresholds. A four-condition comparison over the same record isolates the two governance levels: the participation gate accounts for 42.88% of departure hours and advisory scope restriction for a further 5.81%, while a traffic-light baseline instantiating the closest structural precedent diverges from a plain binary gate in **0.00%** of hours — its intermediate level is not observable in AI output. Predictions were registered with numeric bounds before each analysis ran and re-resolved under the final specification; fifteen of twenty-four are confirmed and nine refuted. Of the seven outcomes that changed, three follow from the time-classifier decision and four had already been refuted by earlier threshold and data corrections, an attribution the record keeps separate. These figures characterise governance behaviour at one location and, with the marine-warning component unmeasured throughout, are lower bounds; no incident record exists against which the classifications themselves could be scored.",Original queue location retained. Exact before/after text is in edit-log.json; category is not an empirical validation claim.
475,publications/active/ipsci-2026/submissions/v3-revision/manuscript-v3.md,Conclusion,530,9.1%,prediction value,State/admissible-set characterisation; scope as stated in source text,data/c8/canonical-results-post-migration.txt,stale,changed,"Third, the architecture is instantiated for small-scale coastal fisheries at Kota Kinabalu and its governance layer executed against five years of hourly environmental data for that site. The *CAUTION* mode binds in 5.8% of departure-window hours for the operative vessel class — approximately one departure morning in seventeen on which a binary architecture supplies tactical recommendations that this architecture withholds — falling to 4.5% when a higher-resolution wave model is substituted over a shorter period, a spread that is reported as the grid-resolution sensitivity rather than resolved to a single figure. The *UNSAFE* state is reachable by sea state and not only by darkness, and the vessel-conditional form of the ocean-state component changes the classification for 9.1% of departure hours relative to vessel-blind thresholds. A four-condition comparison over the same record isolates the two governance levels: the participation gate accounts for 42.88% of departure hours and advisory scope restriction for a further 5.81%, while a traffic-light baseline instantiating the closest structural precedent diverges from a plain binary gate in **0.00%** of hours — its intermediate level is not observable in AI output. Predictions were registered with numeric bounds before each analysis ran and re-resolved under the final specification; fifteen of twenty-four are confirmed and nine refuted. Of the seven outcomes that changed, three follow from the time-classifier decision and four had already been refuted by earlier threshold and data corrections, an attribution the record keeps separate. These figures characterise governance behaviour at one location and, with the marine-warning component unmeasured throughout, are lower bounds; no incident record exists against which the classifications themselves could be scored.",Original queue location retained. Exact before/after text is in edit-log.json; category is not an empirical validation claim.
476,publications/active/ipsci-2026/submissions/v3-revision/manuscript-v3.md,Conclusion,530,42.88%,prediction value,State/admissible-set characterisation; scope as stated in source text,data/c8/canonical-results-post-migration.txt,stale,changed,"Third, the architecture is instantiated for small-scale coastal fisheries at Kota Kinabalu and its governance layer executed against five years of hourly environmental data for that site. The *CAUTION* mode binds in 5.8% of departure-window hours for the operative vessel class — approximately one departure morning in seventeen on which a binary architecture supplies tactical recommendations that this architecture withholds — falling to 4.5% when a higher-resolution wave model is substituted over a shorter period, a spread that is reported as the grid-resolution sensitivity rather than resolved to a single figure. The *UNSAFE* state is reachable by sea state and not only by darkness, and the vessel-conditional form of the ocean-state component changes the classification for 9.1% of departure hours relative to vessel-blind thresholds. A four-condition comparison over the same record isolates the two governance levels: the participation gate accounts for 42.88% of departure hours and advisory scope restriction for a further 5.81%, while a traffic-light baseline instantiating the closest structural precedent diverges from a plain binary gate in **0.00%** of hours — its intermediate level is not observable in AI output. Predictions were registered with numeric bounds before each analysis ran and re-resolved under the final specification; fifteen of twenty-four are confirmed and nine refuted. Of the seven outcomes that changed, three follow from the time-classifier decision and four had already been refuted by earlier threshold and data corrections, an attribution the record keeps separate. These figures characterise governance behaviour at one location and, with the marine-warning component unmeasured throughout, are lower bounds; no incident record exists against which the classifications themselves could be scored.",Original queue location retained. Exact before/after text is in edit-log.json; category is not an empirical validation claim.
477,publications/active/ipsci-2026/submissions/v3-revision/manuscript-v3.md,Conclusion,530,5.81%,prediction value,State/admissible-set characterisation; scope as stated in source text,data/c8/canonical-results-post-migration.txt,stale,changed,"Third, the architecture is instantiated for small-scale coastal fisheries at Kota Kinabalu and its governance layer executed against five years of hourly environmental data for that site. The *CAUTION* mode binds in 5.8% of departure-window hours for the operative vessel class — approximately one departure morning in seventeen on which a binary architecture supplies tactical recommendations that this architecture withholds — falling to 4.5% when a higher-resolution wave model is substituted over a shorter period, a spread that is reported as the grid-resolution sensitivity rather than resolved to a single figure. The *UNSAFE* state is reachable by sea state and not only by darkness, and the vessel-conditional form of the ocean-state component changes the classification for 9.1% of departure hours relative to vessel-blind thresholds. A four-condition comparison over the same record isolates the two governance levels: the participation gate accounts for 42.88% of departure hours and advisory scope restriction for a further 5.81%, while a traffic-light baseline instantiating the closest structural precedent diverges from a plain binary gate in **0.00%** of hours — its intermediate level is not observable in AI output. Predictions were registered with numeric bounds before each analysis ran and re-resolved under the final specification; fifteen of twenty-four are confirmed and nine refuted. Of the seven outcomes that changed, three follow from the time-classifier decision and four had already been refuted by earlier threshold and data corrections, an attribution the record keeps separate. These figures characterise governance behaviour at one location and, with the marine-warning component unmeasured throughout, are lower bounds; no incident record exists against which the classifications themselves could be scored.",Original queue location retained. Exact before/after text is in edit-log.json; category is not an empirical validation claim.
478,publications/active/ipsci-2026/submissions/v3-revision/manuscript-v3.md,Conclusion,530,0.00%,prediction value,State/admissible-set characterisation; scope as stated in source text,data/c8/canonical-results-post-migration.txt,stale,changed,"Third, the architecture is instantiated for small-scale coastal fisheries at Kota Kinabalu and its governance layer executed against five years of hourly environmental data for that site. The *CAUTION* mode binds in 5.8% of departure-window hours for the operative vessel class — approximately one departure morning in seventeen on which a binary architecture supplies tactical recommendations that this architecture withholds — falling to 4.5% when a higher-resolution wave model is substituted over a shorter period, a spread that is reported as the grid-resolution sensitivity rather than resolved to a single figure. The *UNSAFE* state is reachable by sea state and not only by darkness, and the vessel-conditional form of the ocean-state component changes the classification for 9.1% of departure hours relative to vessel-blind thresholds. A four-condition comparison over the same record isolates the two governance levels: the participation gate accounts for 42.88% of departure hours and advisory scope restriction for a further 5.81%, while a traffic-light baseline instantiating the closest structural precedent diverges from a plain binary gate in **0.00%** of hours — its intermediate level is not observable in AI output. Predictions were registered with numeric bounds before each analysis ran and re-resolved under the final specification; fifteen of twenty-four are confirmed and nine refuted. Of the seven outcomes that changed, three follow from the time-classifier decision and four had already been refuted by earlier threshold and data corrections, an attribution the record keeps separate. These figures characterise governance behaviour at one location and, with the marine-warning component unmeasured throughout, are lower bounds; no incident record exists against which the classifications themselves could be scored.",Original queue location retained. Exact before/after text is in edit-log.json; category is not an empirical validation claim.
479,publications/active/ipsci-2026/submissions/v3-revision/manuscript-v3.md,Conclusion,532,1,result,State/admissible-set characterisation; scope as stated in source text,docs/canonical/appendix-c-formalisation.md,stale,changed,"Three formal properties are proved. Theorem 1 (Totality) establishes that *f*(*E*) is defined for all inputs, including corrupted sensor data, so the governance layer is never without a classification basis. Theorem 2 (Monotonicity) establishes that advisory scope never expands as conditions worsen: *A*_AI(*SAFE*) ⊃ *A*_AI(*CAUTION*) ⊃ *A*_AI(*UNSAFE*) = ∅. Theorem 3 (Safety Dominance Property) establishes that AI output is bounded within the admissible scope at every safety state, by construction. Together they characterise a governance mechanism with no formally identifiable path by which AI recommendations can exceed their warranted scope — completeness, consistency, and effectiveness as a composite guarantee.",Original queue location retained. Exact before/after text is in edit-log.json; category is not an empirical validation claim.
480,publications/active/ipsci-2026/submissions/v3-revision/manuscript-v3.md,Conclusion,532,2,result,State/admissible-set characterisation; scope as stated in source text,docs/canonical/appendix-c-formalisation.md,stale,changed,"Three formal properties are proved. Theorem 1 (Totality) establishes that *f*(*E*) is defined for all inputs, including corrupted sensor data, so the governance layer is never without a classification basis. Theorem 2 (Monotonicity) establishes that advisory scope never expands as conditions worsen: *A*_AI(*SAFE*) ⊃ *A*_AI(*CAUTION*) ⊃ *A*_AI(*UNSAFE*) = ∅. Theorem 3 (Safety Dominance Property) establishes that AI output is bounded within the admissible scope at every safety state, by construction. Together they characterise a governance mechanism with no formally identifiable path by which AI recommendations can exceed their warranted scope — completeness, consistency, and effectiveness as a composite guarantee.",Original queue location retained. Exact before/after text is in edit-log.json; category is not an empirical validation claim.
481,publications/active/ipsci-2026/submissions/v3-revision/manuscript-v3.md,Conclusion,532,3,result,State/admissible-set characterisation; scope as stated in source text,docs/canonical/appendix-c-formalisation.md,stale,changed,"Three formal properties are proved. Theorem 1 (Totality) establishes that *f*(*E*) is defined for all inputs, including corrupted sensor data, so the governance layer is never without a classification basis. Theorem 2 (Monotonicity) establishes that advisory scope never expands as conditions worsen: *A*_AI(*SAFE*) ⊃ *A*_AI(*CAUTION*) ⊃ *A*_AI(*UNSAFE*) = ∅. Theorem 3 (Safety Dominance Property) establishes that AI output is bounded within the admissible scope at every safety state, by construction. Together they characterise a governance mechanism with no formally identifiable path by which AI recommendations can exceed their warranted scope — completeness, consistency, and effectiveness as a composite guarantee.",Original queue location retained. Exact before/after text is in edit-log.json; category is not an empirical validation claim.
482,publications/active/ipsci-2026/submissions/v3-revision/manuscript-v3.md,Conclusion,534,1,result,State/admissible-set characterisation; scope as stated in source text,data/c8/canonical-results-post-migration.txt; docs/canonical/report-c8-migration-2026-09-08.md,current,retained,"Immediate next steps are: (1) implementation of the reasoning engine, enabling the advisory-output comparison across three conditions (ungated, binary-gated, and the proposed graduated architecture) that the present characterisation does not cover, since it exercises the classifier and governance pair rather than the engine beneath them; (2) a contextual user study with small-scale fishers across the three safety states to assess whether *CAUTION* mode produces calibrated reliance rather than over-reliance or non-reliance; and (3) instantiation in at least one additional safety-critical domain to validate the claim of domain independence empirically. Longer-term work includes a formal certification pathway against IEC 61508 Safety Integrity Levels and maritime safety standards, and extension of *R* to cover recommendation types that require learned inference rather than rule-based reasoning, which would require a different enforcement argument for the Safety Dominance Property.",Original queue location retained. Exact before/after text is in edit-log.json; category is not an empirical validation claim.
483,publications/active/ipsci-2026/submissions/v3-revision/manuscript-v3.md,Conclusion,534,2,result,State/admissible-set characterisation; scope as stated in source text,data/c8/canonical-results-post-migration.txt; docs/canonical/report-c8-migration-2026-09-08.md,current,retained,"Immediate next steps are: (1) implementation of the reasoning engine, enabling the advisory-output comparison across three conditions (ungated, binary-gated, and the proposed graduated architecture) that the present characterisation does not cover, since it exercises the classifier and governance pair rather than the engine beneath them; (2) a contextual user study with small-scale fishers across the three safety states to assess whether *CAUTION* mode produces calibrated reliance rather than over-reliance or non-reliance; and (3) instantiation in at least one additional safety-critical domain to validate the claim of domain independence empirically. Longer-term work includes a formal certification pathway against IEC 61508 Safety Integrity Levels and maritime safety standards, and extension of *R* to cover recommendation types that require learned inference rather than rule-based reasoning, which would require a different enforcement argument for the Safety Dominance Property.",Original queue location retained. Exact before/after text is in edit-log.json; category is not an empirical validation claim.
484,publications/active/ipsci-2026/submissions/v3-revision/manuscript-v3.md,Conclusion,534,3,result,State/admissible-set characterisation; scope as stated in source text,data/c8/canonical-results-post-migration.txt; docs/canonical/report-c8-migration-2026-09-08.md,current,retained,"Immediate next steps are: (1) implementation of the reasoning engine, enabling the advisory-output comparison across three conditions (ungated, binary-gated, and the proposed graduated architecture) that the present characterisation does not cover, since it exercises the classifier and governance pair rather than the engine beneath them; (2) a contextual user study with small-scale fishers across the three safety states to assess whether *CAUTION* mode produces calibrated reliance rather than over-reliance or non-reliance; and (3) instantiation in at least one additional safety-critical domain to validate the claim of domain independence empirically. Longer-term work includes a formal certification pathway against IEC 61508 Safety Integrity Levels and maritime safety standards, and extension of *R* to cover recommendation types that require learned inference rather than rule-based reasoning, which would require a different enforcement argument for the Safety Dominance Property.",Original queue location retained. Exact before/after text is in edit-log.json; category is not an empirical validation claim.
485,publications/active/ipsci-2026/submissions/v3-revision/manuscript-v3.md,Conclusion,534,61508,result,State/admissible-set characterisation; scope as stated in source text,data/c8/canonical-results-post-migration.txt; docs/canonical/report-c8-migration-2026-09-08.md,current,retained,"Immediate next steps are: (1) implementation of the reasoning engine, enabling the advisory-output comparison across three conditions (ungated, binary-gated, and the proposed graduated architecture) that the present characterisation does not cover, since it exercises the classifier and governance pair rather than the engine beneath them; (2) a contextual user study with small-scale fishers across the three safety states to assess whether *CAUTION* mode produces calibrated reliance rather than over-reliance or non-reliance; and (3) instantiation in at least one additional safety-critical domain to validate the claim of domain independence empirically. Longer-term work includes a formal certification pathway against IEC 61508 Safety Integrity Levels and maritime safety standards, and extension of *R* to cover recommendation types that require learned inference rather than rule-based reasoning, which would require a different enforcement argument for the Safety Dominance Property.",Original queue location retained. Exact before/after text is in edit-log.json; category is not an empirical validation claim.
762,publications/active/journal-1/submissions/v1-initial-submission/manuscript.md,5.2 Environmental State Representation,142,10,figure/table value,Configured threshold or cited hull-study value; hypothetical contrasts remain illustrative,docs/canonical/appendix-c-formalisation.md C.1/C.2,current,retained,"Vessel category is defined by gross registered tonnage following the Malaysian small boat classification of Yunus (2007), reproduced by Yaakob et al. (2015): small < 10 GRT, medium 10–25 GRT, big > 25 GRT. Tonnage rather than length overall is the discriminating variable because the length bands in that classification overlap — a 12 m vessel falls within both the medium and large length ranges — whereas the tonnage bands are disjoint and exhaustive.",Original queue location retained. Exact before/after text is in edit-log.json; category is not an empirical validation claim.
763,publications/active/journal-1/submissions/v1-initial-submission/manuscript.md,5.2 Environmental State Representation,142,10,figure/table value,Configured threshold or cited hull-study value; hypothetical contrasts remain illustrative,docs/canonical/appendix-c-formalisation.md C.1/C.2,current,retained,"Vessel category is defined by gross registered tonnage following the Malaysian small boat classification of Yunus (2007), reproduced by Yaakob et al. (2015): small < 10 GRT, medium 10–25 GRT, big > 25 GRT. Tonnage rather than length overall is the discriminating variable because the length bands in that classification overlap — a 12 m vessel falls within both the medium and large length ranges — whereas the tonnage bands are disjoint and exhaustive.",Original queue location retained. Exact before/after text is in edit-log.json; category is not an empirical validation claim.
764,publications/active/journal-1/submissions/v1-initial-submission/manuscript.md,5.2 Environmental State Representation,142,25,figure/table value,Configured threshold or cited hull-study value; hypothetical contrasts remain illustrative,docs/canonical/appendix-c-formalisation.md C.1/C.2,current,retained,"Vessel category is defined by gross registered tonnage following the Malaysian small boat classification of Yunus (2007), reproduced by Yaakob et al. (2015): small < 10 GRT, medium 10–25 GRT, big > 25 GRT. Tonnage rather than length overall is the discriminating variable because the length bands in that classification overlap — a 12 m vessel falls within both the medium and large length ranges — whereas the tonnage bands are disjoint and exhaustive.",Original queue location retained. Exact before/after text is in edit-log.json; category is not an empirical validation claim.
765,publications/active/journal-1/submissions/v1-initial-submission/manuscript.md,5.2 Environmental State Representation,142,25,figure/table value,Configured threshold or cited hull-study value; hypothetical contrasts remain illustrative,docs/canonical/appendix-c-formalisation.md C.1/C.2,current,retained,"Vessel category is defined by gross registered tonnage following the Malaysian small boat classification of Yunus (2007), reproduced by Yaakob et al. (2015): small < 10 GRT, medium 10–25 GRT, big > 25 GRT. Tonnage rather than length overall is the discriminating variable because the length bands in that classification overlap — a 12 m vessel falls within both the medium and large length ranges — whereas the tonnage bands are disjoint and exhaustive.",Original queue location retained. Exact before/after text is in edit-log.json; category is not an empirical validation claim.
766,publications/active/journal-1/submissions/v1-initial-submission/manuscript.md,5.2 Environmental State Representation,142,12,figure/table value,Configured threshold or cited hull-study value; hypothetical contrasts remain illustrative,docs/canonical/appendix-c-formalisation.md C.1/C.2,current,retained,"Vessel category is defined by gross registered tonnage following the Malaysian small boat classification of Yunus (2007), reproduced by Yaakob et al. (2015): small < 10 GRT, medium 10–25 GRT, big > 25 GRT. Tonnage rather than length overall is the discriminating variable because the length bands in that classification overlap — a 12 m vessel falls within both the medium and large length ranges — whereas the tonnage bands are disjoint and exhaustive.",Original queue location retained. Exact before/after text is in edit-log.json; category is not an empirical validation claim.
767,publications/active/journal-1/submissions/v1-initial-submission/manuscript.md,5.2 Environmental State Representation,144,9,figure/table value,Configured threshold or cited hull-study value; hypothetical contrasts remain illustrative,docs/canonical/appendix-c-formalisation.md C.1/C.2,current,retained,"The first four parameters (w, r, m, o) are dynamic: they vary over time and are sourced from external meteorological and marine data feeds. The specific data products, update frequencies, and spatial resolutions for each variable are implementation-level concerns addressed in Section 9. The parameter t is derived from the system clock.",Original queue location retained. Exact before/after text is in edit-log.json; category is not an empirical validation claim.
773,publications/active/journal-1/submissions/v1-initial-submission/manuscript.md,5.2 Environmental State Representation,150,3,figure/table value,Configured threshold or cited hull-study value; hypothetical contrasts remain illustrative,docs/canonical/appendix-c-formalisation.md C.1/C.2,current,retained,"This is a stronger requirement than simply noting that the inputs are sensor-derived. It is a formal constraint on the causal structure of the architecture: Layer 3 must not influence its own governance configuration, directly or indirectly. A governance layer whose classification could be affected by Layer 3's predictions, outputs, or learned representations would not constitute a formal safety constraint — f(E) would then be defined partly in terms of the system it is intended to govern, creating a feedback path that could undermine the Safety Dominance Property (Property 5.3). In the current architecture, all six components of E are sourced from external meteorological feeds, vessel registry records, and the system clock — none require Layer 3 participation.",Original queue location retained. Exact before/after text is in edit-log.json; category is not an empirical validation claim.
774,publications/active/journal-1/submissions/v1-initial-submission/manuscript.md,5.2 Environmental State Representation,150,3,figure/table value,Configured threshold or cited hull-study value; hypothetical contrasts remain illustrative,docs/canonical/appendix-c-formalisation.md C.1/C.2,current,retained,"This is a stronger requirement than simply noting that the inputs are sensor-derived. It is a formal constraint on the causal structure of the architecture: Layer 3 must not influence its own governance configuration, directly or indirectly. A governance layer whose classification could be affected by Layer 3's predictions, outputs, or learned representations would not constitute a formal safety constraint — f(E) would then be defined partly in terms of the system it is intended to govern, creating a feedback path that could undermine the Safety Dominance Property (Property 5.3). In the current architecture, all six components of E are sourced from external meteorological feeds, vessel registry records, and the system clock — none require Layer 3 participation.",Original queue location retained. Exact before/after text is in edit-log.json; category is not an empirical validation claim.
775,publications/active/journal-1/submissions/v1-initial-submission/manuscript.md,5.2 Environmental State Representation,150,5.3,figure/table value,Configured threshold or cited hull-study value; hypothetical contrasts remain illustrative,docs/canonical/appendix-c-formalisation.md C.1/C.2,current,retained,"This is a stronger requirement than simply noting that the inputs are sensor-derived. It is a formal constraint on the causal structure of the architecture: Layer 3 must not influence its own governance configuration, directly or indirectly. A governance layer whose classification could be affected by Layer 3's predictions, outputs, or learned representations would not constitute a formal safety constraint — f(E) would then be defined partly in terms of the system it is intended to govern, creating a feedback path that could undermine the Safety Dominance Property (Property 5.3). In the current architecture, all six components of E are sourced from external meteorological feeds, vessel registry records, and the system clock — none require Layer 3 participation.",Original queue location retained. Exact before/after text is in edit-log.json; category is not an empirical validation claim.
776,publications/active/journal-1/submissions/v1-initial-submission/manuscript.md,5.2 Environmental State Representation,150,3,figure/table value,Configured threshold or cited hull-study value; hypothetical contrasts remain illustrative,docs/canonical/appendix-c-formalisation.md C.1/C.2,current,retained,"This is a stronger requirement than simply noting that the inputs are sensor-derived. It is a formal constraint on the causal structure of the architecture: Layer 3 must not influence its own governance configuration, directly or indirectly. A governance layer whose classification could be affected by Layer 3's predictions, outputs, or learned representations would not constitute a formal safety constraint — f(E) would then be defined partly in terms of the system it is intended to govern, creating a feedback path that could undermine the Safety Dominance Property (Property 5.3). In the current architecture, all six components of E are sourced from external meteorological feeds, vessel registry records, and the system clock — none require Layer 3 participation.",Original queue location retained. Exact before/after text is in edit-log.json; category is not an empirical validation claim.
804,publications/active/journal-1/submissions/v1-initial-submission/manuscript.md,5.2 Environmental State Representation,156,504,figure/table value,Configured threshold or cited hull-study value; hypothetical contrasts remain illustrative,docs/canonical/appendix-c-formalisation.md,stale,changed,"The inclusion of each parameter in E is empirically grounded: w and o are the primary meteorological departure risk factors identified across three independent fisher studies in the Malaysian coastal context (Rahim et al., 2024; Gao, 2024; Yamin et al., 2025); r and m encode MET Malaysia's structured warning system; v captures the well-documented vessel-size fatality gradient across 504 IMO maritime accident reports (Dominguez-Péry et al., 2023); and t reflects empirical findings that night navigation significantly elevates both accident probability and consequence severity for small-vessel operations (Atacan & Düzbastılar, 2023).",Original queue location retained. Exact before/after text is in edit-log.json; category is not an empirical validation claim.
869,publications/active/journal-1/submissions/v1-initial-submission/manuscript.md,5.3.2 Per-Component Classification Functions,200,1,figure/table value,Configured threshold or cited hull-study value; hypothetical contrasts remain illustrative,docs/canonical/appendix-c-formalisation.md C.1/C.2,current,retained,"*Tier 1 — Hydrodynamics.* Yaakob et al. (2015), applying naval architecture methods (Maxsurf, JONSWAP spectrum, NORDFORSK 1987 criteria) to two traditional Malaysian small fishing boats from the Johor coast (LOA 5.03 and 6.54 m, both < 10 GRT), established vessel-specific operability limits: the 6.54 m hull remained within NORDFORSK limits to Sea State 3 (operational ceiling Hs ≈ 1.25 m) and exceeded them at Sea State 4 (Hs ≈ 1.875 m), while the 5.03 m hull remained within limits only to Sea State 2 (ceiling Hs ≈ 0.5 m). Both passed IMO static stability criteria at every loading condition, establishing that dynamic seakeeping rather than static stability is the binding constraint — and, critically, that the binding wave height differs by vessel. This grounds the small-vessel row.",Original queue location retained. Exact before/after text is in edit-log.json; category is not an empirical validation claim.
872,publications/active/journal-1/submissions/v1-initial-submission/manuscript.md,5.3.2 Per-Component Classification Functions,200,5.03,figure/table value,Configured threshold or cited hull-study value; hypothetical contrasts remain illustrative,docs/canonical/appendix-c-formalisation.md C.1/C.2,current,retained,"*Tier 1 — Hydrodynamics.* Yaakob et al. (2015), applying naval architecture methods (Maxsurf, JONSWAP spectrum, NORDFORSK 1987 criteria) to two traditional Malaysian small fishing boats from the Johor coast (LOA 5.03 and 6.54 m, both < 10 GRT), established vessel-specific operability limits: the 6.54 m hull remained within NORDFORSK limits to Sea State 3 (operational ceiling Hs ≈ 1.25 m) and exceeded them at Sea State 4 (Hs ≈ 1.875 m), while the 5.03 m hull remained within limits only to Sea State 2 (ceiling Hs ≈ 0.5 m). Both passed IMO static stability criteria at every loading condition, establishing that dynamic seakeeping rather than static stability is the binding constraint — and, critically, that the binding wave height differs by vessel. This grounds the small-vessel row.",Original queue location retained. Exact before/after text is in edit-log.json; category is not an empirical validation claim.
873,publications/active/journal-1/submissions/v1-initial-submission/manuscript.md,5.3.2 Per-Component Classification Functions,200,6.54,figure/table value,Configured threshold or cited hull-study value; hypothetical contrasts remain illustrative,docs/canonical/appendix-c-formalisation.md C.1/C.2,current,retained,"*Tier 1 — Hydrodynamics.* Yaakob et al. (2015), applying naval architecture methods (Maxsurf, JONSWAP spectrum, NORDFORSK 1987 criteria) to two traditional Malaysian small fishing boats from the Johor coast (LOA 5.03 and 6.54 m, both < 10 GRT), established vessel-specific operability limits: the 6.54 m hull remained within NORDFORSK limits to Sea State 3 (operational ceiling Hs ≈ 1.25 m) and exceeded them at Sea State 4 (Hs ≈ 1.875 m), while the 5.03 m hull remained within limits only to Sea State 2 (ceiling Hs ≈ 0.5 m). Both passed IMO static stability criteria at every loading condition, establishing that dynamic seakeeping rather than static stability is the binding constraint — and, critically, that the binding wave height differs by vessel. This grounds the small-vessel row.",Original queue location retained. Exact before/after text is in edit-log.json; category is not an empirical validation claim.
874,publications/active/journal-1/submissions/v1-initial-submission/manuscript.md,5.3.2 Per-Component Classification Functions,200,10,figure/table value,Configured threshold or cited hull-study value; hypothetical contrasts remain illustrative,docs/canonical/appendix-c-formalisation.md C.1/C.2,current,retained,"*Tier 1 — Hydrodynamics.* Yaakob et al. (2015), applying naval architecture methods (Maxsurf, JONSWAP spectrum, NORDFORSK 1987 criteria) to two traditional Malaysian small fishing boats from the Johor coast (LOA 5.03 and 6.54 m, both < 10 GRT), established vessel-specific operability limits: the 6.54 m hull remained within NORDFORSK limits to Sea State 3 (operational ceiling Hs ≈ 1.25 m) and exceeded them at Sea State 4 (Hs ≈ 1.875 m), while the 5.03 m hull remained within limits only to Sea State 2 (ceiling Hs ≈ 0.5 m). Both passed IMO static stability criteria at every loading condition, establishing that dynamic seakeeping rather than static stability is the binding constraint — and, critically, that the binding wave height differs by vessel. This grounds the small-vessel row.",Original queue location retained. Exact before/after text is in edit-log.json; category is not an empirical validation claim.
875,publications/active/journal-1/submissions/v1-initial-submission/manuscript.md,5.3.2 Per-Component Classification Functions,200,6.54,figure/table value,Configured threshold or cited hull-study value; hypothetical contrasts remain illustrative,docs/canonical/appendix-c-formalisation.md C.1/C.2,current,retained,"*Tier 1 — Hydrodynamics.* Yaakob et al. (2015), applying naval architecture methods (Maxsurf, JONSWAP spectrum, NORDFORSK 1987 criteria) to two traditional Malaysian small fishing boats from the Johor coast (LOA 5.03 and 6.54 m, both < 10 GRT), established vessel-specific operability limits: the 6.54 m hull remained within NORDFORSK limits to Sea State 3 (operational ceiling Hs ≈ 1.25 m) and exceeded them at Sea State 4 (Hs ≈ 1.875 m), while the 5.03 m hull remained within limits only to Sea State 2 (ceiling Hs ≈ 0.5 m). Both passed IMO static stability criteria at every loading condition, establishing that dynamic seakeeping rather than static stability is the binding constraint — and, critically, that the binding wave height differs by vessel. This grounds the small-vessel row.",Original queue location retained. Exact before/after text is in edit-log.json; category is not an empirical validation claim.
876,publications/active/journal-1/submissions/v1-initial-submission/manuscript.md,5.3.2 Per-Component Classification Functions,200,3,figure/table value,Configured threshold or cited hull-study value; hypothetical contrasts remain illustrative,docs/canonical/appendix-c-formalisation.md C.1/C.2,current,retained,"*Tier 1 — Hydrodynamics.* Yaakob et al. (2015), applying naval architecture methods (Maxsurf, JONSWAP spectrum, NORDFORSK 1987 criteria) to two traditional Malaysian small fishing boats from the Johor coast (LOA 5.03 and 6.54 m, both < 10 GRT), established vessel-specific operability limits: the 6.54 m hull remained within NORDFORSK limits to Sea State 3 (operational ceiling Hs ≈ 1.25 m) and exceeded them at Sea State 4 (Hs ≈ 1.875 m), while the 5.03 m hull remained within limits only to Sea State 2 (ceiling Hs ≈ 0.5 m). Both passed IMO static stability criteria at every loading condition, establishing that dynamic seakeeping rather than static stability is the binding constraint — and, critically, that the binding wave height differs by vessel. This grounds the small-vessel row.",Original queue location retained. Exact before/after text is in edit-log.json; category is not an empirical validation claim.
877,publications/active/journal-1/submissions/v1-initial-submission/manuscript.md,5.3.2 Per-Component Classification Functions,200,1.25,figure/table value,Configured threshold or cited hull-study value; hypothetical contrasts remain illustrative,docs/canonical/appendix-c-formalisation.md C.1/C.2,current,retained,"*Tier 1 — Hydrodynamics.* Yaakob et al. (2015), applying naval architecture methods (Maxsurf, JONSWAP spectrum, NORDFORSK 1987 criteria) to two traditional Malaysian small fishing boats from the Johor coast (LOA 5.03 and 6.54 m, both < 10 GRT), established vessel-specific operability limits: the 6.54 m hull remained within NORDFORSK limits to Sea State 3 (operational ceiling Hs ≈ 1.25 m) and exceeded them at Sea State 4 (Hs ≈ 1.875 m), while the 5.03 m hull remained within limits only to Sea State 2 (ceiling Hs ≈ 0.5 m). Both passed IMO static stability criteria at every loading condition, establishing that dynamic seakeeping rather than static stability is the binding constraint — and, critically, that the binding wave height differs by vessel. This grounds the small-vessel row.",Original queue location retained. Exact before/after text is in edit-log.json; category is not an empirical validation claim.
878,publications/active/journal-1/submissions/v1-initial-submission/manuscript.md,5.3.2 Per-Component Classification Functions,200,4,figure/table value,Configured threshold or cited hull-study value; hypothetical contrasts remain illustrative,docs/canonical/appendix-c-formalisation.md C.1/C.2,current,retained,"*Tier 1 — Hydrodynamics.* Yaakob et al. (2015), applying naval architecture methods (Maxsurf, JONSWAP spectrum, NORDFORSK 1987 criteria) to two traditional Malaysian small fishing boats from the Johor coast (LOA 5.03 and 6.54 m, both < 10 GRT), established vessel-specific operability limits: the 6.54 m hull remained within NORDFORSK limits to Sea State 3 (operational ceiling Hs ≈ 1.25 m) and exceeded them at Sea State 4 (Hs ≈ 1.875 m), while the 5.03 m hull remained within limits only to Sea State 2 (ceiling Hs ≈ 0.5 m). Both passed IMO static stability criteria at every loading condition, establishing that dynamic seakeeping rather than static stability is the binding constraint — and, critically, that the binding wave height differs by vessel. This grounds the small-vessel row.",Original queue location retained. Exact before/after text is in edit-log.json; category is not an empirical validation claim.
879,publications/active/journal-1/submissions/v1-initial-submission/manuscript.md,5.3.2 Per-Component Classification Functions,200,1.875,figure/table value,Configured threshold or cited hull-study value; hypothetical contrasts remain illustrative,docs/canonical/appendix-c-formalisation.md C.1/C.2,current,retained,"*Tier 1 — Hydrodynamics.* Yaakob et al. (2015), applying naval architecture methods (Maxsurf, JONSWAP spectrum, NORDFORSK 1987 criteria) to two traditional Malaysian small fishing boats from the Johor coast (LOA 5.03 and 6.54 m, both < 10 GRT), established vessel-specific operability limits: the 6.54 m hull remained within NORDFORSK limits to Sea State 3 (operational ceiling Hs ≈ 1.25 m) and exceeded them at Sea State 4 (Hs ≈ 1.875 m), while the 5.03 m hull remained within limits only to Sea State 2 (ceiling Hs ≈ 0.5 m). Both passed IMO static stability criteria at every loading condition, establishing that dynamic seakeeping rather than static stability is the binding constraint — and, critically, that the binding wave height differs by vessel. This grounds the small-vessel row.",Original queue location retained. Exact before/after text is in edit-log.json; category is not an empirical validation claim.
880,publications/active/journal-1/submissions/v1-initial-submission/manuscript.md,5.3.2 Per-Component Classification Functions,200,5.03,figure/table value,Configured threshold or cited hull-study value; hypothetical contrasts remain illustrative,docs/canonical/appendix-c-formalisation.md C.1/C.2,current,retained,"*Tier 1 — Hydrodynamics.* Yaakob et al. (2015), applying naval architecture methods (Maxsurf, JONSWAP spectrum, NORDFORSK 1987 criteria) to two traditional Malaysian small fishing boats from the Johor coast (LOA 5.03 and 6.54 m, both < 10 GRT), established vessel-specific operability limits: the 6.54 m hull remained within NORDFORSK limits to Sea State 3 (operational ceiling Hs ≈ 1.25 m) and exceeded them at Sea State 4 (Hs ≈ 1.875 m), while the 5.03 m hull remained within limits only to Sea State 2 (ceiling Hs ≈ 0.5 m). Both passed IMO static stability criteria at every loading condition, establishing that dynamic seakeeping rather than static stability is the binding constraint — and, critically, that the binding wave height differs by vessel. This grounds the small-vessel row.",Original queue location retained. Exact before/after text is in edit-log.json; category is not an empirical validation claim.
881,publications/active/journal-1/submissions/v1-initial-submission/manuscript.md,5.3.2 Per-Component Classification Functions,200,2,figure/table value,Configured threshold or cited hull-study value; hypothetical contrasts remain illustrative,docs/canonical/appendix-c-formalisation.md C.1/C.2,current,retained,"*Tier 1 — Hydrodynamics.* Yaakob et al. (2015), applying naval architecture methods (Maxsurf, JONSWAP spectrum, NORDFORSK 1987 criteria) to two traditional Malaysian small fishing boats from the Johor coast (LOA 5.03 and 6.54 m, both < 10 GRT), established vessel-specific operability limits: the 6.54 m hull remained within NORDFORSK limits to Sea State 3 (operational ceiling Hs ≈ 1.25 m) and exceeded them at Sea State 4 (Hs ≈ 1.875 m), while the 5.03 m hull remained within limits only to Sea State 2 (ceiling Hs ≈ 0.5 m). Both passed IMO static stability criteria at every loading condition, establishing that dynamic seakeeping rather than static stability is the binding constraint — and, critically, that the binding wave height differs by vessel. This grounds the small-vessel row.",Original queue location retained. Exact before/after text is in edit-log.json; category is not an empirical validation claim.
882,publications/active/journal-1/submissions/v1-initial-submission/manuscript.md,5.3.2 Per-Component Classification Functions,200,0.5,figure/table value,Configured threshold or cited hull-study value; hypothetical contrasts remain illustrative,docs/canonical/appendix-c-formalisation.md C.1/C.2,current,retained,"*Tier 1 — Hydrodynamics.* Yaakob et al. (2015), applying naval architecture methods (Maxsurf, JONSWAP spectrum, NORDFORSK 1987 criteria) to two traditional Malaysian small fishing boats from the Johor coast (LOA 5.03 and 6.54 m, both < 10 GRT), established vessel-specific operability limits: the 6.54 m hull remained within NORDFORSK limits to Sea State 3 (operational ceiling Hs ≈ 1.25 m) and exceeded them at Sea State 4 (Hs ≈ 1.875 m), while the 5.03 m hull remained within limits only to Sea State 2 (ceiling Hs ≈ 0.5 m). Both passed IMO static stability criteria at every loading condition, establishing that dynamic seakeeping rather than static stability is the binding constraint — and, critically, that the binding wave height differs by vessel. This grounds the small-vessel row.",Original queue location retained. Exact before/after text is in edit-log.json; category is not an empirical validation claim.
903,publications/active/journal-1/submissions/v1-initial-submission/manuscript.md,5.3.2 Per-Component Classification Functions,204,3,figure/table value,Configured threshold or cited hull-study value; hypothetical contrasts remain illustrative,docs/canonical/appendix-c-formalisation.md C.1/C.2,current,retained,"*Tier 3 — State Policy.* MET Malaysia's Category 1 maximum wave height of 3.5 m anchors the big-vessel CAUTION/UNSAFE boundary, and Hs_KIMO independently returns 1.58 m at 16 m LOA — bracketing the 1.5 m SAFE/CAUTION boundary for that row.",Original queue location retained. Exact before/after text is in edit-log.json; category is not an empirical validation claim.
904,publications/active/journal-1/submissions/v1-initial-submission/manuscript.md,5.3.2 Per-Component Classification Functions,204,1,figure/table value,Configured threshold or cited hull-study value; hypothetical contrasts remain illustrative,docs/canonical/appendix-c-formalisation.md C.1/C.2,current,retained,"*Tier 3 — State Policy.* MET Malaysia's Category 1 maximum wave height of 3.5 m anchors the big-vessel CAUTION/UNSAFE boundary, and Hs_KIMO independently returns 1.58 m at 16 m LOA — bracketing the 1.5 m SAFE/CAUTION boundary for that row.",Original queue location retained. Exact before/after text is in edit-log.json; category is not an empirical validation claim.
905,publications/active/journal-1/submissions/v1-initial-submission/manuscript.md,5.3.2 Per-Component Classification Functions,204,3.5,figure/table value,Configured threshold or cited hull-study value; hypothetical contrasts remain illustrative,docs/canonical/appendix-c-formalisation.md C.1/C.2,current,retained,"*Tier 3 — State Policy.* MET Malaysia's Category 1 maximum wave height of 3.5 m anchors the big-vessel CAUTION/UNSAFE boundary, and Hs_KIMO independently returns 1.58 m at 16 m LOA — bracketing the 1.5 m SAFE/CAUTION boundary for that row.",Original queue location retained. Exact before/after text is in edit-log.json; category is not an empirical validation claim.
906,publications/active/journal-1/submissions/v1-initial-submission/manuscript.md,5.3.2 Per-Component Classification Functions,204,1.58,figure/table value,Configured threshold or cited hull-study value; hypothetical contrasts remain illustrative,docs/canonical/appendix-c-formalisation.md C.1/C.2,current,retained,"*Tier 3 — State Policy.* MET Malaysia's Category 1 maximum wave height of 3.5 m anchors the big-vessel CAUTION/UNSAFE boundary, and Hs_KIMO independently returns 1.58 m at 16 m LOA — bracketing the 1.5 m SAFE/CAUTION boundary for that row.",Original queue location retained. Exact before/after text is in edit-log.json; category is not an empirical validation claim.
907,publications/active/journal-1/submissions/v1-initial-submission/manuscript.md,5.3.2 Per-Component Classification Functions,204,16,figure/table value,Configured threshold or cited hull-study value; hypothetical contrasts remain illustrative,docs/canonical/appendix-c-formalisation.md C.1/C.2,current,retained,"*Tier 3 — State Policy.* MET Malaysia's Category 1 maximum wave height of 3.5 m anchors the big-vessel CAUTION/UNSAFE boundary, and Hs_KIMO independently returns 1.58 m at 16 m LOA — bracketing the 1.5 m SAFE/CAUTION boundary for that row.",Original queue location retained. Exact before/after text is in edit-log.json; category is not an empirical validation claim.
908,publications/active/journal-1/submissions/v1-initial-submission/manuscript.md,5.3.2 Per-Component Classification Functions,204,1.5,figure/table value,Configured threshold or cited hull-study value; hypothetical contrasts remain illustrative,docs/canonical/appendix-c-formalisation.md C.1/C.2,current,retained,"*Tier 3 — State Policy.* MET Malaysia's Category 1 maximum wave height of 3.5 m anchors the big-vessel CAUTION/UNSAFE boundary, and Hs_KIMO independently returns 1.58 m at 16 m LOA — bracketing the 1.5 m SAFE/CAUTION boundary for that row.",Original queue location retained. Exact before/after text is in edit-log.json; category is not an empirical validation claim.
940,publications/active/journal-1/submissions/v1-initial-submission/manuscript.md,5.3.3 Classification Function and Totality Theorem,224,5.3,figure/table value,Configured threshold or cited hull-study value; hypothetical contrasts remain illustrative,docs/canonical/appendix-c-formalisation.md C.1/C.2,current,retained,"where max_≻ denotes the maximum under the severity order ≻ from Definition 5.3, returning the greatest element of the set under that order. The output S = f(E) ∈ {SAFE, CAUTION, UNSAFE}.",Original queue location retained. Exact before/after text is in edit-log.json; category is not an empirical validation claim.
944,publications/active/journal-1/submissions/v1-initial-submission/manuscript.md,5.3.3 Classification Function and Totality Theorem,232,6.1,figure/table value,Configured threshold or cited hull-study value; hypothetical contrasts remain illustrative,docs/canonical/appendix-c-formalisation.md,stale,changed,Proof deferred to Section 6.1. Totality follows from exhaustive domain coverage of each gᵢ (the domain partition for each component is complete and non-overlapping) and from the fact that max_≻ over a finite totally ordered set is always defined and unique.,Original queue location retained. Exact before/after text is in edit-log.json; category is not an empirical validation claim.
1201,publications/active/journal-1/submissions/v1-initial-submission/manuscript.md,9. Prototype Implementation,576,26,result,State/admissible-set characterisation; scope as stated in source text,data/c8/canonical-results-post-migration.txt; docs/canonical/report-c8-migration-2026-09-08.md,current,retained,"- Hysteresis smoothing at state transition boundaries. ⚠️ **Present as a retained precaution, not a necessity.** Measured on five years of site data under the canonical specification: 26 oscillation events (5.2/yr), hysteresis reduces non-scheduled transitions by 10.36%. State the hourly-resolution bound. See `empirical-findings-2026-09-06.md` F-6",Original queue location retained. Exact before/after text is in edit-log.json; category is not an empirical validation claim.
1202,publications/active/journal-1/submissions/v1-initial-submission/manuscript.md,9. Prototype Implementation,576,5.2,result,State/admissible-set characterisation; scope as stated in source text,data/c8/canonical-results-post-migration.txt; docs/canonical/report-c8-migration-2026-09-08.md,current,retained,"- Hysteresis smoothing at state transition boundaries. ⚠️ **Present as a retained precaution, not a necessity.** Measured on five years of site data under the canonical specification: 26 oscillation events (5.2/yr), hysteresis reduces non-scheduled transitions by 10.36%. State the hourly-resolution bound. See `empirical-findings-2026-09-06.md` F-6",Original queue location retained. Exact before/after text is in edit-log.json; category is not an empirical validation claim.
1203,publications/active/journal-1/submissions/v1-initial-submission/manuscript.md,9. Prototype Implementation,576,10.36%,result,State/admissible-set characterisation; scope as stated in source text,data/c8/canonical-results-post-migration.txt; docs/canonical/report-c8-migration-2026-09-08.md,current,retained,"- Hysteresis smoothing at state transition boundaries. ⚠️ **Present as a retained precaution, not a necessity.** Measured on five years of site data under the canonical specification: 26 oscillation events (5.2/yr), hysteresis reduces non-scheduled transitions by 10.36%. State the hourly-resolution bound. See `empirical-findings-2026-09-06.md` F-6",Original queue location retained. Exact before/after text is in edit-log.json; category is not an empirical validation claim.
1205,publications/active/journal-1/submissions/v1-initial-submission/manuscript.md,9. Prototype Implementation,576,09,result,State/admissible-set characterisation; scope as stated in source text,data/c8/canonical-results-post-migration.txt; docs/canonical/report-c8-migration-2026-09-08.md,current,retained,"- Hysteresis smoothing at state transition boundaries. ⚠️ **Present as a retained precaution, not a necessity.** Measured on five years of site data under the canonical specification: 26 oscillation events (5.2/yr), hysteresis reduces non-scheduled transitions by 10.36%. State the hourly-resolution bound. See `empirical-findings-2026-09-06.md` F-6",Original queue location retained. Exact before/after text is in edit-log.json; category is not an empirical validation claim.
1206,publications/active/journal-1/submissions/v1-initial-submission/manuscript.md,9. Prototype Implementation,576,06,result,State/admissible-set characterisation; scope as stated in source text,data/c8/canonical-results-post-migration.txt; docs/canonical/report-c8-migration-2026-09-08.md,current,retained,"- Hysteresis smoothing at state transition boundaries. ⚠️ **Present as a retained precaution, not a necessity.** Measured on five years of site data under the canonical specification: 26 oscillation events (5.2/yr), hysteresis reduces non-scheduled transitions by 10.36%. State the hourly-resolution bound. See `empirical-findings-2026-09-06.md` F-6",Original queue location retained. Exact before/after text is in edit-log.json; category is not an empirical validation claim.
1207,publications/active/journal-1/submissions/v1-initial-submission/manuscript.md,9. Prototype Implementation,576,6,result,State/admissible-set characterisation; scope as stated in source text,data/c8/canonical-results-post-migration.txt; docs/canonical/report-c8-migration-2026-09-08.md,current,retained,"- Hysteresis smoothing at state transition boundaries. ⚠️ **Present as a retained precaution, not a necessity.** Measured on five years of site data under the canonical specification: 26 oscillation events (5.2/yr), hysteresis reduces non-scheduled transitions by 10.36%. State the hourly-resolution bound. See `empirical-findings-2026-09-06.md` F-6",Original queue location retained. Exact before/after text is in edit-log.json; category is not an empirical validation claim.
1212,publications/active/journal-1/submissions/v1-initial-submission/manuscript.md,12. Ablation Study,631,6,result,State/admissible-set characterisation; scope as stated in source text,data/c8/canonical-results-post-migration.txt; docs/canonical/report-c8-migration-2026-09-08.md,current,retained,"- Remove hysteresis smoothing — measures mode-chattering frequency. ⚠️ **Already run on historical replay (F-6), canonical specification: 3,661 transitions, the large majority scheduled solar events, 26 genuine oscillations in five years, 10.36% reduction from hysteresis.** This ablation reports a near-null result; write it up as such rather than re-running it as an open question",Original queue location retained. Exact before/after text is in edit-log.json; category is not an empirical validation claim.
1213,publications/active/journal-1/submissions/v1-initial-submission/manuscript.md,12. Ablation Study,631,"3,661",result,State/admissible-set characterisation; scope as stated in source text,data/c8/canonical-results-post-migration.txt; docs/canonical/report-c8-migration-2026-09-08.md,current,retained,"- Remove hysteresis smoothing — measures mode-chattering frequency. ⚠️ **Already run on historical replay (F-6), canonical specification: 3,661 transitions, the large majority scheduled solar events, 26 genuine oscillations in five years, 10.36% reduction from hysteresis.** This ablation reports a near-null result; write it up as such rather than re-running it as an open question",Original queue location retained. Exact before/after text is in edit-log.json; category is not an empirical validation claim.
1214,publications/active/journal-1/submissions/v1-initial-submission/manuscript.md,12. Ablation Study,631,26,result,State/admissible-set characterisation; scope as stated in source text,data/c8/canonical-results-post-migration.txt; docs/canonical/report-c8-migration-2026-09-08.md,current,retained,"- Remove hysteresis smoothing — measures mode-chattering frequency. ⚠️ **Already run on historical replay (F-6), canonical specification: 3,661 transitions, the large majority scheduled solar events, 26 genuine oscillations in five years, 10.36% reduction from hysteresis.** This ablation reports a near-null result; write it up as such rather than re-running it as an open question",Original queue location retained. Exact before/after text is in edit-log.json; category is not an empirical validation claim.
1215,publications/active/journal-1/submissions/v1-initial-submission/manuscript.md,12. Ablation Study,631,10.36%,result,State/admissible-set characterisation; scope as stated in source text,data/c8/canonical-results-post-migration.txt; docs/canonical/report-c8-migration-2026-09-08.md,current,retained,"- Remove hysteresis smoothing — measures mode-chattering frequency. ⚠️ **Already run on historical replay (F-6), canonical specification: 3,661 transitions, the large majority scheduled solar events, 26 genuine oscillations in five years, 10.36% reduction from hysteresis.** This ablation reports a near-null result; write it up as such rather than re-running it as an open question",Original queue location retained. Exact before/after text is in edit-log.json; category is not an empirical validation claim.
