file,section,line,metric_name,value,canonical_expected,classification,audit_status,context,note
publications/active/ipsci-2026/submissions/v3-revision/manuscript-v3.md,Preamble,3,not yet mapped: numeric token,2026,PENDING — SC-3 stopped traceability review,ambiguous,AMBIGUOUS,IPSci 2026 — v3 REVISION (working draft),comment/provenance
publications/active/ipsci-2026/submissions/v3-revision/manuscript-v3.md,Preamble,4,not yet mapped: numeric token,2026,PENDING — SC-3 stopped traceability review,ambiguous,AMBIGUOUS,Forked 2026-09-06 from v2-post-review/manuscript-v2.5-submitted.md,comment/provenance
publications/active/ipsci-2026/submissions/v3-revision/manuscript-v3.md,Preamble,4,not yet mapped: numeric token,09,PENDING — SC-3 stopped traceability review,ambiguous,AMBIGUOUS,Forked 2026-09-06 from v2-post-review/manuscript-v2.5-submitted.md,comment/provenance
publications/active/ipsci-2026/submissions/v3-revision/manuscript-v3.md,Preamble,4,not yet mapped: numeric token,06,PENDING — SC-3 stopped traceability review,ambiguous,AMBIGUOUS,Forked 2026-09-06 from v2-post-review/manuscript-v2.5-submitted.md,comment/provenance
publications/active/ipsci-2026/submissions/v3-revision/manuscript-v3.md,Preamble,4,not yet mapped: numeric token,5,PENDING — SC-3 stopped traceability review,ambiguous,AMBIGUOUS,Forked 2026-09-06 from v2-post-review/manuscript-v2.5-submitted.md,comment/provenance
publications/active/ipsci-2026/submissions/v3-revision/manuscript-v3.md,Preamble,7,not yet mapped: numeric token,5,PENDING — SC-3 stopped traceability review,ambiguous,AMBIGUOUS,  v2.5 .docx    — the artifact actually submitted for review; contains embedded,comment/provenance
publications/active/ipsci-2026/submissions/v3-revision/manuscript-v3.md,Preamble,9,not yet mapped: numeric token,5,PENDING — SC-3 stopped traceability review,ambiguous,AMBIGUOUS,  v2.5 .md      — working transcript of the above. Already carried post-submission,comment/provenance
publications/active/ipsci-2026/submissions/v3-revision/manuscript-v3.md,Preamble,11,not yet mapped: numeric token,37,PENDING — SC-3 stopped traceability review,ambiguous,AMBIGUOUS,"                  [37]→[33]) per revision-notes.md, plus the supervisor-feedback",comment/provenance
publications/active/ipsci-2026/submissions/v3-revision/manuscript-v3.md,Preamble,11,not yet mapped: numeric token,33,PENDING — SC-3 stopped traceability review,ambiguous,AMBIGUOUS,"                  [37]→[33]) per revision-notes.md, plus the supervisor-feedback",comment/provenance
publications/active/ipsci-2026/submissions/v3-revision/manuscript-v3.md,Preamble,12,not yet mapped: numeric token,2026,PENDING — SC-3 stopped traceability review,ambiguous,AMBIGUOUS,"                  additions of 2026-08-20 (Formal Properties, Algorithm",comment/provenance
publications/active/ipsci-2026/submissions/v3-revision/manuscript-v3.md,Preamble,12,not yet mapped: numeric token,08,PENDING — SC-3 stopped traceability review,ambiguous,AMBIGUOUS,"                  additions of 2026-08-20 (Formal Properties, Algorithm",comment/provenance
publications/active/ipsci-2026/submissions/v3-revision/manuscript-v3.md,Preamble,12,not yet mapped: numeric token,20,PENDING — SC-3 stopped traceability review,ambiguous,AMBIGUOUS,"                  additions of 2026-08-20 (Formal Properties, Algorithm",comment/provenance
publications/active/ipsci-2026/submissions/v3-revision/manuscript-v3.md,Preamble,17,not yet mapped: numeric token,5,PENDING — SC-3 stopped traceability review,ambiguous,AMBIGUOUS,  v3 .md        — THIS FILE. All further revision happens here. v2.5 .md is now,comment/provenance
publications/active/ipsci-2026/submissions/v3-revision/manuscript-v3.md,Preamble,20,not yet mapped: numeric token,5,PENDING — SC-3 stopped traceability review,ambiguous,AMBIGUOUS,REVIEW OUTCOME (v2.5): REJECTED,comment/provenance
publications/active/ipsci-2026/submissions/v3-revision/manuscript-v3.md,Preamble,21,not yet mapped: numeric token,1,PENDING — SC-3 stopped traceability review,ambiguous,AMBIGUOUS,  Review 1 — accept w/ minor revision; check comparative table; add experimental,comment/provenance
publications/active/ipsci-2026/submissions/v3-revision/manuscript-v3.md,Preamble,23,not yet mapped: numeric token,2,PENDING — SC-3 stopped traceability review,ambiguous,AMBIGUOUS,  Review 2 — DISREGARD. Reviews a different paper entirely (Twitter bot,comment/provenance
publications/active/ipsci-2026/submissions/v3-revision/manuscript-v3.md,Preamble,24,not yet mapped: numeric token,22,PENDING — SC-3 stopped traceability review,ambiguous,AMBIGUOUS,"             detection, TwiBot-22, F1 0.552, SHAP, BotRGCN; names the AMICT",comment/provenance
publications/active/ipsci-2026/submissions/v3-revision/manuscript-v3.md,Preamble,24,not yet mapped: numeric token,0.552,PENDING — SC-3 stopped traceability review,ambiguous,AMBIGUOUS,"             detection, TwiBot-22, F1 0.552, SHAP, BotRGCN; names the AMICT",comment/provenance
publications/active/ipsci-2026/submissions/v3-revision/manuscript-v3.md,Preamble,26,not yet mapped: numeric token,3,PENDING — SC-3 stopped traceability review,ambiguous,AMBIGUOUS,"  Review 3 — reject; ""lacks the technical and empirical evidence necessary to",comment/provenance
publications/active/ipsci-2026/submissions/v3-revision/manuscript-v3.md,Preamble,31,not yet mapped: numeric token,1,PENDING — SC-3 stopped traceability review,ambiguous,AMBIGUOUS,      New TABLE IIIb + rationale subsection; Theorem 1 product-domain proof;,comment/provenance
publications/active/ipsci-2026/submissions/v3-revision/manuscript-v3.md,Preamble,32,not yet mapped: numeric token,1,PENDING — SC-3 stopped traceability review,ambiguous,AMBIGUOUS,      Algorithm 1 five terms; complexity claim; Threats to Validity qualified.,comment/provenance
publications/active/ipsci-2026/submissions/v3-revision/manuscript-v3.md,Preamble,33,not yet mapped: numeric token,4,PENDING — SC-3 stopped traceability review,ambiguous,AMBIGUOUS,  [x] Fig. 4 — all three panels now carry numeric values and per-component,comment/provenance
publications/active/ipsci-2026/submissions/v3-revision/manuscript-v3.md,Preamble,37,not yet mapped: numeric token,27,PENDING — SC-3 stopped traceability review,ambiguous,AMBIGUOUS,  [x] Citation error found and fixed: Ghaleb et al. was cited as [27] in Domain,comment/provenance
publications/active/ipsci-2026/submissions/v3-revision/manuscript-v3.md,Preamble,38,not yet mapped: numeric token,27,PENDING — SC-3 stopped traceability review,ambiguous,AMBIGUOUS,      Instantiation; [27] is Cash et al. Corrected to [24]. NOT in revision-notes.,comment/provenance
publications/active/ipsci-2026/submissions/v3-revision/manuscript-v3.md,Preamble,38,not yet mapped: numeric token,24,PENDING — SC-3 stopped traceability review,ambiguous,AMBIGUOUS,      Instantiation; [27] is Cash et al. Corrected to [24]. NOT in revision-notes.,comment/provenance
publications/active/ipsci-2026/submissions/v3-revision/manuscript-v3.md,Preamble,39,not yet mapped: numeric token,1.9,PENDING — SC-3 stopped traceability review,ambiguous,AMBIGUOUS,  [x] Threshold amendment applied: small-vessel UNSAFE 1.9 -> 1.25 m (Yaakob,comment/provenance
publications/active/ipsci-2026/submissions/v3-revision/manuscript-v3.md,Preamble,39,not yet mapped: numeric token,1.25,PENDING — SC-3 stopped traceability review,ambiguous,AMBIGUOUS,  [x] Threshold amendment applied: small-vessel UNSAFE 1.9 -> 1.25 m (Yaakob,comment/provenance
publications/active/ipsci-2026/submissions/v3-revision/manuscript-v3.md,Preamble,40,not yet mapped: numeric token,4,PENDING — SC-3 stopped traceability review,ambiguous,AMBIGUOUS,"      operational ceiling, not failure point). Fig. 4 corrected — the header",comment/provenance
publications/active/ipsci-2026/submissions/v3-revision/manuscript-v3.md,Preamble,41,not yet mapped: numeric token,1.9,PENDING — SC-3 stopped traceability review,ambiguous,AMBIGUOUS,      note still read 1.9 m and the mid-morning ocean value of 1.4 m would,comment/provenance
publications/active/ipsci-2026/submissions/v3-revision/manuscript-v3.md,Preamble,41,not yet mapped: numeric token,1.4,PENDING — SC-3 stopped traceability review,ambiguous,AMBIGUOUS,      note still read 1.9 m and the mid-morning ocean value of 1.4 m would,comment/provenance
publications/active/ipsci-2026/submissions/v3-revision/manuscript-v3.md,Preamble,42,not yet mapped: numeric token,1.1,PENDING — SC-3 stopped traceability review,ambiguous,AMBIGUOUS,"      have classified UNSAFE, not CAUTION, under the amended row. Now 1.1 m.",comment/provenance
publications/active/ipsci-2026/submissions/v3-revision/manuscript-v3.md,Preamble,43,not yet mapped: numeric token,6,PENDING — SC-3 stopped traceability review,ambiguous,AMBIGUOUS,"  [x] Mode-chattering claim qualified, not dropped (F-6). Both occurrences.",comment/provenance
publications/active/ipsci-2026/submissions/v3-revision/manuscript-v3.md,Preamble,45,not yet mapped: numeric token,2,PENDING — SC-3 stopped traceability review,ambiguous,AMBIGUOUS,      Five results + TABLE VI (component binding shares). Headline: Level 2,comment/provenance
publications/active/ipsci-2026/submissions/v3-revision/manuscript-v3.md,Preamble,46,not yet mapped: numeric token,5.81%,PENDING — SC-3 stopped traceability review,ambiguous,AMBIGUOUS,"      binds 5.81% of departure hours (5 yr) / 4.48% (3.25 yr, finer waves).",comment/provenance
publications/active/ipsci-2026/submissions/v3-revision/manuscript-v3.md,Preamble,46,not yet mapped: numeric token,5,PENDING — SC-3 stopped traceability review,ambiguous,AMBIGUOUS,"      binds 5.81% of departure hours (5 yr) / 4.48% (3.25 yr, finer waves).",comment/provenance
publications/active/ipsci-2026/submissions/v3-revision/manuscript-v3.md,Preamble,46,not yet mapped: numeric token,4.48%,PENDING — SC-3 stopped traceability review,ambiguous,AMBIGUOUS,"      binds 5.81% of departure hours (5 yr) / 4.48% (3.25 yr, finer waves).",comment/provenance
publications/active/ipsci-2026/submissions/v3-revision/manuscript-v3.md,Preamble,46,not yet mapped: numeric token,3.25,PENDING — SC-3 stopped traceability review,ambiguous,AMBIGUOUS,"      binds 5.81% of departure hours (5 yr) / 4.48% (3.25 yr, finer waves).",comment/provenance
publications/active/ipsci-2026/submissions/v3-revision/manuscript-v3.md,Preamble,47,not yet mapped: numeric token,1,PENDING — SC-3 stopped traceability review,ambiguous,AMBIGUOUS,"      Answers Review 1 (""add experimental validation"") and Review 3",comment/provenance
publications/active/ipsci-2026/submissions/v3-revision/manuscript-v3.md,Preamble,47,not yet mapped: numeric token,3,PENDING — SC-3 stopped traceability review,ambiguous,AMBIGUOUS,"      Answers Review 1 (""add experimental validation"") and Review 3",comment/provenance
publications/active/ipsci-2026/submissions/v3-revision/manuscript-v3.md,Preamble,50,not yet mapped: numeric token,100%,PENDING — SC-3 stopped traceability review,ambiguous,AMBIGUOUS,"      REMOVED — the previous text asserted ""100% Safety Dominance compliance",comment/provenance
publications/active/ipsci-2026/submissions/v3-revision/manuscript-v3.md,Preamble,51,not yet mapped: numeric token,20,PENDING — SC-3 stopped traceability review,ambiguous,AMBIGUOUS,"      across all 20 test scenarios"" as a completed fidelity check. The",comment/provenance
publications/active/ipsci-2026/submissions/v3-revision/manuscript-v3.md,Preamble,54,not yet mapped: numeric token,20,PENDING — SC-3 stopped traceability review,ambiguous,AMBIGUOUS,      20 scenarios rewritten to match what was actually done.,comment/provenance
publications/active/ipsci-2026/submissions/v3-revision/manuscript-v3.md,Preamble,57,not yet mapped: numeric token,6,PENDING — SC-3 stopped traceability review,ambiguous,AMBIGUOUS,      Result 6 + TABLE VII in Empirical Characterisation. C3 diverges from C1,comment/provenance
publications/active/ipsci-2026/submissions/v3-revision/manuscript-v3.md,Preamble,58,not yet mapped: numeric token,0.00%,PENDING — SC-3 stopped traceability review,ambiguous,AMBIGUOUS,      in 0.00% of hours: the closest structural precedent is output-equivalent,comment/provenance
publications/active/ipsci-2026/submissions/v3-revision/manuscript-v3.md,Preamble,59,not yet mapped: numeric token,1,PENDING — SC-3 stopped traceability review,ambiguous,AMBIGUOUS,      to a plain binary gate — in BOTH configurations. Also isolates Level 1,comment/provenance
publications/active/ipsci-2026/submissions/v3-revision/manuscript-v3.md,Preamble,60,not yet mapped: numeric token,42.88%,PENDING — SC-3 stopped traceability review,ambiguous,AMBIGUOUS,      (42.88%) from Level 2 (5.81%). P21-P24 registered before the run and,comment/provenance
publications/active/ipsci-2026/submissions/v3-revision/manuscript-v3.md,Preamble,60,not yet mapped: numeric token,2,PENDING — SC-3 stopped traceability review,ambiguous,AMBIGUOUS,      (42.88%) from Level 2 (5.81%). P21-P24 registered before the run and,comment/provenance
publications/active/ipsci-2026/submissions/v3-revision/manuscript-v3.md,Preamble,60,not yet mapped: numeric token,5.81%,PENDING — SC-3 stopped traceability review,ambiguous,AMBIGUOUS,      (42.88%) from Level 2 (5.81%). P21-P24 registered before the run and,comment/provenance
publications/active/ipsci-2026/submissions/v3-revision/manuscript-v3.md,Preamble,62,not yet mapped: numeric token,3,PENDING — SC-3 stopped traceability review,ambiguous,AMBIGUOUS,      Answers Review 3's novelty objection with a measurement.,comment/provenance
publications/active/ipsci-2026/submissions/v3-revision/manuscript-v3.md,Preamble,63,not yet mapped: numeric token,2026,PENDING — SC-3 stopped traceability review,ambiguous,AMBIGUOUS,"  [x] DUAL-CONFIGURATION REPORTING adopted (""option C"", 2026-09-06). A",comment/provenance
publications/active/ipsci-2026/submissions/v3-revision/manuscript-v3.md,Preamble,63,not yet mapped: numeric token,09,PENDING — SC-3 stopped traceability review,ambiguous,AMBIGUOUS,"  [x] DUAL-CONFIGURATION REPORTING adopted (""option C"", 2026-09-06). A",comment/provenance
publications/active/ipsci-2026/submissions/v3-revision/manuscript-v3.md,Preamble,63,not yet mapped: numeric token,06,PENDING — SC-3 stopped traceability review,ambiguous,AMBIGUOUS,"  [x] DUAL-CONFIGURATION REPORTING adopted (""option C"", 2026-09-06). A",comment/provenance
publications/active/ipsci-2026/submissions/v3-revision/manuscript-v3.md,Preamble,65,not yet mapped: numeric token,6.1%,PENDING — SC-3 stopped traceability review,ambiguous,AMBIGUOUS,"      6.1% came from MFWAM, which starts Oct 2021 — 3.25 years. Worse, F-4",comment/provenance
publications/active/ipsci-2026/submissions/v3-revision/manuscript-v3.md,Preamble,65,not yet mapped: numeric token,2021,PENDING — SC-3 stopped traceability review,ambiguous,AMBIGUOUS,"      6.1% came from MFWAM, which starts Oct 2021 — 3.25 years. Worse, F-4",comment/provenance
publications/active/ipsci-2026/submissions/v3-revision/manuscript-v3.md,Preamble,65,not yet mapped: numeric token,3.25,PENDING — SC-3 stopped traceability review,ambiguous,AMBIGUOUS,"      6.1% came from MFWAM, which starts Oct 2021 — 3.25 years. Worse, F-4",comment/provenance
publications/active/ipsci-2026/submissions/v3-revision/manuscript-v3.md,Preamble,65,not yet mapped: numeric token,4,PENDING — SC-3 stopped traceability review,ambiguous,AMBIGUOUS,"      6.1% came from MFWAM, which starts Oct 2021 — 3.25 years. Worse, F-4",comment/provenance
publications/active/ipsci-2026/submissions/v3-revision/manuscript-v3.md,Preamble,66,not yet mapped: numeric token,7,PENDING — SC-3 stopped traceability review,ambiguous,AMBIGUOUS,"      and F-7 (10.7%, 97.5%, 3.4%, 88.2%) reproduced ONLY under the v1",comment/provenance
publications/active/ipsci-2026/submissions/v3-revision/manuscript-v3.md,Preamble,66,not yet mapped: numeric token,10.7%,PENDING — SC-3 stopped traceability review,ambiguous,AMBIGUOUS,"      and F-7 (10.7%, 97.5%, 3.4%, 88.2%) reproduced ONLY under the v1",comment/provenance
publications/active/ipsci-2026/submissions/v3-revision/manuscript-v3.md,Preamble,66,not yet mapped: numeric token,97.5%,PENDING — SC-3 stopped traceability review,ambiguous,AMBIGUOUS,"      and F-7 (10.7%, 97.5%, 3.4%, 88.2%) reproduced ONLY under the v1",comment/provenance
publications/active/ipsci-2026/submissions/v3-revision/manuscript-v3.md,Preamble,66,not yet mapped: numeric token,3.4%,PENDING — SC-3 stopped traceability review,ambiguous,AMBIGUOUS,"      and F-7 (10.7%, 97.5%, 3.4%, 88.2%) reproduced ONLY under the v1",comment/provenance
publications/active/ipsci-2026/submissions/v3-revision/manuscript-v3.md,Preamble,66,not yet mapped: numeric token,88.2%,PENDING — SC-3 stopped traceability review,ambiguous,AMBIGUOUS,"      and F-7 (10.7%, 97.5%, 3.4%, 88.2%) reproduced ONLY under the v1",comment/provenance
publications/active/ipsci-2026/submissions/v3-revision/manuscript-v3.md,Preamble,67,not yet mapped: numeric token,1.9,PENDING — SC-3 stopped traceability review,ambiguous,AMBIGUOUS,      LAND-cell data AND the superseded 1.9 m threshold: propagating the,comment/provenance
publications/active/ipsci-2026/submissions/v3-revision/manuscript-v3.md,Preamble,70,not yet mapped: numeric token,5.00,PENDING — SC-3 stopped traceability review,ambiguous,AMBIGUOUS,"      on sea-cell data, reported as PRIMARY (5.00 yr, ERA5-Ocean 50 km) and",comment/provenance
publications/active/ipsci-2026/submissions/v3-revision/manuscript-v3.md,Preamble,70,not yet mapped: numeric token,50,PENDING — SC-3 stopped traceability review,ambiguous,AMBIGUOUS,"      on sea-cell data, reported as PRIMARY (5.00 yr, ERA5-Ocean 50 km) and",comment/provenance
publications/active/ipsci-2026/submissions/v3-revision/manuscript-v3.md,Preamble,71,not yet mapped: numeric token,3.25,PENDING — SC-3 stopped traceability review,ambiguous,AMBIGUOUS,"      RESOLUTION (3.25 yr, MFWAM 8 km).",comment/provenance
publications/active/ipsci-2026/submissions/v3-revision/manuscript-v3.md,Preamble,71,not yet mapped: numeric token,8,PENDING — SC-3 stopped traceability review,ambiguous,AMBIGUOUS,"      RESOLUTION (3.25 yr, MFWAM 8 km).",comment/provenance
publications/active/ipsci-2026/submissions/v3-revision/manuscript-v3.md,Preamble,72,not yet mapped: numeric token,3,PENDING — SC-3 stopped traceability review,ambiguous,AMBIGUOUS,"  [ ] Layer 3 rule engine unbuilt, so the comparison is at the ADMISSIBLE-SET",comment/provenance
publications/active/ipsci-2026/submissions/v3-revision/manuscript-v3.md,Preamble,73,not yet mapped: numeric token,6,PENDING — SC-3 stopped traceability review,ambiguous,AMBIGUOUS,"      level, not AI(E) content. Disclosed in Result 6 and Threats to Validity.",comment/provenance
publications/active/ipsci-2026/submissions/v3-revision/manuscript-v3.md,Preamble,76,not yet mapped: numeric token,7,PENDING — SC-3 stopped traceability review,ambiguous,AMBIGUOUS,      next-steps paragraph. Generalisation gains the F-7 scope statement —,comment/provenance
publications/active/ipsci-2026/submissions/v3-revision/manuscript-v3.md,Preamble,83,not yet mapped: numeric token,7.7%,PENDING — SC-3 stopped traceability review,ambiguous,AMBIGUOUS,"*Abstract--- How should AI advisory behaviour adapt as operational conditions deteriorate? Existing governance mechanisms are uniformly binary, meaning that the AI either generates its full recommendation set or is blocked entirely. This paper explores the available literature for the areas of AI governance, runtime assurance, human-AI collaboration, and deployment in low-resource settings, identifying how existing architectures limit the scope of AI advisory as environmental risk increases and providing motivation for a new governance architecture. Mechanistic studies show that there are three limitations: the inference pipeline is structurally fixed, the exploration of reasoning is a property of the decoding procedure and not a content-conditioned adaptation, and self-assessed confidence is unreliable and insensitive to past performance. Large-scale systematic reviews revealed that no architectural tactic demonstrated a formally positive impact on safety, while the most detailed guardrail taxonomy did not include a mechanism for restricting advisory scope based on environmental risk. Binary governance thus leaves intermediate-risk conditions structurally unaddressed: operators in low-resource settings either get full-scope tactical recommendations, or they do not get any. To address this gap, we propose a graduated safety-state-gated architecture, in which a participation gate and an AI advisory gate, both conditioned on the environmental safety state, produce an intermediate caution mode with formally restricted advisory scope. Three properties are proved: totality of the classifier, monotonic contraction of advisory scope, and safety dominance by construction. The architecture is instantiated for small-scale coastal fisheries and its governance layer executed against five years of hourly environmental data for the deployment site. The caution mode binds in 7.7% of departure-window hours for the operative vessel class over the full five-year record, and 6.0% when the wave input is replaced by a higher-resolution model covering a shorter period — conditions under which a binary architecture supplies its full recommendation set and this architecture withholds tactical output. Against the same record, a traffic-light baseline built on the closest structural precedent in the reviewed literature is shown to be output-equivalent to a plain binary gate, diverging from it in 0.00% of hours, which establishes the governance gap as a measurement rather than a claim. Predictions were pre-registered with numeric bounds before each analysis; twenty-two of twenty-four were confirmed and two refuted. Two predictions were additionally re-resolved when threshold provenance audits changed the specification they had been scored against — in one case reversing a refutation into a confirmation, in the other the reverse. Because no incident record exists for the site, the evaluation is a characterisation of governance behaviour and not a validation of classification correctness.*","Numeric extraction only; may be citation, date, identifier, illustration or result; semantic inventory incomplete."
publications/active/ipsci-2026/submissions/v3-revision/manuscript-v3.md,Preamble,83,not yet mapped: numeric token,6.0%,PENDING — SC-3 stopped traceability review,ambiguous,AMBIGUOUS,"*Abstract--- How should AI advisory behaviour adapt as operational conditions deteriorate? Existing governance mechanisms are uniformly binary, meaning that the AI either generates its full recommendation set or is blocked entirely. This paper explores the available literature for the areas of AI governance, runtime assurance, human-AI collaboration, and deployment in low-resource settings, identifying how existing architectures limit the scope of AI advisory as environmental risk increases and providing motivation for a new governance architecture. Mechanistic studies show that there are three limitations: the inference pipeline is structurally fixed, the exploration of reasoning is a property of the decoding procedure and not a content-conditioned adaptation, and self-assessed confidence is unreliable and insensitive to past performance. Large-scale systematic reviews revealed that no architectural tactic demonstrated a formally positive impact on safety, while the most detailed guardrail taxonomy did not include a mechanism for restricting advisory scope based on environmental risk. Binary governance thus leaves intermediate-risk conditions structurally unaddressed: operators in low-resource settings either get full-scope tactical recommendations, or they do not get any. To address this gap, we propose a graduated safety-state-gated architecture, in which a participation gate and an AI advisory gate, both conditioned on the environmental safety state, produce an intermediate caution mode with formally restricted advisory scope. Three properties are proved: totality of the classifier, monotonic contraction of advisory scope, and safety dominance by construction. The architecture is instantiated for small-scale coastal fisheries and its governance layer executed against five years of hourly environmental data for the deployment site. The caution mode binds in 7.7% of departure-window hours for the operative vessel class over the full five-year record, and 6.0% when the wave input is replaced by a higher-resolution model covering a shorter period — conditions under which a binary architecture supplies its full recommendation set and this architecture withholds tactical output. Against the same record, a traffic-light baseline built on the closest structural precedent in the reviewed literature is shown to be output-equivalent to a plain binary gate, diverging from it in 0.00% of hours, which establishes the governance gap as a measurement rather than a claim. Predictions were pre-registered with numeric bounds before each analysis; twenty-two of twenty-four were confirmed and two refuted. Two predictions were additionally re-resolved when threshold provenance audits changed the specification they had been scored against — in one case reversing a refutation into a confirmation, in the other the reverse. Because no incident record exists for the site, the evaluation is a characterisation of governance behaviour and not a validation of classification correctness.*","Numeric extraction only; may be citation, date, identifier, illustration or result; semantic inventory incomplete."
publications/active/ipsci-2026/submissions/v3-revision/manuscript-v3.md,Preamble,83,not yet mapped: numeric token,0.00%,PENDING — SC-3 stopped traceability review,ambiguous,AMBIGUOUS,"*Abstract--- How should AI advisory behaviour adapt as operational conditions deteriorate? Existing governance mechanisms are uniformly binary, meaning that the AI either generates its full recommendation set or is blocked entirely. This paper explores the available literature for the areas of AI governance, runtime assurance, human-AI collaboration, and deployment in low-resource settings, identifying how existing architectures limit the scope of AI advisory as environmental risk increases and providing motivation for a new governance architecture. Mechanistic studies show that there are three limitations: the inference pipeline is structurally fixed, the exploration of reasoning is a property of the decoding procedure and not a content-conditioned adaptation, and self-assessed confidence is unreliable and insensitive to past performance. Large-scale systematic reviews revealed that no architectural tactic demonstrated a formally positive impact on safety, while the most detailed guardrail taxonomy did not include a mechanism for restricting advisory scope based on environmental risk. Binary governance thus leaves intermediate-risk conditions structurally unaddressed: operators in low-resource settings either get full-scope tactical recommendations, or they do not get any. To address this gap, we propose a graduated safety-state-gated architecture, in which a participation gate and an AI advisory gate, both conditioned on the environmental safety state, produce an intermediate caution mode with formally restricted advisory scope. Three properties are proved: totality of the classifier, monotonic contraction of advisory scope, and safety dominance by construction. The architecture is instantiated for small-scale coastal fisheries and its governance layer executed against five years of hourly environmental data for the deployment site. The caution mode binds in 7.7% of departure-window hours for the operative vessel class over the full five-year record, and 6.0% when the wave input is replaced by a higher-resolution model covering a shorter period — conditions under which a binary architecture supplies its full recommendation set and this architecture withholds tactical output. Against the same record, a traffic-light baseline built on the closest structural precedent in the reviewed literature is shown to be output-equivalent to a plain binary gate, diverging from it in 0.00% of hours, which establishes the governance gap as a measurement rather than a claim. Predictions were pre-registered with numeric bounds before each analysis; twenty-two of twenty-four were confirmed and two refuted. Two predictions were additionally re-resolved when threshold provenance audits changed the specification they had been scored against — in one case reversing a refutation into a confirmation, in the other the reverse. Because no incident record exists for the site, the evaluation is a characterisation of governance behaviour and not a validation of classification correctness.*","Numeric extraction only; may be citation, date, identifier, illustration or result; semantic inventory incomplete."
publications/active/ipsci-2026/submissions/v3-revision/manuscript-v3.md,Introduction,89,not yet mapped: numeric token,"1,000",PENDING — SC-3 stopped traceability review,ambiguous,AMBIGUOUS,"AI decision support is growing more prevalent in safety-critical, human-in-the-loop scenarios across healthcare, industrial operations, autonomous transportation, and maritime operations. The governance accompanying this expansion is not keeping pace. Reuel et al. surveyed 1,000 organisations across 20 industries and found that none had reached both planning and operational AI governance maturity simultaneously, a systematic gap they warned ""could lead to increased (public) risks from AI systems"" [28]. In the event that process-level governance is not reliable, the safety argument falls to the architecture. The question is what that architecture should do as conditions deteriorate, specifically during the marginal conditions between the safe-to-dangerous endpoints.","Numeric extraction only; may be citation, date, identifier, illustration or result; semantic inventory incomplete."
publications/active/ipsci-2026/submissions/v3-revision/manuscript-v3.md,Introduction,89,not yet mapped: numeric token,20,PENDING — SC-3 stopped traceability review,ambiguous,AMBIGUOUS,"AI decision support is growing more prevalent in safety-critical, human-in-the-loop scenarios across healthcare, industrial operations, autonomous transportation, and maritime operations. The governance accompanying this expansion is not keeping pace. Reuel et al. surveyed 1,000 organisations across 20 industries and found that none had reached both planning and operational AI governance maturity simultaneously, a systematic gap they warned ""could lead to increased (public) risks from AI systems"" [28]. In the event that process-level governance is not reliable, the safety argument falls to the architecture. The question is what that architecture should do as conditions deteriorate, specifically during the marginal conditions between the safe-to-dangerous endpoints.","Numeric extraction only; may be citation, date, identifier, illustration or result; semantic inventory incomplete."
publications/active/ipsci-2026/submissions/v3-revision/manuscript-v3.md,Introduction,89,not yet mapped: numeric token,28,PENDING — SC-3 stopped traceability review,ambiguous,AMBIGUOUS,"AI decision support is growing more prevalent in safety-critical, human-in-the-loop scenarios across healthcare, industrial operations, autonomous transportation, and maritime operations. The governance accompanying this expansion is not keeping pace. Reuel et al. surveyed 1,000 organisations across 20 industries and found that none had reached both planning and operational AI governance maturity simultaneously, a systematic gap they warned ""could lead to increased (public) risks from AI systems"" [28]. In the event that process-level governance is not reliable, the safety argument falls to the architecture. The question is what that architecture should do as conditions deteriorate, specifically during the marginal conditions between the safe-to-dangerous endpoints.","Numeric extraction only; may be citation, date, identifier, illustration or result; semantic inventory incomplete."
publications/active/ipsci-2026/submissions/v3-revision/manuscript-v3.md,Introduction,91,not yet mapped: numeric token,4,PENDING — SC-3 stopped traceability review,ambiguous,AMBIGUOUS,"Current systems see this as a binary: the AI makes its entire set of recommendations or it is turned off. In cases where a binary gate receives marginal conditions, it simply assumes them to be safe, leaving the operator with full-scope tactical advice that the underlying data may no longer support. Wen et al. report the impact, noting that users receiving AI output under deteriorating conditions tend toward over-reliance, accepting recommendations they should question [4]. The question for this review is whether any existing mechanism limits what an AI may recommend, as distinct from whether it may participate at all.","Numeric extraction only; may be citation, date, identifier, illustration or result; semantic inventory incomplete."
publications/active/ipsci-2026/submissions/v3-revision/manuscript-v3.md,Introduction,93,not yet mapped: numeric token,40,PENDING — SC-3 stopped traceability review,ambiguous,AMBIGUOUS,"Where a governance failure occurs without any institutional layer to compensate, the stakes are highest. In Malaysia, the choice is made by small-scale fishers on their own, every morning, without support, on vessels under 40 gross register tonnage, with traditional weather knowledge that is eroding as climate patterns shift [1]. The risk profile is documented: wind, weather, and visibility account for 26.7% of maritime accident causes, and small vessels have the highest mean fatality rank for all vessels tested [2]; combined night navigation and heavy weather has the highest consequence scores of any condition tested [3].","Numeric extraction only; may be citation, date, identifier, illustration or result; semantic inventory incomplete."
publications/active/ipsci-2026/submissions/v3-revision/manuscript-v3.md,Introduction,93,not yet mapped: numeric token,1,PENDING — SC-3 stopped traceability review,ambiguous,AMBIGUOUS,"Where a governance failure occurs without any institutional layer to compensate, the stakes are highest. In Malaysia, the choice is made by small-scale fishers on their own, every morning, without support, on vessels under 40 gross register tonnage, with traditional weather knowledge that is eroding as climate patterns shift [1]. The risk profile is documented: wind, weather, and visibility account for 26.7% of maritime accident causes, and small vessels have the highest mean fatality rank for all vessels tested [2]; combined night navigation and heavy weather has the highest consequence scores of any condition tested [3].","Numeric extraction only; may be citation, date, identifier, illustration or result; semantic inventory incomplete."
publications/active/ipsci-2026/submissions/v3-revision/manuscript-v3.md,Introduction,93,not yet mapped: numeric token,26.7%,PENDING — SC-3 stopped traceability review,ambiguous,AMBIGUOUS,"Where a governance failure occurs without any institutional layer to compensate, the stakes are highest. In Malaysia, the choice is made by small-scale fishers on their own, every morning, without support, on vessels under 40 gross register tonnage, with traditional weather knowledge that is eroding as climate patterns shift [1]. The risk profile is documented: wind, weather, and visibility account for 26.7% of maritime accident causes, and small vessels have the highest mean fatality rank for all vessels tested [2]; combined night navigation and heavy weather has the highest consequence scores of any condition tested [3].","Numeric extraction only; may be citation, date, identifier, illustration or result; semantic inventory incomplete."
publications/active/ipsci-2026/submissions/v3-revision/manuscript-v3.md,Introduction,93,not yet mapped: numeric token,2,PENDING — SC-3 stopped traceability review,ambiguous,AMBIGUOUS,"Where a governance failure occurs without any institutional layer to compensate, the stakes are highest. In Malaysia, the choice is made by small-scale fishers on their own, every morning, without support, on vessels under 40 gross register tonnage, with traditional weather knowledge that is eroding as climate patterns shift [1]. The risk profile is documented: wind, weather, and visibility account for 26.7% of maritime accident causes, and small vessels have the highest mean fatality rank for all vessels tested [2]; combined night navigation and heavy weather has the highest consequence scores of any condition tested [3].","Numeric extraction only; may be citation, date, identifier, illustration or result; semantic inventory incomplete."
publications/active/ipsci-2026/submissions/v3-revision/manuscript-v3.md,Introduction,93,not yet mapped: numeric token,3,PENDING — SC-3 stopped traceability review,ambiguous,AMBIGUOUS,"Where a governance failure occurs without any institutional layer to compensate, the stakes are highest. In Malaysia, the choice is made by small-scale fishers on their own, every morning, without support, on vessels under 40 gross register tonnage, with traditional weather knowledge that is eroding as climate patterns shift [1]. The risk profile is documented: wind, weather, and visibility account for 26.7% of maritime accident causes, and small vessels have the highest mean fatality rank for all vessels tested [2]; combined night navigation and heavy weather has the highest consequence scores of any condition tested [3].","Numeric extraction only; may be citation, date, identifier, illustration or result; semantic inventory incomplete."
publications/active/ipsci-2026/submissions/v3-revision/manuscript-v3.md,Introduction,95,not yet mapped: numeric token,1,PENDING — SC-3 stopped traceability review,ambiguous,AMBIGUOUS,There are three governance dimensions framing the space of possible mechanisms (Fig. 1). Dimensions 1 and 3 are addressed in existing work; dimension 2 (advisory scope restriction) is not.,"Numeric extraction only; may be citation, date, identifier, illustration or result; semantic inventory incomplete."
publications/active/ipsci-2026/submissions/v3-revision/manuscript-v3.md,Introduction,95,not yet mapped: numeric token,1,PENDING — SC-3 stopped traceability review,ambiguous,AMBIGUOUS,There are three governance dimensions framing the space of possible mechanisms (Fig. 1). Dimensions 1 and 3 are addressed in existing work; dimension 2 (advisory scope restriction) is not.,"Numeric extraction only; may be citation, date, identifier, illustration or result; semantic inventory incomplete."
publications/active/ipsci-2026/submissions/v3-revision/manuscript-v3.md,Introduction,95,not yet mapped: numeric token,3,PENDING — SC-3 stopped traceability review,ambiguous,AMBIGUOUS,There are three governance dimensions framing the space of possible mechanisms (Fig. 1). Dimensions 1 and 3 are addressed in existing work; dimension 2 (advisory scope restriction) is not.,"Numeric extraction only; may be citation, date, identifier, illustration or result; semantic inventory incomplete."
publications/active/ipsci-2026/submissions/v3-revision/manuscript-v3.md,Introduction,95,not yet mapped: numeric token,2,PENDING — SC-3 stopped traceability review,ambiguous,AMBIGUOUS,There are three governance dimensions framing the space of possible mechanisms (Fig. 1). Dimensions 1 and 3 are addressed in existing work; dimension 2 (advisory scope restriction) is not.,"Numeric extraction only; may be citation, date, identifier, illustration or result; semantic inventory incomplete."
publications/active/ipsci-2026/submissions/v3-revision/manuscript-v3.md,Introduction,97,not yet mapped: numeric token,1,PENDING — SC-3 stopped traceability review,ambiguous,AMBIGUOUS,**Fig. 1.** Three governance dimensions in AI decision support systems. Dimensions 1 and 3 appear in existing work; dimension 2 is the gap this paper addresses.,"Numeric extraction only; may be citation, date, identifier, illustration or result; semantic inventory incomplete."
publications/active/ipsci-2026/submissions/v3-revision/manuscript-v3.md,Introduction,97,not yet mapped: numeric token,1,PENDING — SC-3 stopped traceability review,ambiguous,AMBIGUOUS,**Fig. 1.** Three governance dimensions in AI decision support systems. Dimensions 1 and 3 appear in existing work; dimension 2 is the gap this paper addresses.,"Numeric extraction only; may be citation, date, identifier, illustration or result; semantic inventory incomplete."
publications/active/ipsci-2026/submissions/v3-revision/manuscript-v3.md,Introduction,97,not yet mapped: numeric token,3,PENDING — SC-3 stopped traceability review,ambiguous,AMBIGUOUS,**Fig. 1.** Three governance dimensions in AI decision support systems. Dimensions 1 and 3 appear in existing work; dimension 2 is the gap this paper addresses.,"Numeric extraction only; may be citation, date, identifier, illustration or result; semantic inventory incomplete."
publications/active/ipsci-2026/submissions/v3-revision/manuscript-v3.md,Introduction,97,not yet mapped: numeric token,2,PENDING — SC-3 stopped traceability review,ambiguous,AMBIGUOUS,**Fig. 1.** Three governance dimensions in AI decision support systems. Dimensions 1 and 3 appear in existing work; dimension 2 is the gap this paper addresses.,"Numeric extraction only; may be citation, date, identifier, illustration or result; semantic inventory incomplete."
publications/active/ipsci-2026/submissions/v3-revision/manuscript-v3.md,Introduction,99,not yet mapped: numeric token,1,PENDING — SC-3 stopped traceability review,ambiguous,AMBIGUOUS,*[Figure 1 — embedded image in submitted .docx]*,"Numeric extraction only; may be citation, date, identifier, illustration or result; semantic inventory incomplete."
publications/active/ipsci-2026/submissions/v3-revision/manuscript-v3.md,Introduction,101,not yet mapped: numeric token,1,PENDING — SC-3 stopped traceability review,ambiguous,AMBIGUOUS,"The contribution is the second dimension — advisory scope — which existing architectures leave entirely unaddressed. Existing governance mechanisms conflate two distinct variables into a single binary: whether the AI participates. This paper separates them. *G*(*S*) governs participation; *A*_AI(*S*) governs advisory scope. Under *CAUTION* — the novel intermediate state — *G*(*CAUTION*) = 1 (AI active) but *A*_AI(*CAUTION*) = {*Go, Delay*} ⊊ *A*_AI(*SAFE*). A binary architecture has no vocabulary to name this position: for any state where *G* = 1, the full recommendation set is available. *CAUTION* is not a softer version of *SAFE*; it is a formally distinct governance position that binary architectures cannot express.","Numeric extraction only; may be citation, date, identifier, illustration or result; semantic inventory incomplete."
publications/active/ipsci-2026/submissions/v3-revision/manuscript-v3.md,Introduction,101,not yet mapped: numeric token,1,PENDING — SC-3 stopped traceability review,ambiguous,AMBIGUOUS,"The contribution is the second dimension — advisory scope — which existing architectures leave entirely unaddressed. Existing governance mechanisms conflate two distinct variables into a single binary: whether the AI participates. This paper separates them. *G*(*S*) governs participation; *A*_AI(*S*) governs advisory scope. Under *CAUTION* — the novel intermediate state — *G*(*CAUTION*) = 1 (AI active) but *A*_AI(*CAUTION*) = {*Go, Delay*} ⊊ *A*_AI(*SAFE*). A binary architecture has no vocabulary to name this position: for any state where *G* = 1, the full recommendation set is available. *CAUTION* is not a softer version of *SAFE*; it is a formally distinct governance position that binary architectures cannot express.","Numeric extraction only; may be citation, date, identifier, illustration or result; semantic inventory incomplete."
publications/active/ipsci-2026/submissions/v3-revision/manuscript-v3.md,Introduction,103,not yet mapped: numeric token,72,PENDING — SC-3 stopped traceability review,ambiguous,AMBIGUOUS,"Three contributions follow. The first is a review: from 72 papers, complemented by three large-scale systematic reviews involving 532 primary references, it is concluded that no architecture identified restricts AI advisory scope as a function of classified environmental safety state, and that no mechanism within the AI component covers this gap. The second is a graduated safety-state-gated architecture that fills the missing space using a formally bounded governance pair between a participation gate *G*(*S*) and an admissible recommendation space *A*_AI(*S*), both conditioned on the environmental safety state, producing an intermediate *CAUTION* mode: restricted advisory scope under marginal conditions, with neither full output nor complete AI withdrawal. The third is an empirical characterisation of that architecture instantiated at a real deployment site, establishing that the *CAUTION* mode is reached under conditions the operator actually encounters, at a measurable rate, and identifying which components of the classifier carry the classification and which do not.","Numeric extraction only; may be citation, date, identifier, illustration or result; semantic inventory incomplete."
publications/active/ipsci-2026/submissions/v3-revision/manuscript-v3.md,Introduction,103,not yet mapped: numeric token,532,PENDING — SC-3 stopped traceability review,ambiguous,AMBIGUOUS,"Three contributions follow. The first is a review: from 72 papers, complemented by three large-scale systematic reviews involving 532 primary references, it is concluded that no architecture identified restricts AI advisory scope as a function of classified environmental safety state, and that no mechanism within the AI component covers this gap. The second is a graduated safety-state-gated architecture that fills the missing space using a formally bounded governance pair between a participation gate *G*(*S*) and an admissible recommendation space *A*_AI(*S*), both conditioned on the environmental safety state, producing an intermediate *CAUTION* mode: restricted advisory scope under marginal conditions, with neither full output nor complete AI withdrawal. The third is an empirical characterisation of that architecture instantiated at a real deployment site, establishing that the *CAUTION* mode is reached under conditions the operator actually encounters, at a measurable rate, and identifying which components of the classifier carry the classification and which do not.","Numeric extraction only; may be citation, date, identifier, illustration or result; semantic inventory incomplete."
publications/active/ipsci-2026/submissions/v3-revision/manuscript-v3.md,Methodology,107,not yet mapped: numeric token,5,PENDING — SC-3 stopped traceability review,ambiguous,AMBIGUOUS,"The method of review is not systematic, but rather is structured, with search and coding disciplined, but scope is purposive, extending only to bodies of literature where an advisory-scope restriction mechanism could plausibly appear. Papers were sourced from Scopus, IEEE Xplore, Web of Science, and the ACM Digital Library, using search strings that include AI governance, runtime assurance, safety filters, decision support, autonomy levels, and guardrails; secondary searches focussed on fisheries AI and low-resource deployment. Within this pool of candidates, three systematic reviews were retained as secondary evidence: Indykov et al. [5] (206 papers, 16 architectural tactics), Shamsujjoha et al. [6] (13 guardrail actions, 32 agent studies) and Perez-Cerrolaza et al. [21] (294 references). Seventy-two papers advanced to full review and were assessed against the four dimensions in TABLE I; per-paper assessments live in the corresponding extraction notes, and the distinct governance mechanisms identified across those assessments are summarised in TABLE II. Papers sharing a governance topology were grouped into three paradigms plus an application domain.","Numeric extraction only; may be citation, date, identifier, illustration or result; semantic inventory incomplete."
publications/active/ipsci-2026/submissions/v3-revision/manuscript-v3.md,Methodology,107,not yet mapped: numeric token,206,PENDING — SC-3 stopped traceability review,ambiguous,AMBIGUOUS,"The method of review is not systematic, but rather is structured, with search and coding disciplined, but scope is purposive, extending only to bodies of literature where an advisory-scope restriction mechanism could plausibly appear. Papers were sourced from Scopus, IEEE Xplore, Web of Science, and the ACM Digital Library, using search strings that include AI governance, runtime assurance, safety filters, decision support, autonomy levels, and guardrails; secondary searches focussed on fisheries AI and low-resource deployment. Within this pool of candidates, three systematic reviews were retained as secondary evidence: Indykov et al. [5] (206 papers, 16 architectural tactics), Shamsujjoha et al. [6] (13 guardrail actions, 32 agent studies) and Perez-Cerrolaza et al. [21] (294 references). Seventy-two papers advanced to full review and were assessed against the four dimensions in TABLE I; per-paper assessments live in the corresponding extraction notes, and the distinct governance mechanisms identified across those assessments are summarised in TABLE II. Papers sharing a governance topology were grouped into three paradigms plus an application domain.","Numeric extraction only; may be citation, date, identifier, illustration or result; semantic inventory incomplete."
publications/active/ipsci-2026/submissions/v3-revision/manuscript-v3.md,Methodology,107,not yet mapped: numeric token,16,PENDING — SC-3 stopped traceability review,ambiguous,AMBIGUOUS,"The method of review is not systematic, but rather is structured, with search and coding disciplined, but scope is purposive, extending only to bodies of literature where an advisory-scope restriction mechanism could plausibly appear. Papers were sourced from Scopus, IEEE Xplore, Web of Science, and the ACM Digital Library, using search strings that include AI governance, runtime assurance, safety filters, decision support, autonomy levels, and guardrails; secondary searches focussed on fisheries AI and low-resource deployment. Within this pool of candidates, three systematic reviews were retained as secondary evidence: Indykov et al. [5] (206 papers, 16 architectural tactics), Shamsujjoha et al. [6] (13 guardrail actions, 32 agent studies) and Perez-Cerrolaza et al. [21] (294 references). Seventy-two papers advanced to full review and were assessed against the four dimensions in TABLE I; per-paper assessments live in the corresponding extraction notes, and the distinct governance mechanisms identified across those assessments are summarised in TABLE II. Papers sharing a governance topology were grouped into three paradigms plus an application domain.","Numeric extraction only; may be citation, date, identifier, illustration or result; semantic inventory incomplete."
publications/active/ipsci-2026/submissions/v3-revision/manuscript-v3.md,Methodology,107,not yet mapped: numeric token,6,PENDING — SC-3 stopped traceability review,ambiguous,AMBIGUOUS,"The method of review is not systematic, but rather is structured, with search and coding disciplined, but scope is purposive, extending only to bodies of literature where an advisory-scope restriction mechanism could plausibly appear. Papers were sourced from Scopus, IEEE Xplore, Web of Science, and the ACM Digital Library, using search strings that include AI governance, runtime assurance, safety filters, decision support, autonomy levels, and guardrails; secondary searches focussed on fisheries AI and low-resource deployment. Within this pool of candidates, three systematic reviews were retained as secondary evidence: Indykov et al. [5] (206 papers, 16 architectural tactics), Shamsujjoha et al. [6] (13 guardrail actions, 32 agent studies) and Perez-Cerrolaza et al. [21] (294 references). Seventy-two papers advanced to full review and were assessed against the four dimensions in TABLE I; per-paper assessments live in the corresponding extraction notes, and the distinct governance mechanisms identified across those assessments are summarised in TABLE II. Papers sharing a governance topology were grouped into three paradigms plus an application domain.","Numeric extraction only; may be citation, date, identifier, illustration or result; semantic inventory incomplete."
publications/active/ipsci-2026/submissions/v3-revision/manuscript-v3.md,Methodology,107,not yet mapped: numeric token,13,PENDING — SC-3 stopped traceability review,ambiguous,AMBIGUOUS,"The method of review is not systematic, but rather is structured, with search and coding disciplined, but scope is purposive, extending only to bodies of literature where an advisory-scope restriction mechanism could plausibly appear. Papers were sourced from Scopus, IEEE Xplore, Web of Science, and the ACM Digital Library, using search strings that include AI governance, runtime assurance, safety filters, decision support, autonomy levels, and guardrails; secondary searches focussed on fisheries AI and low-resource deployment. Within this pool of candidates, three systematic reviews were retained as secondary evidence: Indykov et al. [5] (206 papers, 16 architectural tactics), Shamsujjoha et al. [6] (13 guardrail actions, 32 agent studies) and Perez-Cerrolaza et al. [21] (294 references). Seventy-two papers advanced to full review and were assessed against the four dimensions in TABLE I; per-paper assessments live in the corresponding extraction notes, and the distinct governance mechanisms identified across those assessments are summarised in TABLE II. Papers sharing a governance topology were grouped into three paradigms plus an application domain.","Numeric extraction only; may be citation, date, identifier, illustration or result; semantic inventory incomplete."
publications/active/ipsci-2026/submissions/v3-revision/manuscript-v3.md,Methodology,107,not yet mapped: numeric token,32,PENDING — SC-3 stopped traceability review,ambiguous,AMBIGUOUS,"The method of review is not systematic, but rather is structured, with search and coding disciplined, but scope is purposive, extending only to bodies of literature where an advisory-scope restriction mechanism could plausibly appear. Papers were sourced from Scopus, IEEE Xplore, Web of Science, and the ACM Digital Library, using search strings that include AI governance, runtime assurance, safety filters, decision support, autonomy levels, and guardrails; secondary searches focussed on fisheries AI and low-resource deployment. Within this pool of candidates, three systematic reviews were retained as secondary evidence: Indykov et al. [5] (206 papers, 16 architectural tactics), Shamsujjoha et al. [6] (13 guardrail actions, 32 agent studies) and Perez-Cerrolaza et al. [21] (294 references). Seventy-two papers advanced to full review and were assessed against the four dimensions in TABLE I; per-paper assessments live in the corresponding extraction notes, and the distinct governance mechanisms identified across those assessments are summarised in TABLE II. Papers sharing a governance topology were grouped into three paradigms plus an application domain.","Numeric extraction only; may be citation, date, identifier, illustration or result; semantic inventory incomplete."
publications/active/ipsci-2026/submissions/v3-revision/manuscript-v3.md,Methodology,107,not yet mapped: numeric token,21,PENDING — SC-3 stopped traceability review,ambiguous,AMBIGUOUS,"The method of review is not systematic, but rather is structured, with search and coding disciplined, but scope is purposive, extending only to bodies of literature where an advisory-scope restriction mechanism could plausibly appear. Papers were sourced from Scopus, IEEE Xplore, Web of Science, and the ACM Digital Library, using search strings that include AI governance, runtime assurance, safety filters, decision support, autonomy levels, and guardrails; secondary searches focussed on fisheries AI and low-resource deployment. Within this pool of candidates, three systematic reviews were retained as secondary evidence: Indykov et al. [5] (206 papers, 16 architectural tactics), Shamsujjoha et al. [6] (13 guardrail actions, 32 agent studies) and Perez-Cerrolaza et al. [21] (294 references). Seventy-two papers advanced to full review and were assessed against the four dimensions in TABLE I; per-paper assessments live in the corresponding extraction notes, and the distinct governance mechanisms identified across those assessments are summarised in TABLE II. Papers sharing a governance topology were grouped into three paradigms plus an application domain.","Numeric extraction only; may be citation, date, identifier, illustration or result; semantic inventory incomplete."
publications/active/ipsci-2026/submissions/v3-revision/manuscript-v3.md,Methodology,107,not yet mapped: numeric token,294,PENDING — SC-3 stopped traceability review,ambiguous,AMBIGUOUS,"The method of review is not systematic, but rather is structured, with search and coding disciplined, but scope is purposive, extending only to bodies of literature where an advisory-scope restriction mechanism could plausibly appear. Papers were sourced from Scopus, IEEE Xplore, Web of Science, and the ACM Digital Library, using search strings that include AI governance, runtime assurance, safety filters, decision support, autonomy levels, and guardrails; secondary searches focussed on fisheries AI and low-resource deployment. Within this pool of candidates, three systematic reviews were retained as secondary evidence: Indykov et al. [5] (206 papers, 16 architectural tactics), Shamsujjoha et al. [6] (13 guardrail actions, 32 agent studies) and Perez-Cerrolaza et al. [21] (294 references). Seventy-two papers advanced to full review and were assessed against the four dimensions in TABLE I; per-paper assessments live in the corresponding extraction notes, and the distinct governance mechanisms identified across those assessments are summarised in TABLE II. Papers sharing a governance topology were grouped into three paradigms plus an application domain.","Numeric extraction only; may be citation, date, identifier, illustration or result; semantic inventory incomplete."
publications/active/ipsci-2026/submissions/v3-revision/manuscript-v3.md,Methodology,114,not yet mapped: numeric token,3,PENDING — SC-3 stopped traceability review,ambiguous,AMBIGUOUS,| Runtime adaptation | Binary (on/off) / Graduated (3+ levels) / None |,"Numeric extraction only; may be citation, date, identifier, illustration or result; semantic inventory incomplete."
publications/active/ipsci-2026/submissions/v3-revision/manuscript-v3.md,Overview of Existing Governance Paradigms,122,not yet mapped: numeric token,2,PENDING — SC-3 stopped traceability review,ambiguous,AMBIGUOUS,"The examined frameworks fall into three paradigms: deterministic safety constraints, which provide provable runtime guarantees; authority allocation, which distributes decision rights between human and AI; and adaptive risk-based systems, which vary AI behaviour across graduated operational levels. Across all three, the governance target is participation, authority, or execution, not advisory scope. A fourth body, fisheries AI and low-resource deployment, is reviewed to determine if this pattern holds in the intended domain of deployment. The review process is summarised in Fig. 2.","Numeric extraction only; may be citation, date, identifier, illustration or result; semantic inventory incomplete."
publications/active/ipsci-2026/submissions/v3-revision/manuscript-v3.md,Deterministic Safety Constraints: Binary by Construction,126,not yet mapped: numeric token,8,PENDING — SC-3 stopped traceability review,ambiguous,AMBIGUOUS,"Könighofer et al. formalise shields: runtime mechanisms that intercept AI actions before they reach the environment [8]. Dalrymple et al. require formal proof certificates before AI output is deployed [9]. Bajcsy and Fisac adopt a control-theoretic safety filter [10]. The governance topology is the same in all three: the AI either operates within its safety boundary or is replaced, and the object of governance is execution. This structure also appears in constraint-based planning approaches such as Tumato 2.0 [14]. In every case, the semantic content of AI output is not addressed.","Numeric extraction only; may be citation, date, identifier, illustration or result; semantic inventory incomplete."
publications/active/ipsci-2026/submissions/v3-revision/manuscript-v3.md,Deterministic Safety Constraints: Binary by Construction,126,not yet mapped: numeric token,9,PENDING — SC-3 stopped traceability review,ambiguous,AMBIGUOUS,"Könighofer et al. formalise shields: runtime mechanisms that intercept AI actions before they reach the environment [8]. Dalrymple et al. require formal proof certificates before AI output is deployed [9]. Bajcsy and Fisac adopt a control-theoretic safety filter [10]. The governance topology is the same in all three: the AI either operates within its safety boundary or is replaced, and the object of governance is execution. This structure also appears in constraint-based planning approaches such as Tumato 2.0 [14]. In every case, the semantic content of AI output is not addressed.","Numeric extraction only; may be citation, date, identifier, illustration or result; semantic inventory incomplete."
publications/active/ipsci-2026/submissions/v3-revision/manuscript-v3.md,Deterministic Safety Constraints: Binary by Construction,126,not yet mapped: numeric token,10,PENDING — SC-3 stopped traceability review,ambiguous,AMBIGUOUS,"Könighofer et al. formalise shields: runtime mechanisms that intercept AI actions before they reach the environment [8]. Dalrymple et al. require formal proof certificates before AI output is deployed [9]. Bajcsy and Fisac adopt a control-theoretic safety filter [10]. The governance topology is the same in all three: the AI either operates within its safety boundary or is replaced, and the object of governance is execution. This structure also appears in constraint-based planning approaches such as Tumato 2.0 [14]. In every case, the semantic content of AI output is not addressed.","Numeric extraction only; may be citation, date, identifier, illustration or result; semantic inventory incomplete."
publications/active/ipsci-2026/submissions/v3-revision/manuscript-v3.md,Deterministic Safety Constraints: Binary by Construction,126,not yet mapped: numeric token,2.0,PENDING — SC-3 stopped traceability review,ambiguous,AMBIGUOUS,"Könighofer et al. formalise shields: runtime mechanisms that intercept AI actions before they reach the environment [8]. Dalrymple et al. require formal proof certificates before AI output is deployed [9]. Bajcsy and Fisac adopt a control-theoretic safety filter [10]. The governance topology is the same in all three: the AI either operates within its safety boundary or is replaced, and the object of governance is execution. This structure also appears in constraint-based planning approaches such as Tumato 2.0 [14]. In every case, the semantic content of AI output is not addressed.","Numeric extraction only; may be citation, date, identifier, illustration or result; semantic inventory incomplete."
publications/active/ipsci-2026/submissions/v3-revision/manuscript-v3.md,Deterministic Safety Constraints: Binary by Construction,126,not yet mapped: numeric token,14,PENDING — SC-3 stopped traceability review,ambiguous,AMBIGUOUS,"Könighofer et al. formalise shields: runtime mechanisms that intercept AI actions before they reach the environment [8]. Dalrymple et al. require formal proof certificates before AI output is deployed [9]. Bajcsy and Fisac adopt a control-theoretic safety filter [10]. The governance topology is the same in all three: the AI either operates within its safety boundary or is replaced, and the object of governance is execution. This structure also appears in constraint-based planning approaches such as Tumato 2.0 [14]. In every case, the semantic content of AI output is not addressed.","Numeric extraction only; may be citation, date, identifier, illustration or result; semantic inventory incomplete."
publications/active/ipsci-2026/submissions/v3-revision/manuscript-v3.md,Deterministic Safety Constraints: Binary by Construction,128,not yet mapped: numeric token,2,PENDING — SC-3 stopped traceability review,ambiguous,AMBIGUOUS,**Fig. 2.** Structured review process showing how four bodies of literature converge on the same gap and motivate the proposed architecture.,"Numeric extraction only; may be citation, date, identifier, illustration or result; semantic inventory incomplete."
publications/active/ipsci-2026/submissions/v3-revision/manuscript-v3.md,Deterministic Safety Constraints: Binary by Construction,130,not yet mapped: numeric token,2,PENDING — SC-3 stopped traceability review,ambiguous,AMBIGUOUS,*[Figure 2 — embedded image in submitted .docx]*,"Numeric extraction only; may be citation, date, identifier, illustration or result; semantic inventory incomplete."
publications/active/ipsci-2026/submissions/v3-revision/manuscript-v3.md,"Authority Allocation: Who Decides, Not What AI May Recommend",134,not yet mapped: numeric token,91,PENDING — SC-3 stopped traceability review,ambiguous,AMBIGUOUS,"Authority allocation frameworks ask who decides, not what the AI may recommend. Ramos et al., reviewing 91 collaborative intelligence studies, found AI-assisted decision-making dominant across safety-critical industries, but no system varies advisory scope by safety state [11]. Feng et al. propose five levels of autonomy, fixed at design time [12]. Within a cross-domain context, Mussi et al. find all elements of state-conditioned governance across power grids, railway networks and air traffic management, but never assemble these into a runtime model (automation levels are set before deployment and do not change) [30]. As conditions change, the advisory scope does not.","Numeric extraction only; may be citation, date, identifier, illustration or result; semantic inventory incomplete."
publications/active/ipsci-2026/submissions/v3-revision/manuscript-v3.md,"Authority Allocation: Who Decides, Not What AI May Recommend",134,not yet mapped: numeric token,11,PENDING — SC-3 stopped traceability review,ambiguous,AMBIGUOUS,"Authority allocation frameworks ask who decides, not what the AI may recommend. Ramos et al., reviewing 91 collaborative intelligence studies, found AI-assisted decision-making dominant across safety-critical industries, but no system varies advisory scope by safety state [11]. Feng et al. propose five levels of autonomy, fixed at design time [12]. Within a cross-domain context, Mussi et al. find all elements of state-conditioned governance across power grids, railway networks and air traffic management, but never assemble these into a runtime model (automation levels are set before deployment and do not change) [30]. As conditions change, the advisory scope does not.","Numeric extraction only; may be citation, date, identifier, illustration or result; semantic inventory incomplete."
publications/active/ipsci-2026/submissions/v3-revision/manuscript-v3.md,"Authority Allocation: Who Decides, Not What AI May Recommend",134,not yet mapped: numeric token,12,PENDING — SC-3 stopped traceability review,ambiguous,AMBIGUOUS,"Authority allocation frameworks ask who decides, not what the AI may recommend. Ramos et al., reviewing 91 collaborative intelligence studies, found AI-assisted decision-making dominant across safety-critical industries, but no system varies advisory scope by safety state [11]. Feng et al. propose five levels of autonomy, fixed at design time [12]. Within a cross-domain context, Mussi et al. find all elements of state-conditioned governance across power grids, railway networks and air traffic management, but never assemble these into a runtime model (automation levels are set before deployment and do not change) [30]. As conditions change, the advisory scope does not.","Numeric extraction only; may be citation, date, identifier, illustration or result; semantic inventory incomplete."
publications/active/ipsci-2026/submissions/v3-revision/manuscript-v3.md,"Authority Allocation: Who Decides, Not What AI May Recommend",134,not yet mapped: numeric token,30,PENDING — SC-3 stopped traceability review,ambiguous,AMBIGUOUS,"Authority allocation frameworks ask who decides, not what the AI may recommend. Ramos et al., reviewing 91 collaborative intelligence studies, found AI-assisted decision-making dominant across safety-critical industries, but no system varies advisory scope by safety state [11]. Feng et al. propose five levels of autonomy, fixed at design time [12]. Within a cross-domain context, Mussi et al. find all elements of state-conditioned governance across power grids, railway networks and air traffic management, but never assemble these into a runtime model (automation levels are set before deployment and do not change) [30]. As conditions change, the advisory scope does not.","Numeric extraction only; may be citation, date, identifier, illustration or result; semantic inventory incomplete."
publications/active/ipsci-2026/submissions/v3-revision/manuscript-v3.md,Adaptive Risk-Based Systems: The Closest Precedents,138,not yet mapped: numeric token,7,PENDING — SC-3 stopped traceability review,ambiguous,AMBIGUOUS,"The adaptive systems literature yields three distinct governance postures. Oversight intensification in Flehmig et al.'s traffic-light degradation index (green/orange/red) triggers progressively intensive supervisory responses by level [7]. The supervisory level of check increases at intermediate orange, but the AI's advisory scope, however, is the same at green and orange. It is the intermediate level that affects the action of the human supervisor, not in the wording of what the AI might say. Kang's GAIE framework cascades code generation across three oversight tiers; at the intermediate tier, a deployment-gate is inserted, and at every tier a broad spectrum of code is generated with no restrictions whatsoever [22].","Numeric extraction only; may be citation, date, identifier, illustration or result; semantic inventory incomplete."
publications/active/ipsci-2026/submissions/v3-revision/manuscript-v3.md,Adaptive Risk-Based Systems: The Closest Precedents,138,not yet mapped: numeric token,22,PENDING — SC-3 stopped traceability review,ambiguous,AMBIGUOUS,"The adaptive systems literature yields three distinct governance postures. Oversight intensification in Flehmig et al.'s traffic-light degradation index (green/orange/red) triggers progressively intensive supervisory responses by level [7]. The supervisory level of check increases at intermediate orange, but the AI's advisory scope, however, is the same at green and orange. It is the intermediate level that affects the action of the human supervisor, not in the wording of what the AI might say. Kang's GAIE framework cascades code generation across three oversight tiers; at the intermediate tier, a deployment-gate is inserted, and at every tier a broad spectrum of code is generated with no restrictions whatsoever [22].","Numeric extraction only; may be citation, date, identifier, illustration or result; semantic inventory incomplete."
publications/active/ipsci-2026/submissions/v3-revision/manuscript-v3.md,Adaptive Risk-Based Systems: The Closest Precedents,140,not yet mapped: numeric token,24,PENDING — SC-3 stopped traceability review,ambiguous,AMBIGUOUS,"In execution deferral and re-sensing, Ghaleb et al.'s three-regime gating wrapper (Safe, Borderline, Unsafe) forces execution slowdown and re-observation at the Borderline regime [24]. The policy's output capability remains uncontracted throughout; at Unsafe, the learned policy is replaced by a classical planner.","Numeric extraction only; may be citation, date, identifier, illustration or result; semantic inventory incomplete."
publications/active/ipsci-2026/submissions/v3-revision/manuscript-v3.md,Adaptive Risk-Based Systems: The Closest Precedents,142,not yet mapped: numeric token,23,PENDING — SC-3 stopped traceability review,ambiguous,AMBIGUOUS,"In autonomous action-class restriction, Sahoo's Agentic Military AI Governance Framework regulates tool access across five response levels, deploying a Control Quality Score to respond in real-time; at intermediate levels, the agent is restricted to reversible actions [23]. This is the closest to scope contraction in the reviewed frameworks and is graduated. The difference is the object of governance: an acting autonomous agent, with restriction conditioned on measured control degradation rather than classified environmental state. Equivalently, Baxi's K-tier permission architecture allows for different sets of permissions based on tiers, conditioned on the AI's own verified robustness [13].","Numeric extraction only; may be citation, date, identifier, illustration or result; semantic inventory incomplete."
publications/active/ipsci-2026/submissions/v3-revision/manuscript-v3.md,Adaptive Risk-Based Systems: The Closest Precedents,142,not yet mapped: numeric token,13,PENDING — SC-3 stopped traceability review,ambiguous,AMBIGUOUS,"In autonomous action-class restriction, Sahoo's Agentic Military AI Governance Framework regulates tool access across five response levels, deploying a Control Quality Score to respond in real-time; at intermediate levels, the agent is restricted to reversible actions [23]. This is the closest to scope contraction in the reviewed frameworks and is graduated. The difference is the object of governance: an acting autonomous agent, with restriction conditioned on measured control degradation rather than classified environmental state. Equivalently, Baxi's K-tier permission architecture allows for different sets of permissions based on tiers, conditioned on the AI's own verified robustness [13].","Numeric extraction only; may be citation, date, identifier, illustration or result; semantic inventory incomplete."
publications/active/ipsci-2026/submissions/v3-revision/manuscript-v3.md,Synthesis: Cross-Paradigm Comparison and the Research Gap,148,not yet mapped: numeric token,17,PENDING — SC-3 stopped traceability review,ambiguous,AMBIGUOUS,The pattern holds at the application level. None of the fisheries AI systems identified in this review implement formal advisory scope restriction conditioned on environmental state [17]; the only external advisory available to coastal fishers is a binary government warning [16]; and safety governance in low-resource deployment contexts has not been designed from the deployment floor up [15][19].,"Numeric extraction only; may be citation, date, identifier, illustration or result; semantic inventory incomplete."
publications/active/ipsci-2026/submissions/v3-revision/manuscript-v3.md,Synthesis: Cross-Paradigm Comparison and the Research Gap,148,not yet mapped: numeric token,16,PENDING — SC-3 stopped traceability review,ambiguous,AMBIGUOUS,The pattern holds at the application level. None of the fisheries AI systems identified in this review implement formal advisory scope restriction conditioned on environmental state [17]; the only external advisory available to coastal fishers is a binary government warning [16]; and safety governance in low-resource deployment contexts has not been designed from the deployment floor up [15][19].,"Numeric extraction only; may be citation, date, identifier, illustration or result; semantic inventory incomplete."
publications/active/ipsci-2026/submissions/v3-revision/manuscript-v3.md,Synthesis: Cross-Paradigm Comparison and the Research Gap,148,not yet mapped: numeric token,15,PENDING — SC-3 stopped traceability review,ambiguous,AMBIGUOUS,The pattern holds at the application level. None of the fisheries AI systems identified in this review implement formal advisory scope restriction conditioned on environmental state [17]; the only external advisory available to coastal fishers is a binary government warning [16]; and safety governance in low-resource deployment contexts has not been designed from the deployment floor up [15][19].,"Numeric extraction only; may be citation, date, identifier, illustration or result; semantic inventory incomplete."
publications/active/ipsci-2026/submissions/v3-revision/manuscript-v3.md,Synthesis: Cross-Paradigm Comparison and the Research Gap,148,not yet mapped: numeric token,19,PENDING — SC-3 stopped traceability review,ambiguous,AMBIGUOUS,The pattern holds at the application level. None of the fisheries AI systems identified in this review implement formal advisory scope restriction conditioned on environmental state [17]; the only external advisory available to coastal fishers is a binary government warning [16]; and safety governance in low-resource deployment contexts has not been designed from the deployment floor up [15][19].,"Numeric extraction only; may be citation, date, identifier, illustration or result; semantic inventory incomplete."
publications/active/ipsci-2026/submissions/v3-revision/manuscript-v3.md,Synthesis: Cross-Paradigm Comparison and the Research Gap,150,not yet mapped: numeric token,15,PENDING — SC-3 stopped traceability review,ambiguous,AMBIGUOUS,"The four bodies point in the same direction. Deterministic constraints are binary by construction; authority allocation frameworks fix advisory scope at design time; adaptive risk-based systems apply their intermediate levels to human workflows or execution deferral rather than output scope; and the fisheries and low-resource literature offer no formal concept of runtime governance [15][16][17]. Across all reviewed paradigms, the object of governance differs, but none conditions AI advisory scope on classified environmental safety state.","Numeric extraction only; may be citation, date, identifier, illustration or result; semantic inventory incomplete."
publications/active/ipsci-2026/submissions/v3-revision/manuscript-v3.md,Synthesis: Cross-Paradigm Comparison and the Research Gap,150,not yet mapped: numeric token,16,PENDING — SC-3 stopped traceability review,ambiguous,AMBIGUOUS,"The four bodies point in the same direction. Deterministic constraints are binary by construction; authority allocation frameworks fix advisory scope at design time; adaptive risk-based systems apply their intermediate levels to human workflows or execution deferral rather than output scope; and the fisheries and low-resource literature offer no formal concept of runtime governance [15][16][17]. Across all reviewed paradigms, the object of governance differs, but none conditions AI advisory scope on classified environmental safety state.","Numeric extraction only; may be citation, date, identifier, illustration or result; semantic inventory incomplete."
publications/active/ipsci-2026/submissions/v3-revision/manuscript-v3.md,Synthesis: Cross-Paradigm Comparison and the Research Gap,150,not yet mapped: numeric token,17,PENDING — SC-3 stopped traceability review,ambiguous,AMBIGUOUS,"The four bodies point in the same direction. Deterministic constraints are binary by construction; authority allocation frameworks fix advisory scope at design time; adaptive risk-based systems apply their intermediate levels to human workflows or execution deferral rather than output scope; and the fisheries and low-resource literature offer no formal concept of runtime governance [15][16][17]. Across all reviewed paradigms, the object of governance differs, but none conditions AI advisory scope on classified environmental safety state.","Numeric extraction only; may be citation, date, identifier, illustration or result; semantic inventory incomplete."
publications/active/ipsci-2026/submissions/v3-revision/manuscript-v3.md,Synthesis: Cross-Paradigm Comparison and the Research Gap,152,not yet mapped: numeric token,206,PENDING — SC-3 stopped traceability review,ambiguous,AMBIGUOUS,"Four literature streams point to the same absence independently. Indykov et al. surveyed 206 papers and found a Safety score of zero for AT11 (rule-based models): despite Safety being one of the two most frequently cited quality attributes, no architectural tactic has been proven to have formal positive influence on it [5]. The Swiss Cheese Model by Shamsujjoha et al. covers 13 guardrail actions for content filtering, blocking and validation; none conditions advisory scope on dynamic environmental risk [6]. The adaptive architectures studied, Flehmig et al. [7], Kang [22], and Ghaleb et al. [24], apply their intermediate tiers to human audit escalation or execution deferral, not to what the AI may say. Behavioural frameworks like Sahoo's [23] throttle the execution space of acting agents, not the recommendation menus presented to human decision-makers.","Numeric extraction only; may be citation, date, identifier, illustration or result; semantic inventory incomplete."
publications/active/ipsci-2026/submissions/v3-revision/manuscript-v3.md,Synthesis: Cross-Paradigm Comparison and the Research Gap,152,not yet mapped: numeric token,5,PENDING — SC-3 stopped traceability review,ambiguous,AMBIGUOUS,"Four literature streams point to the same absence independently. Indykov et al. surveyed 206 papers and found a Safety score of zero for AT11 (rule-based models): despite Safety being one of the two most frequently cited quality attributes, no architectural tactic has been proven to have formal positive influence on it [5]. The Swiss Cheese Model by Shamsujjoha et al. covers 13 guardrail actions for content filtering, blocking and validation; none conditions advisory scope on dynamic environmental risk [6]. The adaptive architectures studied, Flehmig et al. [7], Kang [22], and Ghaleb et al. [24], apply their intermediate tiers to human audit escalation or execution deferral, not to what the AI may say. Behavioural frameworks like Sahoo's [23] throttle the execution space of acting agents, not the recommendation menus presented to human decision-makers.","Numeric extraction only; may be citation, date, identifier, illustration or result; semantic inventory incomplete."
publications/active/ipsci-2026/submissions/v3-revision/manuscript-v3.md,Synthesis: Cross-Paradigm Comparison and the Research Gap,152,not yet mapped: numeric token,13,PENDING — SC-3 stopped traceability review,ambiguous,AMBIGUOUS,"Four literature streams point to the same absence independently. Indykov et al. surveyed 206 papers and found a Safety score of zero for AT11 (rule-based models): despite Safety being one of the two most frequently cited quality attributes, no architectural tactic has been proven to have formal positive influence on it [5]. The Swiss Cheese Model by Shamsujjoha et al. covers 13 guardrail actions for content filtering, blocking and validation; none conditions advisory scope on dynamic environmental risk [6]. The adaptive architectures studied, Flehmig et al. [7], Kang [22], and Ghaleb et al. [24], apply their intermediate tiers to human audit escalation or execution deferral, not to what the AI may say. Behavioural frameworks like Sahoo's [23] throttle the execution space of acting agents, not the recommendation menus presented to human decision-makers.","Numeric extraction only; may be citation, date, identifier, illustration or result; semantic inventory incomplete."
publications/active/ipsci-2026/submissions/v3-revision/manuscript-v3.md,Synthesis: Cross-Paradigm Comparison and the Research Gap,152,not yet mapped: numeric token,6,PENDING — SC-3 stopped traceability review,ambiguous,AMBIGUOUS,"Four literature streams point to the same absence independently. Indykov et al. surveyed 206 papers and found a Safety score of zero for AT11 (rule-based models): despite Safety being one of the two most frequently cited quality attributes, no architectural tactic has been proven to have formal positive influence on it [5]. The Swiss Cheese Model by Shamsujjoha et al. covers 13 guardrail actions for content filtering, blocking and validation; none conditions advisory scope on dynamic environmental risk [6]. The adaptive architectures studied, Flehmig et al. [7], Kang [22], and Ghaleb et al. [24], apply their intermediate tiers to human audit escalation or execution deferral, not to what the AI may say. Behavioural frameworks like Sahoo's [23] throttle the execution space of acting agents, not the recommendation menus presented to human decision-makers.","Numeric extraction only; may be citation, date, identifier, illustration or result; semantic inventory incomplete."
publications/active/ipsci-2026/submissions/v3-revision/manuscript-v3.md,Synthesis: Cross-Paradigm Comparison and the Research Gap,152,not yet mapped: numeric token,7,PENDING — SC-3 stopped traceability review,ambiguous,AMBIGUOUS,"Four literature streams point to the same absence independently. Indykov et al. surveyed 206 papers and found a Safety score of zero for AT11 (rule-based models): despite Safety being one of the two most frequently cited quality attributes, no architectural tactic has been proven to have formal positive influence on it [5]. The Swiss Cheese Model by Shamsujjoha et al. covers 13 guardrail actions for content filtering, blocking and validation; none conditions advisory scope on dynamic environmental risk [6]. The adaptive architectures studied, Flehmig et al. [7], Kang [22], and Ghaleb et al. [24], apply their intermediate tiers to human audit escalation or execution deferral, not to what the AI may say. Behavioural frameworks like Sahoo's [23] throttle the execution space of acting agents, not the recommendation menus presented to human decision-makers.","Numeric extraction only; may be citation, date, identifier, illustration or result; semantic inventory incomplete."
publications/active/ipsci-2026/submissions/v3-revision/manuscript-v3.md,Synthesis: Cross-Paradigm Comparison and the Research Gap,152,not yet mapped: numeric token,22,PENDING — SC-3 stopped traceability review,ambiguous,AMBIGUOUS,"Four literature streams point to the same absence independently. Indykov et al. surveyed 206 papers and found a Safety score of zero for AT11 (rule-based models): despite Safety being one of the two most frequently cited quality attributes, no architectural tactic has been proven to have formal positive influence on it [5]. The Swiss Cheese Model by Shamsujjoha et al. covers 13 guardrail actions for content filtering, blocking and validation; none conditions advisory scope on dynamic environmental risk [6]. The adaptive architectures studied, Flehmig et al. [7], Kang [22], and Ghaleb et al. [24], apply their intermediate tiers to human audit escalation or execution deferral, not to what the AI may say. Behavioural frameworks like Sahoo's [23] throttle the execution space of acting agents, not the recommendation menus presented to human decision-makers.","Numeric extraction only; may be citation, date, identifier, illustration or result; semantic inventory incomplete."
publications/active/ipsci-2026/submissions/v3-revision/manuscript-v3.md,Synthesis: Cross-Paradigm Comparison and the Research Gap,152,not yet mapped: numeric token,24,PENDING — SC-3 stopped traceability review,ambiguous,AMBIGUOUS,"Four literature streams point to the same absence independently. Indykov et al. surveyed 206 papers and found a Safety score of zero for AT11 (rule-based models): despite Safety being one of the two most frequently cited quality attributes, no architectural tactic has been proven to have formal positive influence on it [5]. The Swiss Cheese Model by Shamsujjoha et al. covers 13 guardrail actions for content filtering, blocking and validation; none conditions advisory scope on dynamic environmental risk [6]. The adaptive architectures studied, Flehmig et al. [7], Kang [22], and Ghaleb et al. [24], apply their intermediate tiers to human audit escalation or execution deferral, not to what the AI may say. Behavioural frameworks like Sahoo's [23] throttle the execution space of acting agents, not the recommendation menus presented to human decision-makers.","Numeric extraction only; may be citation, date, identifier, illustration or result; semantic inventory incomplete."
publications/active/ipsci-2026/submissions/v3-revision/manuscript-v3.md,Synthesis: Cross-Paradigm Comparison and the Research Gap,152,not yet mapped: numeric token,23,PENDING — SC-3 stopped traceability review,ambiguous,AMBIGUOUS,"Four literature streams point to the same absence independently. Indykov et al. surveyed 206 papers and found a Safety score of zero for AT11 (rule-based models): despite Safety being one of the two most frequently cited quality attributes, no architectural tactic has been proven to have formal positive influence on it [5]. The Swiss Cheese Model by Shamsujjoha et al. covers 13 guardrail actions for content filtering, blocking and validation; none conditions advisory scope on dynamic environmental risk [6]. The adaptive architectures studied, Flehmig et al. [7], Kang [22], and Ghaleb et al. [24], apply their intermediate tiers to human audit escalation or execution deferral, not to what the AI may say. Behavioural frameworks like Sahoo's [23] throttle the execution space of acting agents, not the recommendation menus presented to human decision-makers.","Numeric extraction only; may be citation, date, identifier, illustration or result; semantic inventory incomplete."
publications/active/ipsci-2026/submissions/v3-revision/manuscript-v3.md,Synthesis: Cross-Paradigm Comparison and the Research Gap,154,not yet mapped: numeric token,13,PENDING — SC-3 stopped traceability review,ambiguous,AMBIGUOUS,"What differs across every reviewed framework is not just the governance target but the conditioning variable. Baxi on AI robustness [13]; Flehmig et al. on AI degradation [7]; Kang on task regulatory impact [22]; Sahoo on control quality [23]; Ghaleb et al. on epistemic uncertainty [24]. In each case, the trigger is internal to the AI system. The proposed architecture departs from this: it conditions on an independently classified environmental safety state *S* = *f*(*E*), computed outside the AI component. The comparison is summarised in TABLE II.","Numeric extraction only; may be citation, date, identifier, illustration or result; semantic inventory incomplete."
publications/active/ipsci-2026/submissions/v3-revision/manuscript-v3.md,Synthesis: Cross-Paradigm Comparison and the Research Gap,154,not yet mapped: numeric token,7,PENDING — SC-3 stopped traceability review,ambiguous,AMBIGUOUS,"What differs across every reviewed framework is not just the governance target but the conditioning variable. Baxi on AI robustness [13]; Flehmig et al. on AI degradation [7]; Kang on task regulatory impact [22]; Sahoo on control quality [23]; Ghaleb et al. on epistemic uncertainty [24]. In each case, the trigger is internal to the AI system. The proposed architecture departs from this: it conditions on an independently classified environmental safety state *S* = *f*(*E*), computed outside the AI component. The comparison is summarised in TABLE II.","Numeric extraction only; may be citation, date, identifier, illustration or result; semantic inventory incomplete."
publications/active/ipsci-2026/submissions/v3-revision/manuscript-v3.md,Synthesis: Cross-Paradigm Comparison and the Research Gap,154,not yet mapped: numeric token,22,PENDING — SC-3 stopped traceability review,ambiguous,AMBIGUOUS,"What differs across every reviewed framework is not just the governance target but the conditioning variable. Baxi on AI robustness [13]; Flehmig et al. on AI degradation [7]; Kang on task regulatory impact [22]; Sahoo on control quality [23]; Ghaleb et al. on epistemic uncertainty [24]. In each case, the trigger is internal to the AI system. The proposed architecture departs from this: it conditions on an independently classified environmental safety state *S* = *f*(*E*), computed outside the AI component. The comparison is summarised in TABLE II.","Numeric extraction only; may be citation, date, identifier, illustration or result; semantic inventory incomplete."
publications/active/ipsci-2026/submissions/v3-revision/manuscript-v3.md,Synthesis: Cross-Paradigm Comparison and the Research Gap,154,not yet mapped: numeric token,23,PENDING — SC-3 stopped traceability review,ambiguous,AMBIGUOUS,"What differs across every reviewed framework is not just the governance target but the conditioning variable. Baxi on AI robustness [13]; Flehmig et al. on AI degradation [7]; Kang on task regulatory impact [22]; Sahoo on control quality [23]; Ghaleb et al. on epistemic uncertainty [24]. In each case, the trigger is internal to the AI system. The proposed architecture departs from this: it conditions on an independently classified environmental safety state *S* = *f*(*E*), computed outside the AI component. The comparison is summarised in TABLE II.","Numeric extraction only; may be citation, date, identifier, illustration or result; semantic inventory incomplete."
publications/active/ipsci-2026/submissions/v3-revision/manuscript-v3.md,Synthesis: Cross-Paradigm Comparison and the Research Gap,154,not yet mapped: numeric token,24,PENDING — SC-3 stopped traceability review,ambiguous,AMBIGUOUS,"What differs across every reviewed framework is not just the governance target but the conditioning variable. Baxi on AI robustness [13]; Flehmig et al. on AI degradation [7]; Kang on task regulatory impact [22]; Sahoo on control quality [23]; Ghaleb et al. on epistemic uncertainty [24]. In each case, the trigger is internal to the AI system. The proposed architecture departs from this: it conditions on an independently classified environmental safety state *S* = *f*(*E*), computed outside the AI component. The comparison is summarised in TABLE II.","Numeric extraction only; may be citation, date, identifier, illustration or result; semantic inventory incomplete."
publications/active/ipsci-2026/submissions/v3-revision/manuscript-v3.md,The Mechanistic Basis for External Governance,158,not yet mapped: numeric token,34,PENDING — SC-3 stopped traceability review,ambiguous,AMBIGUOUS,"The proposed architecture uses a Symbolic AI Reasoning Engine [34]. The mechanistic evidence below applies more broadly and it establishes that no AI component, irrespective of the technique used, can reliably self-restrict as conditions deteriorate. Three points from the LLM systems literature make the case. LLM inference runs through fixed prefill and decode stages, and the batching, scheduling, and kernel selection are driven by token counts and hardware utilisation, not by the semantic content of the input, leaving no hook in the pipeline at which advisory scope could vary with environmental state [25]. Probing studies show that reasoning breadth is a property of the decoding procedure rather than of what the input contains; externally injected randomness scatters reasoning but cannot produce systematically conservative output under worsening conditions [26]. LLM confidence judgements are poorly calibrated, biased towards overconfidence, and fail to improve with experience, which means a safety-critical system cannot treat the AI's self-reported uncertainty as a reliable risk signal [27]. All three limitations point in the same direction: governance cannot be delegated to the AI component.","Numeric extraction only; may be citation, date, identifier, illustration or result; semantic inventory incomplete."
publications/active/ipsci-2026/submissions/v3-revision/manuscript-v3.md,The Mechanistic Basis for External Governance,158,not yet mapped: numeric token,25,PENDING — SC-3 stopped traceability review,ambiguous,AMBIGUOUS,"The proposed architecture uses a Symbolic AI Reasoning Engine [34]. The mechanistic evidence below applies more broadly and it establishes that no AI component, irrespective of the technique used, can reliably self-restrict as conditions deteriorate. Three points from the LLM systems literature make the case. LLM inference runs through fixed prefill and decode stages, and the batching, scheduling, and kernel selection are driven by token counts and hardware utilisation, not by the semantic content of the input, leaving no hook in the pipeline at which advisory scope could vary with environmental state [25]. Probing studies show that reasoning breadth is a property of the decoding procedure rather than of what the input contains; externally injected randomness scatters reasoning but cannot produce systematically conservative output under worsening conditions [26]. LLM confidence judgements are poorly calibrated, biased towards overconfidence, and fail to improve with experience, which means a safety-critical system cannot treat the AI's self-reported uncertainty as a reliable risk signal [27]. All three limitations point in the same direction: governance cannot be delegated to the AI component.","Numeric extraction only; may be citation, date, identifier, illustration or result; semantic inventory incomplete."
publications/active/ipsci-2026/submissions/v3-revision/manuscript-v3.md,The Mechanistic Basis for External Governance,158,not yet mapped: numeric token,26,PENDING — SC-3 stopped traceability review,ambiguous,AMBIGUOUS,"The proposed architecture uses a Symbolic AI Reasoning Engine [34]. The mechanistic evidence below applies more broadly and it establishes that no AI component, irrespective of the technique used, can reliably self-restrict as conditions deteriorate. Three points from the LLM systems literature make the case. LLM inference runs through fixed prefill and decode stages, and the batching, scheduling, and kernel selection are driven by token counts and hardware utilisation, not by the semantic content of the input, leaving no hook in the pipeline at which advisory scope could vary with environmental state [25]. Probing studies show that reasoning breadth is a property of the decoding procedure rather than of what the input contains; externally injected randomness scatters reasoning but cannot produce systematically conservative output under worsening conditions [26]. LLM confidence judgements are poorly calibrated, biased towards overconfidence, and fail to improve with experience, which means a safety-critical system cannot treat the AI's self-reported uncertainty as a reliable risk signal [27]. All three limitations point in the same direction: governance cannot be delegated to the AI component.","Numeric extraction only; may be citation, date, identifier, illustration or result; semantic inventory incomplete."
publications/active/ipsci-2026/submissions/v3-revision/manuscript-v3.md,The Mechanistic Basis for External Governance,158,not yet mapped: numeric token,27,PENDING — SC-3 stopped traceability review,ambiguous,AMBIGUOUS,"The proposed architecture uses a Symbolic AI Reasoning Engine [34]. The mechanistic evidence below applies more broadly and it establishes that no AI component, irrespective of the technique used, can reliably self-restrict as conditions deteriorate. Three points from the LLM systems literature make the case. LLM inference runs through fixed prefill and decode stages, and the batching, scheduling, and kernel selection are driven by token counts and hardware utilisation, not by the semantic content of the input, leaving no hook in the pipeline at which advisory scope could vary with environmental state [25]. Probing studies show that reasoning breadth is a property of the decoding procedure rather than of what the input contains; externally injected randomness scatters reasoning but cannot produce systematically conservative output under worsening conditions [26]. LLM confidence judgements are poorly calibrated, biased towards overconfidence, and fail to improve with experience, which means a safety-critical system cannot treat the AI's self-reported uncertainty as a reliable risk signal [27]. All three limitations point in the same direction: governance cannot be delegated to the AI component.","Numeric extraction only; may be citation, date, identifier, illustration or result; semantic inventory incomplete."
publications/active/ipsci-2026/submissions/v3-revision/manuscript-v3.md,The Mechanistic Basis for External Governance,164,not yet mapped: numeric token,8,PENDING — SC-3 stopped traceability review,ambiguous,AMBIGUOUS,"| Shields [8], Guaranteed Safe AI [9], safety filter [10] | Participation | Safety boundary | Binary (on/off) | No |","Numeric extraction only; may be citation, date, identifier, illustration or result; semantic inventory incomplete."
publications/active/ipsci-2026/submissions/v3-revision/manuscript-v3.md,The Mechanistic Basis for External Governance,164,not yet mapped: numeric token,9,PENDING — SC-3 stopped traceability review,ambiguous,AMBIGUOUS,"| Shields [8], Guaranteed Safe AI [9], safety filter [10] | Participation | Safety boundary | Binary (on/off) | No |","Numeric extraction only; may be citation, date, identifier, illustration or result; semantic inventory incomplete."
publications/active/ipsci-2026/submissions/v3-revision/manuscript-v3.md,The Mechanistic Basis for External Governance,164,not yet mapped: numeric token,10,PENDING — SC-3 stopped traceability review,ambiguous,AMBIGUOUS,"| Shields [8], Guaranteed Safe AI [9], safety filter [10] | Participation | Safety boundary | Binary (on/off) | No |","Numeric extraction only; may be citation, date, identifier, illustration or result; semantic inventory incomplete."
publications/active/ipsci-2026/submissions/v3-revision/manuscript-v3.md,The Mechanistic Basis for External Governance,165,not yet mapped: numeric token,2.0,PENDING — SC-3 stopped traceability review,ambiguous,AMBIGUOUS,| Tumato 2.0 [14] | Execution | Constraint predicate | Binary per action | No |,"Numeric extraction only; may be citation, date, identifier, illustration or result; semantic inventory incomplete."
publications/active/ipsci-2026/submissions/v3-revision/manuscript-v3.md,The Mechanistic Basis for External Governance,165,not yet mapped: numeric token,14,PENDING — SC-3 stopped traceability review,ambiguous,AMBIGUOUS,| Tumato 2.0 [14] | Execution | Constraint predicate | Binary per action | No |,"Numeric extraction only; may be citation, date, identifier, illustration or result; semantic inventory incomplete."
publications/active/ipsci-2026/submissions/v3-revision/manuscript-v3.md,The Mechanistic Basis for External Governance,166,not yet mapped: numeric token,31,PENDING — SC-3 stopped traceability review,ambiguous,AMBIGUOUS,| Pro2Guard [31] | Execution | Predicted unsafe-state probability | Binary (threshold-triggered) | No |,"Numeric extraction only; may be citation, date, identifier, illustration or result; semantic inventory incomplete."
publications/active/ipsci-2026/submissions/v3-revision/manuscript-v3.md,The Mechanistic Basis for External Governance,167,not yet mapped: numeric token,7,PENDING — SC-3 stopped traceability review,ambiguous,AMBIGUOUS,| Flehmig et al. traffic-light [7] | Oversight | AI degradation index | Graduated (3 levels) | No |,"Numeric extraction only; may be citation, date, identifier, illustration or result; semantic inventory incomplete."
publications/active/ipsci-2026/submissions/v3-revision/manuscript-v3.md,The Mechanistic Basis for External Governance,167,not yet mapped: numeric token,3,PENDING — SC-3 stopped traceability review,ambiguous,AMBIGUOUS,| Flehmig et al. traffic-light [7] | Oversight | AI degradation index | Graduated (3 levels) | No |,"Numeric extraction only; may be citation, date, identifier, illustration or result; semantic inventory incomplete."
publications/active/ipsci-2026/submissions/v3-revision/manuscript-v3.md,The Mechanistic Basis for External Governance,168,not yet mapped: numeric token,22,PENDING — SC-3 stopped traceability review,ambiguous,AMBIGUOUS,| Kang GAIE [22] | Oversight | Task regulatory impact | Graduated (3 tiers) | No |,"Numeric extraction only; may be citation, date, identifier, illustration or result; semantic inventory incomplete."
publications/active/ipsci-2026/submissions/v3-revision/manuscript-v3.md,The Mechanistic Basis for External Governance,168,not yet mapped: numeric token,3,PENDING — SC-3 stopped traceability review,ambiguous,AMBIGUOUS,| Kang GAIE [22] | Oversight | Task regulatory impact | Graduated (3 tiers) | No |,"Numeric extraction only; may be citation, date, identifier, illustration or result; semantic inventory incomplete."
publications/active/ipsci-2026/submissions/v3-revision/manuscript-v3.md,The Mechanistic Basis for External Governance,169,not yet mapped: numeric token,24,PENDING — SC-3 stopped traceability review,ambiguous,AMBIGUOUS,| Ghaleb et al. safety gate [24] | Execution | Epistemic uncertainty | Graduated (3 regimes) | No |,"Numeric extraction only; may be citation, date, identifier, illustration or result; semantic inventory incomplete."
publications/active/ipsci-2026/submissions/v3-revision/manuscript-v3.md,The Mechanistic Basis for External Governance,169,not yet mapped: numeric token,3,PENDING — SC-3 stopped traceability review,ambiguous,AMBIGUOUS,| Ghaleb et al. safety gate [24] | Execution | Epistemic uncertainty | Graduated (3 regimes) | No |,"Numeric extraction only; may be citation, date, identifier, illustration or result; semantic inventory incomplete."
publications/active/ipsci-2026/submissions/v3-revision/manuscript-v3.md,The Mechanistic Basis for External Governance,170,not yet mapped: numeric token,23,PENDING — SC-3 stopped traceability review,ambiguous,AMBIGUOUS,| Sahoo AMAGF [23] | Execution | Control quality score | Graduated (5 bands) | No |,"Numeric extraction only; may be citation, date, identifier, illustration or result; semantic inventory incomplete."
publications/active/ipsci-2026/submissions/v3-revision/manuscript-v3.md,The Mechanistic Basis for External Governance,170,not yet mapped: numeric token,5,PENDING — SC-3 stopped traceability review,ambiguous,AMBIGUOUS,| Sahoo AMAGF [23] | Execution | Control quality score | Graduated (5 bands) | No |,"Numeric extraction only; may be citation, date, identifier, illustration or result; semantic inventory incomplete."
publications/active/ipsci-2026/submissions/v3-revision/manuscript-v3.md,The Mechanistic Basis for External Governance,171,not yet mapped: numeric token,13,PENDING — SC-3 stopped traceability review,ambiguous,AMBIGUOUS,| Baxi K-tier [13] | Execution | AI robustness (verified) | Graduated (K tiers) | No |,"Numeric extraction only; may be citation, date, identifier, illustration or result; semantic inventory incomplete."
publications/active/ipsci-2026/submissions/v3-revision/manuscript-v3.md,The Mechanistic Basis for External Governance,172,not yet mapped: numeric token,3,PENDING — SC-3 stopped traceability review,ambiguous,AMBIGUOUS,"| **Proposed architecture** | **Advisory scope** | **Environmental safety state** | **Graduated (3 states)** | **Yes** (A_AI(CAUTION) = {Go, Delay}) |","Numeric extraction only; may be citation, date, identifier, illustration or result; semantic inventory incomplete."
publications/active/ipsci-2026/submissions/v3-revision/manuscript-v3.md,The Mechanistic Basis for External Governance,174,not yet mapped: numeric token,6,PENDING — SC-3 stopped traceability review,ambiguous,AMBIGUOUS,"*Shamsujjoha et al.'s Swiss Cheese Model [6] describes 13 guardrail actions applied to agent artifacts (prompts, plans, tools, FMs) and pipeline stages. All actions are content-focused (block, filter, flag, modify, validate); none condition AI advisory scope on environmental safety state.*","Numeric extraction only; may be citation, date, identifier, illustration or result; semantic inventory incomplete."
publications/active/ipsci-2026/submissions/v3-revision/manuscript-v3.md,The Mechanistic Basis for External Governance,174,not yet mapped: numeric token,13,PENDING — SC-3 stopped traceability review,ambiguous,AMBIGUOUS,"*Shamsujjoha et al.'s Swiss Cheese Model [6] describes 13 guardrail actions applied to agent artifacts (prompts, plans, tools, FMs) and pipeline stages. All actions are content-focused (block, filter, flag, modify, validate); none condition AI advisory scope on environmental safety state.*","Numeric extraction only; may be citation, date, identifier, illustration or result; semantic inventory incomplete."
publications/active/ipsci-2026/submissions/v3-revision/manuscript-v3.md,Proposed Architecture,180,not yet mapped: numeric token,34,PENDING — SC-3 stopped traceability review,ambiguous,AMBIGUOUS,"Within the scope the governance layer allows, recommendations are generated with the help of a Symbolic AI Reasoning Engine, a classical symbolic artificial intelligence approach in the line of knowledge-based expert systems [34]. As the Mechanistic Basis section establishes, internal self-restraint cannot be relied upon; the solution must be external. The proposed graduated safety-state-gated architecture here conditions both AI participation and advisory scope on a classified environmental safety state, enforced by a layer outside the AI component (Fig. 3). An additional key element of the design is its attempt to address a gap in governance theory: Engin and Hand argue that governance categories should be built as explicit thresholds over continuously monitored dimensions [29], but their proposal lacks an enforcement mechanism. The proposed architecture realises that pattern as an enforced runtime mechanism: continuous environmental observation *E*, deterministic thresholding *S* = *f*(*E*), and three actionable categories each carrying formally differentiated constraints, enforced by construction rather than by design intent.","Numeric extraction only; may be citation, date, identifier, illustration or result; semantic inventory incomplete."
publications/active/ipsci-2026/submissions/v3-revision/manuscript-v3.md,Proposed Architecture,180,not yet mapped: numeric token,3,PENDING — SC-3 stopped traceability review,ambiguous,AMBIGUOUS,"Within the scope the governance layer allows, recommendations are generated with the help of a Symbolic AI Reasoning Engine, a classical symbolic artificial intelligence approach in the line of knowledge-based expert systems [34]. As the Mechanistic Basis section establishes, internal self-restraint cannot be relied upon; the solution must be external. The proposed graduated safety-state-gated architecture here conditions both AI participation and advisory scope on a classified environmental safety state, enforced by a layer outside the AI component (Fig. 3). An additional key element of the design is its attempt to address a gap in governance theory: Engin and Hand argue that governance categories should be built as explicit thresholds over continuously monitored dimensions [29], but their proposal lacks an enforcement mechanism. The proposed architecture realises that pattern as an enforced runtime mechanism: continuous environmental observation *E*, deterministic thresholding *S* = *f*(*E*), and three actionable categories each carrying formally differentiated constraints, enforced by construction rather than by design intent.","Numeric extraction only; may be citation, date, identifier, illustration or result; semantic inventory incomplete."
publications/active/ipsci-2026/submissions/v3-revision/manuscript-v3.md,Proposed Architecture,180,not yet mapped: numeric token,29,PENDING — SC-3 stopped traceability review,ambiguous,AMBIGUOUS,"Within the scope the governance layer allows, recommendations are generated with the help of a Symbolic AI Reasoning Engine, a classical symbolic artificial intelligence approach in the line of knowledge-based expert systems [34]. As the Mechanistic Basis section establishes, internal self-restraint cannot be relied upon; the solution must be external. The proposed graduated safety-state-gated architecture here conditions both AI participation and advisory scope on a classified environmental safety state, enforced by a layer outside the AI component (Fig. 3). An additional key element of the design is its attempt to address a gap in governance theory: Engin and Hand argue that governance categories should be built as explicit thresholds over continuously monitored dimensions [29], but their proposal lacks an enforcement mechanism. The proposed architecture realises that pattern as an enforced runtime mechanism: continuous environmental observation *E*, deterministic thresholding *S* = *f*(*E*), and three actionable categories each carrying formally differentiated constraints, enforced by construction rather than by design intent.","Numeric extraction only; may be citation, date, identifier, illustration or result; semantic inventory incomplete."
publications/active/ipsci-2026/submissions/v3-revision/manuscript-v3.md,Proposed Architecture,182,not yet mapped: numeric token,3,PENDING — SC-3 stopped traceability review,ambiguous,AMBIGUOUS,"**Fig. 3.** Graduated safety-state-gated architecture showing environmental classification, the governance pair (*G*(*S*), *A*_AI(*S*)) and advisory scope restriction.","Numeric extraction only; may be citation, date, identifier, illustration or result; semantic inventory incomplete."
publications/active/ipsci-2026/submissions/v3-revision/manuscript-v3.md,Proposed Architecture,201,not yet mapped: numeric token,0,PENDING — SC-3 stopped traceability review,ambiguous,AMBIGUOUS,     │ G(S) = 0│ │   G(S) = 1     │,"Numeric extraction only; may be citation, date, identifier, illustration or result; semantic inventory incomplete."
publications/active/ipsci-2026/submissions/v3-revision/manuscript-v3.md,Proposed Architecture,201,not yet mapped: numeric token,1,PENDING — SC-3 stopped traceability review,ambiguous,AMBIGUOUS,     │ G(S) = 0│ │   G(S) = 1     │,"Numeric extraction only; may be citation, date, identifier, illustration or result; semantic inventory incomplete."
publications/active/ipsci-2026/submissions/v3-revision/manuscript-v3.md,Proposed Architecture,227,not yet mapped: numeric token,35,PENDING — SC-3 stopped traceability review,ambiguous,AMBIGUOUS,"The architecture is situated within established governance standards. The NIST AI Risk Management Framework [35] defines risk tiers for AI systems in safety-critical applications; the SAFE/CAUTION/UNSAFE classification operationalises that tiered approach at runtime, with UNSAFE mapping to the highest risk tier where AI participation is suspended and CAUTION to an intermediate tier where advisory scope is formally bounded. Graduated safety constraints are a precedent in safety engineering: IEC 61508 Safety Integrity Levels and ISO 26262 Automotive Safety Integrity Levels both impose progressively stricter design and verification requirements as risk increases, and the A_AI(S) contraction from SAFE to CAUTION mirrors this principle at the advisory scope level. Taken together, the architecture realises the deterministic guard principle of Bloomfield and Rushby [20] — surrounding the AI component with a formally specified, state-conditioned constraint — at the level of advisory scope rather than execution.","Numeric extraction only; may be citation, date, identifier, illustration or result; semantic inventory incomplete."
publications/active/ipsci-2026/submissions/v3-revision/manuscript-v3.md,Proposed Architecture,227,not yet mapped: numeric token,61508,PENDING — SC-3 stopped traceability review,ambiguous,AMBIGUOUS,"The architecture is situated within established governance standards. The NIST AI Risk Management Framework [35] defines risk tiers for AI systems in safety-critical applications; the SAFE/CAUTION/UNSAFE classification operationalises that tiered approach at runtime, with UNSAFE mapping to the highest risk tier where AI participation is suspended and CAUTION to an intermediate tier where advisory scope is formally bounded. Graduated safety constraints are a precedent in safety engineering: IEC 61508 Safety Integrity Levels and ISO 26262 Automotive Safety Integrity Levels both impose progressively stricter design and verification requirements as risk increases, and the A_AI(S) contraction from SAFE to CAUTION mirrors this principle at the advisory scope level. Taken together, the architecture realises the deterministic guard principle of Bloomfield and Rushby [20] — surrounding the AI component with a formally specified, state-conditioned constraint — at the level of advisory scope rather than execution.","Numeric extraction only; may be citation, date, identifier, illustration or result; semantic inventory incomplete."
publications/active/ipsci-2026/submissions/v3-revision/manuscript-v3.md,Proposed Architecture,227,not yet mapped: numeric token,26262,PENDING — SC-3 stopped traceability review,ambiguous,AMBIGUOUS,"The architecture is situated within established governance standards. The NIST AI Risk Management Framework [35] defines risk tiers for AI systems in safety-critical applications; the SAFE/CAUTION/UNSAFE classification operationalises that tiered approach at runtime, with UNSAFE mapping to the highest risk tier where AI participation is suspended and CAUTION to an intermediate tier where advisory scope is formally bounded. Graduated safety constraints are a precedent in safety engineering: IEC 61508 Safety Integrity Levels and ISO 26262 Automotive Safety Integrity Levels both impose progressively stricter design and verification requirements as risk increases, and the A_AI(S) contraction from SAFE to CAUTION mirrors this principle at the advisory scope level. Taken together, the architecture realises the deterministic guard principle of Bloomfield and Rushby [20] — surrounding the AI component with a formally specified, state-conditioned constraint — at the level of advisory scope rather than execution.","Numeric extraction only; may be citation, date, identifier, illustration or result; semantic inventory incomplete."
publications/active/ipsci-2026/submissions/v3-revision/manuscript-v3.md,Proposed Architecture,227,not yet mapped: numeric token,20,PENDING — SC-3 stopped traceability review,ambiguous,AMBIGUOUS,"The architecture is situated within established governance standards. The NIST AI Risk Management Framework [35] defines risk tiers for AI systems in safety-critical applications; the SAFE/CAUTION/UNSAFE classification operationalises that tiered approach at runtime, with UNSAFE mapping to the highest risk tier where AI participation is suspended and CAUTION to an intermediate tier where advisory scope is formally bounded. Graduated safety constraints are a precedent in safety engineering: IEC 61508 Safety Integrity Levels and ISO 26262 Automotive Safety Integrity Levels both impose progressively stricter design and verification requirements as risk increases, and the A_AI(S) contraction from SAFE to CAUTION mirrors this principle at the advisory scope level. Taken together, the architecture realises the deterministic guard principle of Bloomfield and Rushby [20] — surrounding the AI component with a formally specified, state-conditioned constraint — at the level of advisory scope rather than execution.","Numeric extraction only; may be citation, date, identifier, illustration or result; semantic inventory incomplete."
publications/active/ipsci-2026/submissions/v3-revision/manuscript-v3.md,Formal Structure,237,not yet mapped: numeric token,1,PENDING — SC-3 stopped traceability review,ambiguous,AMBIGUOUS,"| SAFE | 1 (enabled) | {Go, Delay, DepartureTime, Duration} | Full |","Numeric extraction only; may be citation, date, identifier, illustration or result; semantic inventory incomplete."
publications/active/ipsci-2026/submissions/v3-revision/manuscript-v3.md,Formal Structure,238,not yet mapped: numeric token,1,PENDING — SC-3 stopped traceability review,ambiguous,AMBIGUOUS,"| CAUTION | 1 (enabled) | {Go, Delay} | Restricted |","Numeric extraction only; may be citation, date, identifier, illustration or result; semantic inventory incomplete."
publications/active/ipsci-2026/submissions/v3-revision/manuscript-v3.md,Formal Structure,239,not yet mapped: numeric token,0,PENDING — SC-3 stopped traceability review,ambiguous,AMBIGUOUS,| UNSAFE | 0 (disabled) | ∅ | None |,"Numeric extraction only; may be citation, date, identifier, illustration or result; semantic inventory incomplete."
publications/active/ipsci-2026/submissions/v3-revision/manuscript-v3.md,Classification and the role of vessel category,257,not yet mapped: numeric token,10,PENDING — SC-3 stopped traceability review,ambiguous,AMBIGUOUS,| small (< 10) | o < 1.0 m | 1.0–1.25 m | > 1.25 m |,"Numeric extraction only; may be citation, date, identifier, illustration or result; semantic inventory incomplete."
publications/active/ipsci-2026/submissions/v3-revision/manuscript-v3.md,Classification and the role of vessel category,257,not yet mapped: numeric token,1.0,PENDING — SC-3 stopped traceability review,ambiguous,AMBIGUOUS,| small (< 10) | o < 1.0 m | 1.0–1.25 m | > 1.25 m |,"Numeric extraction only; may be citation, date, identifier, illustration or result; semantic inventory incomplete."
publications/active/ipsci-2026/submissions/v3-revision/manuscript-v3.md,Classification and the role of vessel category,257,not yet mapped: numeric token,1.0,PENDING — SC-3 stopped traceability review,ambiguous,AMBIGUOUS,| small (< 10) | o < 1.0 m | 1.0–1.25 m | > 1.25 m |,"Numeric extraction only; may be citation, date, identifier, illustration or result; semantic inventory incomplete."
publications/active/ipsci-2026/submissions/v3-revision/manuscript-v3.md,Classification and the role of vessel category,257,not yet mapped: numeric token,1.25,PENDING — SC-3 stopped traceability review,ambiguous,AMBIGUOUS,| small (< 10) | o < 1.0 m | 1.0–1.25 m | > 1.25 m |,"Numeric extraction only; may be citation, date, identifier, illustration or result; semantic inventory incomplete."
publications/active/ipsci-2026/submissions/v3-revision/manuscript-v3.md,Classification and the role of vessel category,257,not yet mapped: numeric token,1.25,PENDING — SC-3 stopped traceability review,ambiguous,AMBIGUOUS,| small (< 10) | o < 1.0 m | 1.0–1.25 m | > 1.25 m |,"Numeric extraction only; may be citation, date, identifier, illustration or result; semantic inventory incomplete."
publications/active/ipsci-2026/submissions/v3-revision/manuscript-v3.md,Classification and the role of vessel category,258,not yet mapped: numeric token,10,PENDING — SC-3 stopped traceability review,ambiguous,AMBIGUOUS,| medium (10–25) | o < 1.4 m | 1.4–2.8 m | > 2.8 m |,"Numeric extraction only; may be citation, date, identifier, illustration or result; semantic inventory incomplete."
publications/active/ipsci-2026/submissions/v3-revision/manuscript-v3.md,Classification and the role of vessel category,258,not yet mapped: numeric token,25,PENDING — SC-3 stopped traceability review,ambiguous,AMBIGUOUS,| medium (10–25) | o < 1.4 m | 1.4–2.8 m | > 2.8 m |,"Numeric extraction only; may be citation, date, identifier, illustration or result; semantic inventory incomplete."
publications/active/ipsci-2026/submissions/v3-revision/manuscript-v3.md,Classification and the role of vessel category,258,not yet mapped: numeric token,1.4,PENDING — SC-3 stopped traceability review,ambiguous,AMBIGUOUS,| medium (10–25) | o < 1.4 m | 1.4–2.8 m | > 2.8 m |,"Numeric extraction only; may be citation, date, identifier, illustration or result; semantic inventory incomplete."
publications/active/ipsci-2026/submissions/v3-revision/manuscript-v3.md,Classification and the role of vessel category,258,not yet mapped: numeric token,1.4,PENDING — SC-3 stopped traceability review,ambiguous,AMBIGUOUS,| medium (10–25) | o < 1.4 m | 1.4–2.8 m | > 2.8 m |,"Numeric extraction only; may be citation, date, identifier, illustration or result; semantic inventory incomplete."
publications/active/ipsci-2026/submissions/v3-revision/manuscript-v3.md,Classification and the role of vessel category,258,not yet mapped: numeric token,2.8,PENDING — SC-3 stopped traceability review,ambiguous,AMBIGUOUS,| medium (10–25) | o < 1.4 m | 1.4–2.8 m | > 2.8 m |,"Numeric extraction only; may be citation, date, identifier, illustration or result; semantic inventory incomplete."
publications/active/ipsci-2026/submissions/v3-revision/manuscript-v3.md,Classification and the role of vessel category,258,not yet mapped: numeric token,2.8,PENDING — SC-3 stopped traceability review,ambiguous,AMBIGUOUS,| medium (10–25) | o < 1.4 m | 1.4–2.8 m | > 2.8 m |,"Numeric extraction only; may be citation, date, identifier, illustration or result; semantic inventory incomplete."
publications/active/ipsci-2026/submissions/v3-revision/manuscript-v3.md,Classification and the role of vessel category,259,not yet mapped: numeric token,25,PENDING — SC-3 stopped traceability review,ambiguous,AMBIGUOUS,| big (> 25) | o < 1.5 m | 1.5–3.5 m | > 3.5 m |,"Numeric extraction only; may be citation, date, identifier, illustration or result; semantic inventory incomplete."
publications/active/ipsci-2026/submissions/v3-revision/manuscript-v3.md,Classification and the role of vessel category,259,not yet mapped: numeric token,1.5,PENDING — SC-3 stopped traceability review,ambiguous,AMBIGUOUS,| big (> 25) | o < 1.5 m | 1.5–3.5 m | > 3.5 m |,"Numeric extraction only; may be citation, date, identifier, illustration or result; semantic inventory incomplete."
publications/active/ipsci-2026/submissions/v3-revision/manuscript-v3.md,Classification and the role of vessel category,259,not yet mapped: numeric token,1.5,PENDING — SC-3 stopped traceability review,ambiguous,AMBIGUOUS,| big (> 25) | o < 1.5 m | 1.5–3.5 m | > 3.5 m |,"Numeric extraction only; may be citation, date, identifier, illustration or result; semantic inventory incomplete."
publications/active/ipsci-2026/submissions/v3-revision/manuscript-v3.md,Classification and the role of vessel category,259,not yet mapped: numeric token,3.5,PENDING — SC-3 stopped traceability review,ambiguous,AMBIGUOUS,| big (> 25) | o < 1.5 m | 1.5–3.5 m | > 3.5 m |,"Numeric extraction only; may be citation, date, identifier, illustration or result; semantic inventory incomplete."
publications/active/ipsci-2026/submissions/v3-revision/manuscript-v3.md,Classification and the role of vessel category,259,not yet mapped: numeric token,3.5,PENDING — SC-3 stopped traceability review,ambiguous,AMBIGUOUS,| big (> 25) | o < 1.5 m | 1.5–3.5 m | > 3.5 m |,"Numeric extraction only; may be citation, date, identifier, illustration or result; semantic inventory incomplete."
publications/active/ipsci-2026/submissions/v3-revision/manuscript-v3.md,Classification and the role of vessel category,261,not yet mapped: numeric token,6.54,PENDING — SC-3 stopped traceability review,ambiguous,AMBIGUOUS,"The distinction matters structurally. A vessel term would be constant for any given operator, and a constant inside a maximum establishes a floor on the output without shifting a boundary: under such a formulation, vessels of every size would be classified UNSAFE at the same wave height. Yaakob et al. report a 6.54 m Malaysian hull exceeding NORDFORSK operability limits at Hs ≈ 1.875 m — roughly half the threshold at which a vessel-independent set would first declare it UNSAFE. The objection that correlated parameters compensate does not hold empirically: Jeong and Im report that 82% of capsizing accidents in their 2017–2022 sample occurred on days with no weather warning in force. Conditioning *g*_o on *v* shifts the boundary, which is what the hydrodynamic evidence requires, and removes a double-count of wave-related risk for small vessels.","Numeric extraction only; may be citation, date, identifier, illustration or result; semantic inventory incomplete."
publications/active/ipsci-2026/submissions/v3-revision/manuscript-v3.md,Classification and the role of vessel category,261,not yet mapped: numeric token,1.875,PENDING — SC-3 stopped traceability review,ambiguous,AMBIGUOUS,"The distinction matters structurally. A vessel term would be constant for any given operator, and a constant inside a maximum establishes a floor on the output without shifting a boundary: under such a formulation, vessels of every size would be classified UNSAFE at the same wave height. Yaakob et al. report a 6.54 m Malaysian hull exceeding NORDFORSK operability limits at Hs ≈ 1.875 m — roughly half the threshold at which a vessel-independent set would first declare it UNSAFE. The objection that correlated parameters compensate does not hold empirically: Jeong and Im report that 82% of capsizing accidents in their 2017–2022 sample occurred on days with no weather warning in force. Conditioning *g*_o on *v* shifts the boundary, which is what the hydrodynamic evidence requires, and removes a double-count of wave-related risk for small vessels.","Numeric extraction only; may be citation, date, identifier, illustration or result; semantic inventory incomplete."
publications/active/ipsci-2026/submissions/v3-revision/manuscript-v3.md,Classification and the role of vessel category,261,not yet mapped: numeric token,82%,PENDING — SC-3 stopped traceability review,ambiguous,AMBIGUOUS,"The distinction matters structurally. A vessel term would be constant for any given operator, and a constant inside a maximum establishes a floor on the output without shifting a boundary: under such a formulation, vessels of every size would be classified UNSAFE at the same wave height. Yaakob et al. report a 6.54 m Malaysian hull exceeding NORDFORSK operability limits at Hs ≈ 1.875 m — roughly half the threshold at which a vessel-independent set would first declare it UNSAFE. The objection that correlated parameters compensate does not hold empirically: Jeong and Im report that 82% of capsizing accidents in their 2017–2022 sample occurred on days with no weather warning in force. Conditioning *g*_o on *v* shifts the boundary, which is what the hydrodynamic evidence requires, and removes a double-count of wave-related risk for small vessels.","Numeric extraction only; may be citation, date, identifier, illustration or result; semantic inventory incomplete."
publications/active/ipsci-2026/submissions/v3-revision/manuscript-v3.md,Classification and the role of vessel category,261,not yet mapped: numeric token,2017,PENDING — SC-3 stopped traceability review,ambiguous,AMBIGUOUS,"The distinction matters structurally. A vessel term would be constant for any given operator, and a constant inside a maximum establishes a floor on the output without shifting a boundary: under such a formulation, vessels of every size would be classified UNSAFE at the same wave height. Yaakob et al. report a 6.54 m Malaysian hull exceeding NORDFORSK operability limits at Hs ≈ 1.875 m — roughly half the threshold at which a vessel-independent set would first declare it UNSAFE. The objection that correlated parameters compensate does not hold empirically: Jeong and Im report that 82% of capsizing accidents in their 2017–2022 sample occurred on days with no weather warning in force. Conditioning *g*_o on *v* shifts the boundary, which is what the hydrodynamic evidence requires, and removes a double-count of wave-related risk for small vessels.","Numeric extraction only; may be citation, date, identifier, illustration or result; semantic inventory incomplete."
publications/active/ipsci-2026/submissions/v3-revision/manuscript-v3.md,Classification and the role of vessel category,261,not yet mapped: numeric token,2022,PENDING — SC-3 stopped traceability review,ambiguous,AMBIGUOUS,"The distinction matters structurally. A vessel term would be constant for any given operator, and a constant inside a maximum establishes a floor on the output without shifting a boundary: under such a formulation, vessels of every size would be classified UNSAFE at the same wave height. Yaakob et al. report a 6.54 m Malaysian hull exceeding NORDFORSK operability limits at Hs ≈ 1.875 m — roughly half the threshold at which a vessel-independent set would first declare it UNSAFE. The objection that correlated parameters compensate does not hold empirically: Jeong and Im report that 82% of capsizing accidents in their 2017–2022 sample occurred on days with no weather warning in force. Conditioning *g*_o on *v* shifts the boundary, which is what the hydrodynamic evidence requires, and removes a double-count of wave-related risk for small vessels.","Numeric extraction only; may be citation, date, identifier, illustration or result; semantic inventory incomplete."
publications/active/ipsci-2026/submissions/v3-revision/manuscript-v3.md,Formal Properties,267,not yet mapped: numeric token,1,PENDING — SC-3 stopped traceability review,ambiguous,AMBIGUOUS,"**Theorem 1 (Totality).** *For all E in its domain, f(E) is defined and returns exactly one element of* {SAFE, CAUTION, UNSAFE}.","Numeric extraction only; may be citation, date, identifier, illustration or result; semantic inventory incomplete."
publications/active/ipsci-2026/submissions/v3-revision/manuscript-v3.md,Formal Properties,269,not yet mapped: numeric token,0,PENDING — SC-3 stopped traceability review,ambiguous,AMBIGUOUS,"*Proof sketch.* Each condition classification function partitions its input domain exhaustively and without overlap: g_w partitions ℝ≥0 into [0, 22], (22, 27], (27, +∞); g_r and g_m enumerate all categorical values without omission; g_t partitions [0, 24) into [6.0, 17.0), [17.0, 19.0), [19.0, 24.0) ∪ [0.0, 6.0). The wave height function g_o(o, v) is two-argument, with domain ℝ≥0 × {small, medium, big}: for each fixed v the corresponding row of TABLE IIIb induces three intervals partitioning ℝ≥0 exhaustively, and {small, medium, big} is finite and exhausts the domain of v, so every pair (o, v) selects exactly one row and falls in exactly one interval of that row. Parameterisation by a finite index set preserves totality provided each induced partition is exhaustive. Each function is therefore total. The aggregation f(E) = max_≻ {gᵢ(xᵢ)} over a finite totally ordered set is always defined and returns a unique maximum. The fail-safe rule — if any xᵢ = ⊥ then f(E) = UNSAFE — extends totality to corrupted or missing inputs. □","Numeric extraction only; may be citation, date, identifier, illustration or result; semantic inventory incomplete."
publications/active/ipsci-2026/submissions/v3-revision/manuscript-v3.md,Formal Properties,269,not yet mapped: numeric token,0,PENDING — SC-3 stopped traceability review,ambiguous,AMBIGUOUS,"*Proof sketch.* Each condition classification function partitions its input domain exhaustively and without overlap: g_w partitions ℝ≥0 into [0, 22], (22, 27], (27, +∞); g_r and g_m enumerate all categorical values without omission; g_t partitions [0, 24) into [6.0, 17.0), [17.0, 19.0), [19.0, 24.0) ∪ [0.0, 6.0). The wave height function g_o(o, v) is two-argument, with domain ℝ≥0 × {small, medium, big}: for each fixed v the corresponding row of TABLE IIIb induces three intervals partitioning ℝ≥0 exhaustively, and {small, medium, big} is finite and exhausts the domain of v, so every pair (o, v) selects exactly one row and falls in exactly one interval of that row. Parameterisation by a finite index set preserves totality provided each induced partition is exhaustive. Each function is therefore total. The aggregation f(E) = max_≻ {gᵢ(xᵢ)} over a finite totally ordered set is always defined and returns a unique maximum. The fail-safe rule — if any xᵢ = ⊥ then f(E) = UNSAFE — extends totality to corrupted or missing inputs. □","Numeric extraction only; may be citation, date, identifier, illustration or result; semantic inventory incomplete."
publications/active/ipsci-2026/submissions/v3-revision/manuscript-v3.md,Formal Properties,269,not yet mapped: numeric token,22,PENDING — SC-3 stopped traceability review,ambiguous,AMBIGUOUS,"*Proof sketch.* Each condition classification function partitions its input domain exhaustively and without overlap: g_w partitions ℝ≥0 into [0, 22], (22, 27], (27, +∞); g_r and g_m enumerate all categorical values without omission; g_t partitions [0, 24) into [6.0, 17.0), [17.0, 19.0), [19.0, 24.0) ∪ [0.0, 6.0). The wave height function g_o(o, v) is two-argument, with domain ℝ≥0 × {small, medium, big}: for each fixed v the corresponding row of TABLE IIIb induces three intervals partitioning ℝ≥0 exhaustively, and {small, medium, big} is finite and exhausts the domain of v, so every pair (o, v) selects exactly one row and falls in exactly one interval of that row. Parameterisation by a finite index set preserves totality provided each induced partition is exhaustive. Each function is therefore total. The aggregation f(E) = max_≻ {gᵢ(xᵢ)} over a finite totally ordered set is always defined and returns a unique maximum. The fail-safe rule — if any xᵢ = ⊥ then f(E) = UNSAFE — extends totality to corrupted or missing inputs. □","Numeric extraction only; may be citation, date, identifier, illustration or result; semantic inventory incomplete."
publications/active/ipsci-2026/submissions/v3-revision/manuscript-v3.md,Formal Properties,269,not yet mapped: numeric token,22,PENDING — SC-3 stopped traceability review,ambiguous,AMBIGUOUS,"*Proof sketch.* Each condition classification function partitions its input domain exhaustively and without overlap: g_w partitions ℝ≥0 into [0, 22], (22, 27], (27, +∞); g_r and g_m enumerate all categorical values without omission; g_t partitions [0, 24) into [6.0, 17.0), [17.0, 19.0), [19.0, 24.0) ∪ [0.0, 6.0). The wave height function g_o(o, v) is two-argument, with domain ℝ≥0 × {small, medium, big}: for each fixed v the corresponding row of TABLE IIIb induces three intervals partitioning ℝ≥0 exhaustively, and {small, medium, big} is finite and exhausts the domain of v, so every pair (o, v) selects exactly one row and falls in exactly one interval of that row. Parameterisation by a finite index set preserves totality provided each induced partition is exhaustive. Each function is therefore total. The aggregation f(E) = max_≻ {gᵢ(xᵢ)} over a finite totally ordered set is always defined and returns a unique maximum. The fail-safe rule — if any xᵢ = ⊥ then f(E) = UNSAFE — extends totality to corrupted or missing inputs. □","Numeric extraction only; may be citation, date, identifier, illustration or result; semantic inventory incomplete."
publications/active/ipsci-2026/submissions/v3-revision/manuscript-v3.md,Formal Properties,269,not yet mapped: numeric token,27,PENDING — SC-3 stopped traceability review,ambiguous,AMBIGUOUS,"*Proof sketch.* Each condition classification function partitions its input domain exhaustively and without overlap: g_w partitions ℝ≥0 into [0, 22], (22, 27], (27, +∞); g_r and g_m enumerate all categorical values without omission; g_t partitions [0, 24) into [6.0, 17.0), [17.0, 19.0), [19.0, 24.0) ∪ [0.0, 6.0). The wave height function g_o(o, v) is two-argument, with domain ℝ≥0 × {small, medium, big}: for each fixed v the corresponding row of TABLE IIIb induces three intervals partitioning ℝ≥0 exhaustively, and {small, medium, big} is finite and exhausts the domain of v, so every pair (o, v) selects exactly one row and falls in exactly one interval of that row. Parameterisation by a finite index set preserves totality provided each induced partition is exhaustive. Each function is therefore total. The aggregation f(E) = max_≻ {gᵢ(xᵢ)} over a finite totally ordered set is always defined and returns a unique maximum. The fail-safe rule — if any xᵢ = ⊥ then f(E) = UNSAFE — extends totality to corrupted or missing inputs. □","Numeric extraction only; may be citation, date, identifier, illustration or result; semantic inventory incomplete."
publications/active/ipsci-2026/submissions/v3-revision/manuscript-v3.md,Formal Properties,269,not yet mapped: numeric token,27,PENDING — SC-3 stopped traceability review,ambiguous,AMBIGUOUS,"*Proof sketch.* Each condition classification function partitions its input domain exhaustively and without overlap: g_w partitions ℝ≥0 into [0, 22], (22, 27], (27, +∞); g_r and g_m enumerate all categorical values without omission; g_t partitions [0, 24) into [6.0, 17.0), [17.0, 19.0), [19.0, 24.0) ∪ [0.0, 6.0). The wave height function g_o(o, v) is two-argument, with domain ℝ≥0 × {small, medium, big}: for each fixed v the corresponding row of TABLE IIIb induces three intervals partitioning ℝ≥0 exhaustively, and {small, medium, big} is finite and exhausts the domain of v, so every pair (o, v) selects exactly one row and falls in exactly one interval of that row. Parameterisation by a finite index set preserves totality provided each induced partition is exhaustive. Each function is therefore total. The aggregation f(E) = max_≻ {gᵢ(xᵢ)} over a finite totally ordered set is always defined and returns a unique maximum. The fail-safe rule — if any xᵢ = ⊥ then f(E) = UNSAFE — extends totality to corrupted or missing inputs. □","Numeric extraction only; may be citation, date, identifier, illustration or result; semantic inventory incomplete."
publications/active/ipsci-2026/submissions/v3-revision/manuscript-v3.md,Formal Properties,269,not yet mapped: numeric token,0,PENDING — SC-3 stopped traceability review,ambiguous,AMBIGUOUS,"*Proof sketch.* Each condition classification function partitions its input domain exhaustively and without overlap: g_w partitions ℝ≥0 into [0, 22], (22, 27], (27, +∞); g_r and g_m enumerate all categorical values without omission; g_t partitions [0, 24) into [6.0, 17.0), [17.0, 19.0), [19.0, 24.0) ∪ [0.0, 6.0). The wave height function g_o(o, v) is two-argument, with domain ℝ≥0 × {small, medium, big}: for each fixed v the corresponding row of TABLE IIIb induces three intervals partitioning ℝ≥0 exhaustively, and {small, medium, big} is finite and exhausts the domain of v, so every pair (o, v) selects exactly one row and falls in exactly one interval of that row. Parameterisation by a finite index set preserves totality provided each induced partition is exhaustive. Each function is therefore total. The aggregation f(E) = max_≻ {gᵢ(xᵢ)} over a finite totally ordered set is always defined and returns a unique maximum. The fail-safe rule — if any xᵢ = ⊥ then f(E) = UNSAFE — extends totality to corrupted or missing inputs. □","Numeric extraction only; may be citation, date, identifier, illustration or result; semantic inventory incomplete."
publications/active/ipsci-2026/submissions/v3-revision/manuscript-v3.md,Formal Properties,269,not yet mapped: numeric token,24,PENDING — SC-3 stopped traceability review,ambiguous,AMBIGUOUS,"*Proof sketch.* Each condition classification function partitions its input domain exhaustively and without overlap: g_w partitions ℝ≥0 into [0, 22], (22, 27], (27, +∞); g_r and g_m enumerate all categorical values without omission; g_t partitions [0, 24) into [6.0, 17.0), [17.0, 19.0), [19.0, 24.0) ∪ [0.0, 6.0). The wave height function g_o(o, v) is two-argument, with domain ℝ≥0 × {small, medium, big}: for each fixed v the corresponding row of TABLE IIIb induces three intervals partitioning ℝ≥0 exhaustively, and {small, medium, big} is finite and exhausts the domain of v, so every pair (o, v) selects exactly one row and falls in exactly one interval of that row. Parameterisation by a finite index set preserves totality provided each induced partition is exhaustive. Each function is therefore total. The aggregation f(E) = max_≻ {gᵢ(xᵢ)} over a finite totally ordered set is always defined and returns a unique maximum. The fail-safe rule — if any xᵢ = ⊥ then f(E) = UNSAFE — extends totality to corrupted or missing inputs. □","Numeric extraction only; may be citation, date, identifier, illustration or result; semantic inventory incomplete."
publications/active/ipsci-2026/submissions/v3-revision/manuscript-v3.md,Formal Properties,269,not yet mapped: numeric token,6.0,PENDING — SC-3 stopped traceability review,ambiguous,AMBIGUOUS,"*Proof sketch.* Each condition classification function partitions its input domain exhaustively and without overlap: g_w partitions ℝ≥0 into [0, 22], (22, 27], (27, +∞); g_r and g_m enumerate all categorical values without omission; g_t partitions [0, 24) into [6.0, 17.0), [17.0, 19.0), [19.0, 24.0) ∪ [0.0, 6.0). The wave height function g_o(o, v) is two-argument, with domain ℝ≥0 × {small, medium, big}: for each fixed v the corresponding row of TABLE IIIb induces three intervals partitioning ℝ≥0 exhaustively, and {small, medium, big} is finite and exhausts the domain of v, so every pair (o, v) selects exactly one row and falls in exactly one interval of that row. Parameterisation by a finite index set preserves totality provided each induced partition is exhaustive. Each function is therefore total. The aggregation f(E) = max_≻ {gᵢ(xᵢ)} over a finite totally ordered set is always defined and returns a unique maximum. The fail-safe rule — if any xᵢ = ⊥ then f(E) = UNSAFE — extends totality to corrupted or missing inputs. □","Numeric extraction only; may be citation, date, identifier, illustration or result; semantic inventory incomplete."
publications/active/ipsci-2026/submissions/v3-revision/manuscript-v3.md,Formal Properties,269,not yet mapped: numeric token,17.0,PENDING — SC-3 stopped traceability review,ambiguous,AMBIGUOUS,"*Proof sketch.* Each condition classification function partitions its input domain exhaustively and without overlap: g_w partitions ℝ≥0 into [0, 22], (22, 27], (27, +∞); g_r and g_m enumerate all categorical values without omission; g_t partitions [0, 24) into [6.0, 17.0), [17.0, 19.0), [19.0, 24.0) ∪ [0.0, 6.0). The wave height function g_o(o, v) is two-argument, with domain ℝ≥0 × {small, medium, big}: for each fixed v the corresponding row of TABLE IIIb induces three intervals partitioning ℝ≥0 exhaustively, and {small, medium, big} is finite and exhausts the domain of v, so every pair (o, v) selects exactly one row and falls in exactly one interval of that row. Parameterisation by a finite index set preserves totality provided each induced partition is exhaustive. Each function is therefore total. The aggregation f(E) = max_≻ {gᵢ(xᵢ)} over a finite totally ordered set is always defined and returns a unique maximum. The fail-safe rule — if any xᵢ = ⊥ then f(E) = UNSAFE — extends totality to corrupted or missing inputs. □","Numeric extraction only; may be citation, date, identifier, illustration or result; semantic inventory incomplete."
publications/active/ipsci-2026/submissions/v3-revision/manuscript-v3.md,Formal Properties,269,not yet mapped: numeric token,17.0,PENDING — SC-3 stopped traceability review,ambiguous,AMBIGUOUS,"*Proof sketch.* Each condition classification function partitions its input domain exhaustively and without overlap: g_w partitions ℝ≥0 into [0, 22], (22, 27], (27, +∞); g_r and g_m enumerate all categorical values without omission; g_t partitions [0, 24) into [6.0, 17.0), [17.0, 19.0), [19.0, 24.0) ∪ [0.0, 6.0). The wave height function g_o(o, v) is two-argument, with domain ℝ≥0 × {small, medium, big}: for each fixed v the corresponding row of TABLE IIIb induces three intervals partitioning ℝ≥0 exhaustively, and {small, medium, big} is finite and exhausts the domain of v, so every pair (o, v) selects exactly one row and falls in exactly one interval of that row. Parameterisation by a finite index set preserves totality provided each induced partition is exhaustive. Each function is therefore total. The aggregation f(E) = max_≻ {gᵢ(xᵢ)} over a finite totally ordered set is always defined and returns a unique maximum. The fail-safe rule — if any xᵢ = ⊥ then f(E) = UNSAFE — extends totality to corrupted or missing inputs. □","Numeric extraction only; may be citation, date, identifier, illustration or result; semantic inventory incomplete."
publications/active/ipsci-2026/submissions/v3-revision/manuscript-v3.md,Formal Properties,269,not yet mapped: numeric token,19.0,PENDING — SC-3 stopped traceability review,ambiguous,AMBIGUOUS,"*Proof sketch.* Each condition classification function partitions its input domain exhaustively and without overlap: g_w partitions ℝ≥0 into [0, 22], (22, 27], (27, +∞); g_r and g_m enumerate all categorical values without omission; g_t partitions [0, 24) into [6.0, 17.0), [17.0, 19.0), [19.0, 24.0) ∪ [0.0, 6.0). The wave height function g_o(o, v) is two-argument, with domain ℝ≥0 × {small, medium, big}: for each fixed v the corresponding row of TABLE IIIb induces three intervals partitioning ℝ≥0 exhaustively, and {small, medium, big} is finite and exhausts the domain of v, so every pair (o, v) selects exactly one row and falls in exactly one interval of that row. Parameterisation by a finite index set preserves totality provided each induced partition is exhaustive. Each function is therefore total. The aggregation f(E) = max_≻ {gᵢ(xᵢ)} over a finite totally ordered set is always defined and returns a unique maximum. The fail-safe rule — if any xᵢ = ⊥ then f(E) = UNSAFE — extends totality to corrupted or missing inputs. □","Numeric extraction only; may be citation, date, identifier, illustration or result; semantic inventory incomplete."
publications/active/ipsci-2026/submissions/v3-revision/manuscript-v3.md,Formal Properties,269,not yet mapped: numeric token,19.0,PENDING — SC-3 stopped traceability review,ambiguous,AMBIGUOUS,"*Proof sketch.* Each condition classification function partitions its input domain exhaustively and without overlap: g_w partitions ℝ≥0 into [0, 22], (22, 27], (27, +∞); g_r and g_m enumerate all categorical values without omission; g_t partitions [0, 24) into [6.0, 17.0), [17.0, 19.0), [19.0, 24.0) ∪ [0.0, 6.0). The wave height function g_o(o, v) is two-argument, with domain ℝ≥0 × {small, medium, big}: for each fixed v the corresponding row of TABLE IIIb induces three intervals partitioning ℝ≥0 exhaustively, and {small, medium, big} is finite and exhausts the domain of v, so every pair (o, v) selects exactly one row and falls in exactly one interval of that row. Parameterisation by a finite index set preserves totality provided each induced partition is exhaustive. Each function is therefore total. The aggregation f(E) = max_≻ {gᵢ(xᵢ)} over a finite totally ordered set is always defined and returns a unique maximum. The fail-safe rule — if any xᵢ = ⊥ then f(E) = UNSAFE — extends totality to corrupted or missing inputs. □","Numeric extraction only; may be citation, date, identifier, illustration or result; semantic inventory incomplete."
publications/active/ipsci-2026/submissions/v3-revision/manuscript-v3.md,Formal Properties,269,not yet mapped: numeric token,24.0,PENDING — SC-3 stopped traceability review,ambiguous,AMBIGUOUS,"*Proof sketch.* Each condition classification function partitions its input domain exhaustively and without overlap: g_w partitions ℝ≥0 into [0, 22], (22, 27], (27, +∞); g_r and g_m enumerate all categorical values without omission; g_t partitions [0, 24) into [6.0, 17.0), [17.0, 19.0), [19.0, 24.0) ∪ [0.0, 6.0). The wave height function g_o(o, v) is two-argument, with domain ℝ≥0 × {small, medium, big}: for each fixed v the corresponding row of TABLE IIIb induces three intervals partitioning ℝ≥0 exhaustively, and {small, medium, big} is finite and exhausts the domain of v, so every pair (o, v) selects exactly one row and falls in exactly one interval of that row. Parameterisation by a finite index set preserves totality provided each induced partition is exhaustive. Each function is therefore total. The aggregation f(E) = max_≻ {gᵢ(xᵢ)} over a finite totally ordered set is always defined and returns a unique maximum. The fail-safe rule — if any xᵢ = ⊥ then f(E) = UNSAFE — extends totality to corrupted or missing inputs. □","Numeric extraction only; may be citation, date, identifier, illustration or result; semantic inventory incomplete."
publications/active/ipsci-2026/submissions/v3-revision/manuscript-v3.md,Formal Properties,269,not yet mapped: numeric token,0.0,PENDING — SC-3 stopped traceability review,ambiguous,AMBIGUOUS,"*Proof sketch.* Each condition classification function partitions its input domain exhaustively and without overlap: g_w partitions ℝ≥0 into [0, 22], (22, 27], (27, +∞); g_r and g_m enumerate all categorical values without omission; g_t partitions [0, 24) into [6.0, 17.0), [17.0, 19.0), [19.0, 24.0) ∪ [0.0, 6.0). The wave height function g_o(o, v) is two-argument, with domain ℝ≥0 × {small, medium, big}: for each fixed v the corresponding row of TABLE IIIb induces three intervals partitioning ℝ≥0 exhaustively, and {small, medium, big} is finite and exhausts the domain of v, so every pair (o, v) selects exactly one row and falls in exactly one interval of that row. Parameterisation by a finite index set preserves totality provided each induced partition is exhaustive. Each function is therefore total. The aggregation f(E) = max_≻ {gᵢ(xᵢ)} over a finite totally ordered set is always defined and returns a unique maximum. The fail-safe rule — if any xᵢ = ⊥ then f(E) = UNSAFE — extends totality to corrupted or missing inputs. □","Numeric extraction only; may be citation, date, identifier, illustration or result; semantic inventory incomplete."
publications/active/ipsci-2026/submissions/v3-revision/manuscript-v3.md,Formal Properties,269,not yet mapped: numeric token,6.0,PENDING — SC-3 stopped traceability review,ambiguous,AMBIGUOUS,"*Proof sketch.* Each condition classification function partitions its input domain exhaustively and without overlap: g_w partitions ℝ≥0 into [0, 22], (22, 27], (27, +∞); g_r and g_m enumerate all categorical values without omission; g_t partitions [0, 24) into [6.0, 17.0), [17.0, 19.0), [19.0, 24.0) ∪ [0.0, 6.0). The wave height function g_o(o, v) is two-argument, with domain ℝ≥0 × {small, medium, big}: for each fixed v the corresponding row of TABLE IIIb induces three intervals partitioning ℝ≥0 exhaustively, and {small, medium, big} is finite and exhausts the domain of v, so every pair (o, v) selects exactly one row and falls in exactly one interval of that row. Parameterisation by a finite index set preserves totality provided each induced partition is exhaustive. Each function is therefore total. The aggregation f(E) = max_≻ {gᵢ(xᵢ)} over a finite totally ordered set is always defined and returns a unique maximum. The fail-safe rule — if any xᵢ = ⊥ then f(E) = UNSAFE — extends totality to corrupted or missing inputs. □","Numeric extraction only; may be citation, date, identifier, illustration or result; semantic inventory incomplete."
publications/active/ipsci-2026/submissions/v3-revision/manuscript-v3.md,Formal Properties,269,not yet mapped: numeric token,0,PENDING — SC-3 stopped traceability review,ambiguous,AMBIGUOUS,"*Proof sketch.* Each condition classification function partitions its input domain exhaustively and without overlap: g_w partitions ℝ≥0 into [0, 22], (22, 27], (27, +∞); g_r and g_m enumerate all categorical values without omission; g_t partitions [0, 24) into [6.0, 17.0), [17.0, 19.0), [19.0, 24.0) ∪ [0.0, 6.0). The wave height function g_o(o, v) is two-argument, with domain ℝ≥0 × {small, medium, big}: for each fixed v the corresponding row of TABLE IIIb induces three intervals partitioning ℝ≥0 exhaustively, and {small, medium, big} is finite and exhausts the domain of v, so every pair (o, v) selects exactly one row and falls in exactly one interval of that row. Parameterisation by a finite index set preserves totality provided each induced partition is exhaustive. Each function is therefore total. The aggregation f(E) = max_≻ {gᵢ(xᵢ)} over a finite totally ordered set is always defined and returns a unique maximum. The fail-safe rule — if any xᵢ = ⊥ then f(E) = UNSAFE — extends totality to corrupted or missing inputs. □","Numeric extraction only; may be citation, date, identifier, illustration or result; semantic inventory incomplete."
publications/active/ipsci-2026/submissions/v3-revision/manuscript-v3.md,Formal Properties,269,not yet mapped: numeric token,0,PENDING — SC-3 stopped traceability review,ambiguous,AMBIGUOUS,"*Proof sketch.* Each condition classification function partitions its input domain exhaustively and without overlap: g_w partitions ℝ≥0 into [0, 22], (22, 27], (27, +∞); g_r and g_m enumerate all categorical values without omission; g_t partitions [0, 24) into [6.0, 17.0), [17.0, 19.0), [19.0, 24.0) ∪ [0.0, 6.0). The wave height function g_o(o, v) is two-argument, with domain ℝ≥0 × {small, medium, big}: for each fixed v the corresponding row of TABLE IIIb induces three intervals partitioning ℝ≥0 exhaustively, and {small, medium, big} is finite and exhausts the domain of v, so every pair (o, v) selects exactly one row and falls in exactly one interval of that row. Parameterisation by a finite index set preserves totality provided each induced partition is exhaustive. Each function is therefore total. The aggregation f(E) = max_≻ {gᵢ(xᵢ)} over a finite totally ordered set is always defined and returns a unique maximum. The fail-safe rule — if any xᵢ = ⊥ then f(E) = UNSAFE — extends totality to corrupted or missing inputs. □","Numeric extraction only; may be citation, date, identifier, illustration or result; semantic inventory incomplete."
publications/active/ipsci-2026/submissions/v3-revision/manuscript-v3.md,Formal Properties,273,not yet mapped: numeric token,2,PENDING — SC-3 stopped traceability review,ambiguous,AMBIGUOUS,"**Theorem 2 (Monotonicity).** *For all S*₁*, S*₂ *∈* {SAFE, CAUTION, UNSAFE}*, if S*₁ *≻ S*₂ *then A_AI(S*₁*) ⊆ A_AI(S*₂*).*","Numeric extraction only; may be citation, date, identifier, illustration or result; semantic inventory incomplete."
publications/active/ipsci-2026/submissions/v3-revision/manuscript-v3.md,Formal Properties,279,not yet mapped: numeric token,1,PENDING — SC-3 stopped traceability review,ambiguous,AMBIGUOUS,"| 1 | UNSAFE | CAUTION | ∅ | {Go, Delay} | ∅ ⊆ {Go, Delay} ✓ |","Numeric extraction only; may be citation, date, identifier, illustration or result; semantic inventory incomplete."
publications/active/ipsci-2026/submissions/v3-revision/manuscript-v3.md,Formal Properties,280,not yet mapped: numeric token,2,PENDING — SC-3 stopped traceability review,ambiguous,AMBIGUOUS,"| 2 | CAUTION | SAFE | {Go, Delay} | {Go, Delay, DepartureTime, Duration} | {Go, Delay} ⊆ {Go, Delay, DT, D} ✓ |","Numeric extraction only; may be citation, date, identifier, illustration or result; semantic inventory incomplete."
publications/active/ipsci-2026/submissions/v3-revision/manuscript-v3.md,Formal Properties,281,not yet mapped: numeric token,3,PENDING — SC-3 stopped traceability review,ambiguous,AMBIGUOUS,"| 3 | UNSAFE | SAFE | ∅ | {Go, Delay, DepartureTime, Duration} | ∅ ⊆ {Go, Delay, DT, D} ✓ |","Numeric extraction only; may be citation, date, identifier, illustration or result; semantic inventory incomplete."
publications/active/ipsci-2026/submissions/v3-revision/manuscript-v3.md,Formal Properties,283,not yet mapped: numeric token,1,PENDING — SC-3 stopped traceability review,ambiguous,AMBIGUOUS,"Both inclusions in Cases 1 and 2 are strict (⊊), yielding the containment chain A_AI(SAFE) ⊃ A_AI(CAUTION) ⊃ A_AI(UNSAFE) = ∅ stated in TABLE III. □","Numeric extraction only; may be citation, date, identifier, illustration or result; semantic inventory incomplete."
publications/active/ipsci-2026/submissions/v3-revision/manuscript-v3.md,Formal Properties,283,not yet mapped: numeric token,2,PENDING — SC-3 stopped traceability review,ambiguous,AMBIGUOUS,"Both inclusions in Cases 1 and 2 are strict (⊊), yielding the containment chain A_AI(SAFE) ⊃ A_AI(CAUTION) ⊃ A_AI(UNSAFE) = ∅ stated in TABLE III. □","Numeric extraction only; may be citation, date, identifier, illustration or result; semantic inventory incomplete."
publications/active/ipsci-2026/submissions/v3-revision/manuscript-v3.md,Formal Properties,287,not yet mapped: numeric token,3,PENDING — SC-3 stopped traceability review,ambiguous,AMBIGUOUS,"**Theorem 3 (Safety Dominance Property).** *For all E, AI(E) ⊆ A_AI(f(E)).*","Numeric extraction only; may be citation, date, identifier, illustration or result; semantic inventory incomplete."
publications/active/ipsci-2026/submissions/v3-revision/manuscript-v3.md,Formal Properties,289,not yet mapped: numeric token,0,PENDING — SC-3 stopped traceability review,ambiguous,AMBIGUOUS,"*Proof sketch.* The proof is constructive, resting on four structural assumptions: (A1) the reasoning engine generates only recommendation types for which an active rule exists; (A2) the governance layer supplies RS(S) to the engine before any reasoning begins; (A3) G(S) = 0 implies the engine receives no input, so AI(E) = ∅; (A4) no rule produces a type outside its stated conclusion. Exhaustive case analysis on S = f(E):","Numeric extraction only; may be citation, date, identifier, illustration or result; semantic inventory incomplete."
publications/active/ipsci-2026/submissions/v3-revision/manuscript-v3.md,Algorithm Specification,299,not yet mapped: numeric token,1,PENDING — SC-3 stopped traceability review,ambiguous,AMBIGUOUS,"The three algorithms below specify the full governance pipeline. Algorithm 1 implements the safety classifier; Algorithm 2 evaluates the governance pair; Algorithm 3 supplies the rule set and invokes the reasoning engine. Algorithm 3 is the critical path — it shows precisely where RS(S) is loaded relative to inference, which is what makes the Safety Dominance Property hold by construction rather than by monitoring.","Numeric extraction only; may be citation, date, identifier, illustration or result; semantic inventory incomplete."
publications/active/ipsci-2026/submissions/v3-revision/manuscript-v3.md,Algorithm Specification,299,not yet mapped: numeric token,2,PENDING — SC-3 stopped traceability review,ambiguous,AMBIGUOUS,"The three algorithms below specify the full governance pipeline. Algorithm 1 implements the safety classifier; Algorithm 2 evaluates the governance pair; Algorithm 3 supplies the rule set and invokes the reasoning engine. Algorithm 3 is the critical path — it shows precisely where RS(S) is loaded relative to inference, which is what makes the Safety Dominance Property hold by construction rather than by monitoring.","Numeric extraction only; may be citation, date, identifier, illustration or result; semantic inventory incomplete."
publications/active/ipsci-2026/submissions/v3-revision/manuscript-v3.md,Algorithm Specification,299,not yet mapped: numeric token,3,PENDING — SC-3 stopped traceability review,ambiguous,AMBIGUOUS,"The three algorithms below specify the full governance pipeline. Algorithm 1 implements the safety classifier; Algorithm 2 evaluates the governance pair; Algorithm 3 supplies the rule set and invokes the reasoning engine. Algorithm 3 is the critical path — it shows precisely where RS(S) is loaded relative to inference, which is what makes the Safety Dominance Property hold by construction rather than by monitoring.","Numeric extraction only; may be citation, date, identifier, illustration or result; semantic inventory incomplete."
publications/active/ipsci-2026/submissions/v3-revision/manuscript-v3.md,Algorithm Specification,299,not yet mapped: numeric token,3,PENDING — SC-3 stopped traceability review,ambiguous,AMBIGUOUS,"The three algorithms below specify the full governance pipeline. Algorithm 1 implements the safety classifier; Algorithm 2 evaluates the governance pair; Algorithm 3 supplies the rule set and invokes the reasoning engine. Algorithm 3 is the critical path — it shows precisely where RS(S) is loaded relative to inference, which is what makes the Safety Dominance Property hold by construction rather than by monitoring.","Numeric extraction only; may be citation, date, identifier, illustration or result; semantic inventory incomplete."
publications/active/ipsci-2026/submissions/v3-revision/manuscript-v3.md,Algorithm Specification,302,not yet mapped: numeric token,1,PENDING — SC-3 stopped traceability review,ambiguous,AMBIGUOUS,Algorithm 1: Safety Classification  S = f(E),"Numeric extraction only; may be citation, date, identifier, illustration or result; semantic inventory incomplete."
publications/active/ipsci-2026/submissions/v3-revision/manuscript-v3.md,Algorithm Specification,306,not yet mapped: numeric token,0,PENDING — SC-3 stopped traceability review,ambiguous,AMBIGUOUS,"0.  If v is unconfigured: refuse to start        [precondition, not a state]","Numeric extraction only; may be citation, date, identifier, illustration or result; semantic inventory incomplete."
publications/active/ipsci-2026/submissions/v3-revision/manuscript-v3.md,Algorithm Specification,307,not yet mapped: numeric token,1,PENDING — SC-3 stopped traceability review,ambiguous,AMBIGUOUS,1.  for i ∈ D (declared unavailable):  Sᵢ ← SAFE  [scope exclusion; figures,"Numeric extraction only; may be citation, date, identifier, illustration or result; semantic inventory incomplete."
publications/active/ipsci-2026/submissions/v3-revision/manuscript-v3.md,Algorithm Specification,310,not yet mapped: numeric token,1,PENDING — SC-3 stopped traceability review,ambiguous,AMBIGUOUS,"                if yᵢ = ⊥ then Sᵢ ← UNSAFE        [fail-safe, Cor. C.1b.1]","Numeric extraction only; may be citation, date, identifier, illustration or result; semantic inventory incomplete."
publications/active/ipsci-2026/submissions/v3-revision/manuscript-v3.md,Algorithm Specification,310,not yet mapped: numeric token,1,PENDING — SC-3 stopped traceability review,ambiguous,AMBIGUOUS,"                if yᵢ = ⊥ then Sᵢ ← UNSAFE        [fail-safe, Cor. C.1b.1]","Numeric extraction only; may be citation, date, identifier, illustration or result; semantic inventory incomplete."
publications/active/ipsci-2026/submissions/v3-revision/manuscript-v3.md,Algorithm Specification,311,not yet mapped: numeric token,2,PENDING — SC-3 stopped traceability review,ambiguous,AMBIGUOUS,2.  Compute per-component states:,"Numeric extraction only; may be citation, date, identifier, illustration or result; semantic inventory incomplete."
publications/active/ipsci-2026/submissions/v3-revision/manuscript-v3.md,Algorithm Specification,312,not yet mapped: numeric token,21.6,PENDING — SC-3 stopped traceability review,ambiguous,AMBIGUOUS,      S_w ← g_w(w)    // SAFE if w ≤ 21.6 kn; CAUTION if 21.6 < w ≤ 27.0; UNSAFE if w > 27.0,"Numeric extraction only; may be citation, date, identifier, illustration or result; semantic inventory incomplete."
publications/active/ipsci-2026/submissions/v3-revision/manuscript-v3.md,Algorithm Specification,312,not yet mapped: numeric token,21.6,PENDING — SC-3 stopped traceability review,ambiguous,AMBIGUOUS,      S_w ← g_w(w)    // SAFE if w ≤ 21.6 kn; CAUTION if 21.6 < w ≤ 27.0; UNSAFE if w > 27.0,"Numeric extraction only; may be citation, date, identifier, illustration or result; semantic inventory incomplete."
publications/active/ipsci-2026/submissions/v3-revision/manuscript-v3.md,Algorithm Specification,312,not yet mapped: numeric token,27.0,PENDING — SC-3 stopped traceability review,ambiguous,AMBIGUOUS,      S_w ← g_w(w)    // SAFE if w ≤ 21.6 kn; CAUTION if 21.6 < w ≤ 27.0; UNSAFE if w > 27.0,"Numeric extraction only; may be citation, date, identifier, illustration or result; semantic inventory incomplete."
publications/active/ipsci-2026/submissions/v3-revision/manuscript-v3.md,Algorithm Specification,312,not yet mapped: numeric token,27.0,PENDING — SC-3 stopped traceability review,ambiguous,AMBIGUOUS,      S_w ← g_w(w)    // SAFE if w ≤ 21.6 kn; CAUTION if 21.6 < w ≤ 27.0; UNSAFE if w > 27.0,"Numeric extraction only; may be citation, date, identifier, illustration or result; semantic inventory incomplete."
publications/active/ipsci-2026/submissions/v3-revision/manuscript-v3.md,Algorithm Specification,313,not yet mapped: numeric token,10.0,PENDING — SC-3 stopped traceability review,ambiguous,AMBIGUOUS,      S_r ← g_r(r)    // SAFE if r ≤ 10.0 mm/hr; CAUTION if 10.0 < r ≤ 20.0; UNSAFE if r > 20.0,"Numeric extraction only; may be citation, date, identifier, illustration or result; semantic inventory incomplete."
publications/active/ipsci-2026/submissions/v3-revision/manuscript-v3.md,Algorithm Specification,313,not yet mapped: numeric token,10.0,PENDING — SC-3 stopped traceability review,ambiguous,AMBIGUOUS,      S_r ← g_r(r)    // SAFE if r ≤ 10.0 mm/hr; CAUTION if 10.0 < r ≤ 20.0; UNSAFE if r > 20.0,"Numeric extraction only; may be citation, date, identifier, illustration or result; semantic inventory incomplete."
publications/active/ipsci-2026/submissions/v3-revision/manuscript-v3.md,Algorithm Specification,313,not yet mapped: numeric token,20.0,PENDING — SC-3 stopped traceability review,ambiguous,AMBIGUOUS,      S_r ← g_r(r)    // SAFE if r ≤ 10.0 mm/hr; CAUTION if 10.0 < r ≤ 20.0; UNSAFE if r > 20.0,"Numeric extraction only; may be citation, date, identifier, illustration or result; semantic inventory incomplete."
publications/active/ipsci-2026/submissions/v3-revision/manuscript-v3.md,Algorithm Specification,313,not yet mapped: numeric token,20.0,PENDING — SC-3 stopped traceability review,ambiguous,AMBIGUOUS,      S_r ← g_r(r)    // SAFE if r ≤ 10.0 mm/hr; CAUTION if 10.0 < r ≤ 20.0; UNSAFE if r > 20.0,"Numeric extraction only; may be citation, date, identifier, illustration or result; semantic inventory incomplete."
publications/active/ipsci-2026/submissions/v3-revision/manuscript-v3.md,Algorithm Specification,317,not yet mapped: numeric token,3,PENDING — SC-3 stopped traceability review,ambiguous,AMBIGUOUS,"3.  return max_≻ {S_w, S_r, S_m, S_o, S_t}","Numeric extraction only; may be citation, date, identifier, illustration or result; semantic inventory incomplete."
publications/active/ipsci-2026/submissions/v3-revision/manuscript-v3.md,Algorithm Specification,323,not yet mapped: numeric token,2,PENDING — SC-3 stopped traceability review,ambiguous,AMBIGUOUS,Algorithm 2: Governance Gate Evaluation,"Numeric extraction only; may be citation, date, identifier, illustration or result; semantic inventory incomplete."
publications/active/ipsci-2026/submissions/v3-revision/manuscript-v3.md,Algorithm Specification,325,not yet mapped: numeric token,0,PENDING — SC-3 stopped traceability review,ambiguous,AMBIGUOUS,"Output: G(S) ∈ {0, 1},  A_AI(S) ⊆ R","Numeric extraction only; may be citation, date, identifier, illustration or result; semantic inventory incomplete."
publications/active/ipsci-2026/submissions/v3-revision/manuscript-v3.md,Algorithm Specification,325,not yet mapped: numeric token,1,PENDING — SC-3 stopped traceability review,ambiguous,AMBIGUOUS,"Output: G(S) ∈ {0, 1},  A_AI(S) ⊆ R","Numeric extraction only; may be citation, date, identifier, illustration or result; semantic inventory incomplete."
publications/active/ipsci-2026/submissions/v3-revision/manuscript-v3.md,Algorithm Specification,327,not yet mapped: numeric token,1,PENDING — SC-3 stopped traceability review,ambiguous,AMBIGUOUS,1.  If S = UNSAFE:,"Numeric extraction only; may be citation, date, identifier, illustration or result; semantic inventory incomplete."
publications/active/ipsci-2026/submissions/v3-revision/manuscript-v3.md,Algorithm Specification,328,not yet mapped: numeric token,0,PENDING — SC-3 stopped traceability review,ambiguous,AMBIGUOUS,        G(S) ← 0;  A_AI(S) ← ∅,"Numeric extraction only; may be citation, date, identifier, illustration or result; semantic inventory incomplete."
publications/active/ipsci-2026/submissions/v3-revision/manuscript-v3.md,Algorithm Specification,329,not yet mapped: numeric token,2,PENDING — SC-3 stopped traceability review,ambiguous,AMBIGUOUS,2.  If S = CAUTION:,"Numeric extraction only; may be citation, date, identifier, illustration or result; semantic inventory incomplete."
publications/active/ipsci-2026/submissions/v3-revision/manuscript-v3.md,Algorithm Specification,330,not yet mapped: numeric token,1,PENDING — SC-3 stopped traceability review,ambiguous,AMBIGUOUS,"        G(S) ← 1;  A_AI(S) ← {Go, Delay}","Numeric extraction only; may be citation, date, identifier, illustration or result; semantic inventory incomplete."
publications/active/ipsci-2026/submissions/v3-revision/manuscript-v3.md,Algorithm Specification,331,not yet mapped: numeric token,3,PENDING — SC-3 stopped traceability review,ambiguous,AMBIGUOUS,3.  If S = SAFE:,"Numeric extraction only; may be citation, date, identifier, illustration or result; semantic inventory incomplete."
publications/active/ipsci-2026/submissions/v3-revision/manuscript-v3.md,Algorithm Specification,332,not yet mapped: numeric token,1,PENDING — SC-3 stopped traceability review,ambiguous,AMBIGUOUS,"        G(S) ← 1;  A_AI(S) ← {Go, Delay, DepartureTime, Duration}","Numeric extraction only; may be citation, date, identifier, illustration or result; semantic inventory incomplete."
publications/active/ipsci-2026/submissions/v3-revision/manuscript-v3.md,Algorithm Specification,333,not yet mapped: numeric token,4,PENDING — SC-3 stopped traceability review,ambiguous,AMBIGUOUS,"4.  return G(S), A_AI(S)","Numeric extraction only; may be citation, date, identifier, illustration or result; semantic inventory incomplete."
publications/active/ipsci-2026/submissions/v3-revision/manuscript-v3.md,Algorithm Specification,337,not yet mapped: numeric token,3,PENDING — SC-3 stopped traceability review,ambiguous,AMBIGUOUS,Algorithm 3: RS(S) Supply and Advisory Generation,"Numeric extraction only; may be citation, date, identifier, illustration or result; semantic inventory incomplete."
publications/active/ipsci-2026/submissions/v3-revision/manuscript-v3.md,Algorithm Specification,341,not yet mapped: numeric token,1,PENDING — SC-3 stopped traceability review,ambiguous,AMBIGUOUS,1.  If G(S) = 0: return ∅               [AI disabled — no inference invoked],"Numeric extraction only; may be citation, date, identifier, illustration or result; semantic inventory incomplete."
publications/active/ipsci-2026/submissions/v3-revision/manuscript-v3.md,Algorithm Specification,341,not yet mapped: numeric token,0,PENDING — SC-3 stopped traceability review,ambiguous,AMBIGUOUS,1.  If G(S) = 0: return ∅               [AI disabled — no inference invoked],"Numeric extraction only; may be citation, date, identifier, illustration or result; semantic inventory incomplete."
publications/active/ipsci-2026/submissions/v3-revision/manuscript-v3.md,Algorithm Specification,342,not yet mapped: numeric token,2,PENDING — SC-3 stopped traceability review,ambiguous,AMBIGUOUS,2.  Select rule set:,"Numeric extraction only; may be citation, date, identifier, illustration or result; semantic inventory incomplete."
publications/active/ipsci-2026/submissions/v3-revision/manuscript-v3.md,Algorithm Specification,345,not yet mapped: numeric token,3,PENDING — SC-3 stopped traceability review,ambiguous,AMBIGUOUS,3.  Load RS into reasoning engine         [RS(S) bound before any inference begins],"Numeric extraction only; may be citation, date, identifier, illustration or result; semantic inventory incomplete."
publications/active/ipsci-2026/submissions/v3-revision/manuscript-v3.md,Algorithm Specification,346,not yet mapped: numeric token,4,PENDING — SC-3 stopped traceability review,ambiguous,AMBIGUOUS,4.  Execute reasoning engine against E with active rule set RS,"Numeric extraction only; may be citation, date, identifier, illustration or result; semantic inventory incomplete."
publications/active/ipsci-2026/submissions/v3-revision/manuscript-v3.md,Algorithm Specification,347,not yet mapped: numeric token,5,PENDING — SC-3 stopped traceability review,ambiguous,AMBIGUOUS,5.  AI(E) ← set of recommendation types fired by the engine,"Numeric extraction only; may be citation, date, identifier, illustration or result; semantic inventory incomplete."
publications/active/ipsci-2026/submissions/v3-revision/manuscript-v3.md,Algorithm Specification,348,not yet mapped: numeric token,6,PENDING — SC-3 stopped traceability review,ambiguous,AMBIGUOUS,"6.  Assert AI(E) ⊆ A_AI(S)              [invariant — holds by construction, see Theorem 3]","Numeric extraction only; may be citation, date, identifier, illustration or result; semantic inventory incomplete."
publications/active/ipsci-2026/submissions/v3-revision/manuscript-v3.md,Algorithm Specification,348,not yet mapped: numeric token,3,PENDING — SC-3 stopped traceability review,ambiguous,AMBIGUOUS,"6.  Assert AI(E) ⊆ A_AI(S)              [invariant — holds by construction, see Theorem 3]","Numeric extraction only; may be citation, date, identifier, illustration or result; semantic inventory incomplete."
publications/active/ipsci-2026/submissions/v3-revision/manuscript-v3.md,Algorithm Specification,349,not yet mapped: numeric token,7,PENDING — SC-3 stopped traceability review,ambiguous,AMBIGUOUS,7.  return AI(E),"Numeric extraction only; may be citation, date, identifier, illustration or result; semantic inventory incomplete."
publications/active/ipsci-2026/submissions/v3-revision/manuscript-v3.md,Algorithm Specification,352,not yet mapped: numeric token,3,PENDING — SC-3 stopped traceability review,ambiguous,AMBIGUOUS,"Step 3 of Algorithm 3 is the enforcement point. RS(CAUTION) contains only rules whose conclusions produce {Go, Delay} — there is no rule in that configuration that can fire DepartureTime or Duration. The Safety Dominance Property is not checked at Step 6; Step 6 is an invariant assertion that records what construction guarantees. An implementation that passes all three algorithms satisfies Theorem 3 without additional runtime verification.","Numeric extraction only; may be citation, date, identifier, illustration or result; semantic inventory incomplete."
publications/active/ipsci-2026/submissions/v3-revision/manuscript-v3.md,Algorithm Specification,352,not yet mapped: numeric token,3,PENDING — SC-3 stopped traceability review,ambiguous,AMBIGUOUS,"Step 3 of Algorithm 3 is the enforcement point. RS(CAUTION) contains only rules whose conclusions produce {Go, Delay} — there is no rule in that configuration that can fire DepartureTime or Duration. The Safety Dominance Property is not checked at Step 6; Step 6 is an invariant assertion that records what construction guarantees. An implementation that passes all three algorithms satisfies Theorem 3 without additional runtime verification.","Numeric extraction only; may be citation, date, identifier, illustration or result; semantic inventory incomplete."
publications/active/ipsci-2026/submissions/v3-revision/manuscript-v3.md,Algorithm Specification,352,not yet mapped: numeric token,6,PENDING — SC-3 stopped traceability review,ambiguous,AMBIGUOUS,"Step 3 of Algorithm 3 is the enforcement point. RS(CAUTION) contains only rules whose conclusions produce {Go, Delay} — there is no rule in that configuration that can fire DepartureTime or Duration. The Safety Dominance Property is not checked at Step 6; Step 6 is an invariant assertion that records what construction guarantees. An implementation that passes all three algorithms satisfies Theorem 3 without additional runtime verification.","Numeric extraction only; may be citation, date, identifier, illustration or result; semantic inventory incomplete."
publications/active/ipsci-2026/submissions/v3-revision/manuscript-v3.md,Algorithm Specification,352,not yet mapped: numeric token,6,PENDING — SC-3 stopped traceability review,ambiguous,AMBIGUOUS,"Step 3 of Algorithm 3 is the enforcement point. RS(CAUTION) contains only rules whose conclusions produce {Go, Delay} — there is no rule in that configuration that can fire DepartureTime or Duration. The Safety Dominance Property is not checked at Step 6; Step 6 is an invariant assertion that records what construction guarantees. An implementation that passes all three algorithms satisfies Theorem 3 without additional runtime verification.","Numeric extraction only; may be citation, date, identifier, illustration or result; semantic inventory incomplete."
publications/active/ipsci-2026/submissions/v3-revision/manuscript-v3.md,Algorithm Specification,352,not yet mapped: numeric token,3,PENDING — SC-3 stopped traceability review,ambiguous,AMBIGUOUS,"Step 3 of Algorithm 3 is the enforcement point. RS(CAUTION) contains only rules whose conclusions produce {Go, Delay} — there is no rule in that configuration that can fire DepartureTime or Duration. The Safety Dominance Property is not checked at Step 6; Step 6 is an invariant assertion that records what construction guarantees. An implementation that passes all three algorithms satisfies Theorem 3 without additional runtime verification.","Numeric extraction only; may be citation, date, identifier, illustration or result; semantic inventory incomplete."
publications/active/ipsci-2026/submissions/v3-revision/manuscript-v3.md,Computational Complexity,362,not yet mapped: numeric token,1,PENDING — SC-3 stopped traceability review,ambiguous,AMBIGUOUS,| Safety classifier f(E) | O(1) | O(1) | Five threshold comparisons plus one row selection by vessel category; no iteration |,"Numeric extraction only; may be citation, date, identifier, illustration or result; semantic inventory incomplete."
publications/active/ipsci-2026/submissions/v3-revision/manuscript-v3.md,Computational Complexity,362,not yet mapped: numeric token,1,PENDING — SC-3 stopped traceability review,ambiguous,AMBIGUOUS,| Safety classifier f(E) | O(1) | O(1) | Five threshold comparisons plus one row selection by vessel category; no iteration |,"Numeric extraction only; may be citation, date, identifier, illustration or result; semantic inventory incomplete."
publications/active/ipsci-2026/submissions/v3-revision/manuscript-v3.md,Computational Complexity,363,not yet mapped: numeric token,1,PENDING — SC-3 stopped traceability review,ambiguous,AMBIGUOUS,"| Governance gate G(S), A_AI(S) | O(1) | O(1) | Direct lookup on three-element enum |","Numeric extraction only; may be citation, date, identifier, illustration or result; semantic inventory incomplete."
publications/active/ipsci-2026/submissions/v3-revision/manuscript-v3.md,Computational Complexity,363,not yet mapped: numeric token,1,PENDING — SC-3 stopped traceability review,ambiguous,AMBIGUOUS,"| Governance gate G(S), A_AI(S) | O(1) | O(1) | Direct lookup on three-element enum |","Numeric extraction only; may be citation, date, identifier, illustration or result; semantic inventory incomplete."
publications/active/ipsci-2026/submissions/v3-revision/manuscript-v3.md,Computational Complexity,364,not yet mapped: numeric token,1,PENDING — SC-3 stopped traceability review,ambiguous,AMBIGUOUS,| RS(S) selection | O(1) | O(1) | Pre-built rule sets; atomic swap on state change |,"Numeric extraction only; may be citation, date, identifier, illustration or result; semantic inventory incomplete."
publications/active/ipsci-2026/submissions/v3-revision/manuscript-v3.md,Computational Complexity,364,not yet mapped: numeric token,1,PENDING — SC-3 stopped traceability review,ambiguous,AMBIGUOUS,| RS(S) selection | O(1) | O(1) | Pre-built rule sets; atomic swap on state change |,"Numeric extraction only; may be citation, date, identifier, illustration or result; semantic inventory incomplete."
publications/active/ipsci-2026/submissions/v3-revision/manuscript-v3.md,Computational Complexity,366,not yet mapped: numeric token,1,PENDING — SC-3 stopped traceability review,ambiguous,AMBIGUOUS,| Full governance pipeline | O(n) | O(n) | Dominated by rule engine; classifier and gate are O(1) |,"Numeric extraction only; may be citation, date, identifier, illustration or result; semantic inventory incomplete."
publications/active/ipsci-2026/submissions/v3-revision/manuscript-v3.md,Computational Complexity,367,not yet mapped: numeric token,1,PENDING — SC-3 stopped traceability review,ambiguous,AMBIGUOUS,| State transition (hysteresis) | O(1) | O(1) | Dual-threshold comparison at boundary |,"Numeric extraction only; may be citation, date, identifier, illustration or result; semantic inventory incomplete."
publications/active/ipsci-2026/submissions/v3-revision/manuscript-v3.md,Computational Complexity,367,not yet mapped: numeric token,1,PENDING — SC-3 stopped traceability review,ambiguous,AMBIGUOUS,| State transition (hysteresis) | O(1) | O(1) | Dual-threshold comparison at boundary |,"Numeric extraction only; may be citation, date, identifier, illustration or result; semantic inventory incomplete."
publications/active/ipsci-2026/submissions/v3-revision/manuscript-v3.md,Computational Complexity,369,not yet mapped: numeric token,1,PENDING — SC-3 stopped traceability review,ambiguous,AMBIGUOUS,"Three properties follow directly from this characterisation. First, the governance layer (Layers 1 and 2, comprising the classifier and gate) runs entirely in O(1) — five threshold comparisons, one constant-time row selection by vessel category, and a maximum over five elements, with no iteration, no learned inference, and no GPU dependency. Second, because RS(CAUTION) ⊂ RS(SAFE), the rule engine executes fewer rules under CAUTION than under SAFE: the more restrictive governance state is also the computationally cheaper one. Third, end-to-end decision latency is dominated by external data acquisition (obtaining w, r, m, o from meteorological feeds), not by governance computation; the pipeline itself adds negligible overhead.","Numeric extraction only; may be citation, date, identifier, illustration or result; semantic inventory incomplete."
publications/active/ipsci-2026/submissions/v3-revision/manuscript-v3.md,Computational Complexity,369,not yet mapped: numeric token,2,PENDING — SC-3 stopped traceability review,ambiguous,AMBIGUOUS,"Three properties follow directly from this characterisation. First, the governance layer (Layers 1 and 2, comprising the classifier and gate) runs entirely in O(1) — five threshold comparisons, one constant-time row selection by vessel category, and a maximum over five elements, with no iteration, no learned inference, and no GPU dependency. Second, because RS(CAUTION) ⊂ RS(SAFE), the rule engine executes fewer rules under CAUTION than under SAFE: the more restrictive governance state is also the computationally cheaper one. Third, end-to-end decision latency is dominated by external data acquisition (obtaining w, r, m, o from meteorological feeds), not by governance computation; the pipeline itself adds negligible overhead.","Numeric extraction only; may be citation, date, identifier, illustration or result; semantic inventory incomplete."
publications/active/ipsci-2026/submissions/v3-revision/manuscript-v3.md,Computational Complexity,369,not yet mapped: numeric token,1,PENDING — SC-3 stopped traceability review,ambiguous,AMBIGUOUS,"Three properties follow directly from this characterisation. First, the governance layer (Layers 1 and 2, comprising the classifier and gate) runs entirely in O(1) — five threshold comparisons, one constant-time row selection by vessel category, and a maximum over five elements, with no iteration, no learned inference, and no GPU dependency. Second, because RS(CAUTION) ⊂ RS(SAFE), the rule engine executes fewer rules under CAUTION than under SAFE: the more restrictive governance state is also the computationally cheaper one. Third, end-to-end decision latency is dominated by external data acquisition (obtaining w, r, m, o from meteorological feeds), not by governance computation; the pipeline itself adds negligible overhead.","Numeric extraction only; may be citation, date, identifier, illustration or result; semantic inventory incomplete."
publications/active/ipsci-2026/submissions/v3-revision/manuscript-v3.md,Computational Complexity,371,not yet mapped: numeric token,17,PENDING — SC-3 stopped traceability review,ambiguous,AMBIGUOUS,This meets the hard requirement for AI deployed on constrained devices in low-resource settings [17]: bounded-time inference with no dependency on cloud compute or specialist hardware. The architecture runs on commodity smartphones or low-cost single-board computers with no modification to the computational requirements of the governance components.,"Numeric extraction only; may be citation, date, identifier, illustration or result; semantic inventory incomplete."
publications/active/ipsci-2026/submissions/v3-revision/manuscript-v3.md,The CAUTION Mode,379,not yet mapped: numeric token,24,PENDING — SC-3 stopped traceability review,ambiguous,AMBIGUOUS,"Runtime assurance evidence supports the operational case. All-or-nothing gating enforces safety but destroys utility precisely where bounded operation could preserve it [24][31]; in low-resource settings this creates an unworkable trade-off between a decision vacuum during marginal weather and governance fatigue from disabling the tool when bounded advice could still be safely rendered. Kolt et al. argue that effective governance must intervene early, at calibrated thresholds, before certainty arrives [32]; *CAUTION* is that early intervention, contracting scope while conditions remain marginal.","Numeric extraction only; may be citation, date, identifier, illustration or result; semantic inventory incomplete."
publications/active/ipsci-2026/submissions/v3-revision/manuscript-v3.md,The CAUTION Mode,379,not yet mapped: numeric token,31,PENDING — SC-3 stopped traceability review,ambiguous,AMBIGUOUS,"Runtime assurance evidence supports the operational case. All-or-nothing gating enforces safety but destroys utility precisely where bounded operation could preserve it [24][31]; in low-resource settings this creates an unworkable trade-off between a decision vacuum during marginal weather and governance fatigue from disabling the tool when bounded advice could still be safely rendered. Kolt et al. argue that effective governance must intervene early, at calibrated thresholds, before certainty arrives [32]; *CAUTION* is that early intervention, contracting scope while conditions remain marginal.","Numeric extraction only; may be citation, date, identifier, illustration or result; semantic inventory incomplete."
publications/active/ipsci-2026/submissions/v3-revision/manuscript-v3.md,The CAUTION Mode,379,not yet mapped: numeric token,32,PENDING — SC-3 stopped traceability review,ambiguous,AMBIGUOUS,"Runtime assurance evidence supports the operational case. All-or-nothing gating enforces safety but destroys utility precisely where bounded operation could preserve it [24][31]; in low-resource settings this creates an unworkable trade-off between a decision vacuum during marginal weather and governance fatigue from disabling the tool when bounded advice could still be safely rendered. Kolt et al. argue that effective governance must intervene early, at calibrated thresholds, before certainty arrives [32]; *CAUTION* is that early intervention, contracting scope while conditions remain marginal.","Numeric extraction only; may be citation, date, identifier, illustration or result; semantic inventory incomplete."
publications/active/ipsci-2026/submissions/v3-revision/manuscript-v3.md,Domain Instantiation,383,not yet mapped: numeric token,23,PENDING — SC-3 stopped traceability review,ambiguous,AMBIGUOUS,"The architecture is being developed as a formally specified prototype for AI departure decision support in small-scale coastal fisheries in Malaysia (Kota Kinabalu, Sabah). *E* = {*w, r, m, o, v, t*} where *w* is wind speed (sustained, knots), *r* is rainfall intensity in mm/hr, *m* is marine warning level, *o* is ocean state (significant wave height), *v* is vessel category by gross registered tonnage and *t* is time of day. Thresholds for *w*, *r* and *m* are anchored to MET Malaysia published warning criteria; the vessel-conditional rows of *g*_o draw on seakeeping analysis of Malaysian hulls and a length-dependent capsizing formula derived from a 23-year Korean accident record. The deployment population operates vessels below 40 GRT, so the small-vessel row of TABLE IIIb is the operative case. The Symbolic AI Reasoning Engine enforces the Safety Dominance Property by construction, satisfying the offline-first and computationally lightweight requirements of the low-resource deployment context. A dual-threshold hysteresis smoothing layer over the discrete state transitions is available at the deployment floor, drawing on the runtime-gating stability of Ghaleb et al. [24], to damp mode-chattering at the classification boundaries of *S* = *f*(*E*). Measured on five years of site data, however, chattering occurs approximately fourteen times per year and hysteresis reduces condition-driven transitions by 6.2%; the layer is retained as a precaution rather than a demonstrated requirement.","Numeric extraction only; may be citation, date, identifier, illustration or result; semantic inventory incomplete."
publications/active/ipsci-2026/submissions/v3-revision/manuscript-v3.md,Domain Instantiation,383,not yet mapped: numeric token,40,PENDING — SC-3 stopped traceability review,ambiguous,AMBIGUOUS,"The architecture is being developed as a formally specified prototype for AI departure decision support in small-scale coastal fisheries in Malaysia (Kota Kinabalu, Sabah). *E* = {*w, r, m, o, v, t*} where *w* is wind speed (sustained, knots), *r* is rainfall intensity in mm/hr, *m* is marine warning level, *o* is ocean state (significant wave height), *v* is vessel category by gross registered tonnage and *t* is time of day. Thresholds for *w*, *r* and *m* are anchored to MET Malaysia published warning criteria; the vessel-conditional rows of *g*_o draw on seakeeping analysis of Malaysian hulls and a length-dependent capsizing formula derived from a 23-year Korean accident record. The deployment population operates vessels below 40 GRT, so the small-vessel row of TABLE IIIb is the operative case. The Symbolic AI Reasoning Engine enforces the Safety Dominance Property by construction, satisfying the offline-first and computationally lightweight requirements of the low-resource deployment context. A dual-threshold hysteresis smoothing layer over the discrete state transitions is available at the deployment floor, drawing on the runtime-gating stability of Ghaleb et al. [24], to damp mode-chattering at the classification boundaries of *S* = *f*(*E*). Measured on five years of site data, however, chattering occurs approximately fourteen times per year and hysteresis reduces condition-driven transitions by 6.2%; the layer is retained as a precaution rather than a demonstrated requirement.","Numeric extraction only; may be citation, date, identifier, illustration or result; semantic inventory incomplete."
publications/active/ipsci-2026/submissions/v3-revision/manuscript-v3.md,Domain Instantiation,383,not yet mapped: numeric token,24,PENDING — SC-3 stopped traceability review,ambiguous,AMBIGUOUS,"The architecture is being developed as a formally specified prototype for AI departure decision support in small-scale coastal fisheries in Malaysia (Kota Kinabalu, Sabah). *E* = {*w, r, m, o, v, t*} where *w* is wind speed (sustained, knots), *r* is rainfall intensity in mm/hr, *m* is marine warning level, *o* is ocean state (significant wave height), *v* is vessel category by gross registered tonnage and *t* is time of day. Thresholds for *w*, *r* and *m* are anchored to MET Malaysia published warning criteria; the vessel-conditional rows of *g*_o draw on seakeeping analysis of Malaysian hulls and a length-dependent capsizing formula derived from a 23-year Korean accident record. The deployment population operates vessels below 40 GRT, so the small-vessel row of TABLE IIIb is the operative case. The Symbolic AI Reasoning Engine enforces the Safety Dominance Property by construction, satisfying the offline-first and computationally lightweight requirements of the low-resource deployment context. A dual-threshold hysteresis smoothing layer over the discrete state transitions is available at the deployment floor, drawing on the runtime-gating stability of Ghaleb et al. [24], to damp mode-chattering at the classification boundaries of *S* = *f*(*E*). Measured on five years of site data, however, chattering occurs approximately fourteen times per year and hysteresis reduces condition-driven transitions by 6.2%; the layer is retained as a precaution rather than a demonstrated requirement.","Numeric extraction only; may be citation, date, identifier, illustration or result; semantic inventory incomplete."
publications/active/ipsci-2026/submissions/v3-revision/manuscript-v3.md,Domain Instantiation,383,not yet mapped: numeric token,6.2%,PENDING — SC-3 stopped traceability review,ambiguous,AMBIGUOUS,"The architecture is being developed as a formally specified prototype for AI departure decision support in small-scale coastal fisheries in Malaysia (Kota Kinabalu, Sabah). *E* = {*w, r, m, o, v, t*} where *w* is wind speed (sustained, knots), *r* is rainfall intensity in mm/hr, *m* is marine warning level, *o* is ocean state (significant wave height), *v* is vessel category by gross registered tonnage and *t* is time of day. Thresholds for *w*, *r* and *m* are anchored to MET Malaysia published warning criteria; the vessel-conditional rows of *g*_o draw on seakeeping analysis of Malaysian hulls and a length-dependent capsizing formula derived from a 23-year Korean accident record. The deployment population operates vessels below 40 GRT, so the small-vessel row of TABLE IIIb is the operative case. The Symbolic AI Reasoning Engine enforces the Safety Dominance Property by construction, satisfying the offline-first and computationally lightweight requirements of the low-resource deployment context. A dual-threshold hysteresis smoothing layer over the discrete state transitions is available at the deployment floor, drawing on the runtime-gating stability of Ghaleb et al. [24], to damp mode-chattering at the classification boundaries of *S* = *f*(*E*). Measured on five years of site data, however, chattering occurs approximately fourteen times per year and hysteresis reduces condition-driven transitions by 6.2%; the layer is retained as a precaution rather than a demonstrated requirement.","Numeric extraction only; may be citation, date, identifier, illustration or result; semantic inventory incomplete."
publications/active/ipsci-2026/submissions/v3-revision/manuscript-v3.md,Domain Instantiation,385,not yet mapped: numeric token,33,PENDING — SC-3 stopped traceability review,ambiguous,AMBIGUOUS,"The case shown here is domain independent, representing the documented departure decision process of small-scale fishers in coastal Malaysia, where assessment of environmental conditions (weather, tide, and safety) governs whether fishing proceeds normally, is modified, or is abandoned [33].","Numeric extraction only; may be citation, date, identifier, illustration or result; semantic inventory incomplete."
publications/active/ipsci-2026/submissions/v3-revision/manuscript-v3.md,Domain Instantiation,387,not yet mapped: numeric token,4,PENDING — SC-3 stopped traceability review,ambiguous,AMBIGUOUS,"**Illustrative scenario.** As environmental parameters deteriorate across three time points, advisory scope contracts from full recommendations at *SAFE*, to {*Go, Delay*} at *CAUTION*, to complete AI disengagement at *UNSAFE*. The fisher receives calibrated guidance at each state rather than full-scope output until abrupt shutdown. The full sequence is shown in Fig. 4.","Numeric extraction only; may be citation, date, identifier, illustration or result; semantic inventory incomplete."
publications/active/ipsci-2026/submissions/v3-revision/manuscript-v3.md,Domain Instantiation,389,not yet mapped: numeric token,4,PENDING — SC-3 stopped traceability review,ambiguous,AMBIGUOUS,"**Fig. 4.** Illustrative state transition across *SAFE*, *CAUTION*, and *UNSAFE*, showing advisory scope contracting as environmental conditions deteriorate.","Numeric extraction only; may be citation, date, identifier, illustration or result; semantic inventory incomplete."
publications/active/ipsci-2026/submissions/v3-revision/manuscript-v3.md,Domain Instantiation,400,not yet mapped: numeric token,10,PENDING — SC-3 stopped traceability review,ambiguous,AMBIGUOUS,Vessel category v = small (< 10 GRT) throughout — g_o thresholds 1.0 / 1.25 m apply (TABLE IIIb),"Numeric extraction only; may be citation, date, identifier, illustration or result; semantic inventory incomplete."
publications/active/ipsci-2026/submissions/v3-revision/manuscript-v3.md,Domain Instantiation,400,not yet mapped: numeric token,1.0,PENDING — SC-3 stopped traceability review,ambiguous,AMBIGUOUS,Vessel category v = small (< 10 GRT) throughout — g_o thresholds 1.0 / 1.25 m apply (TABLE IIIb),"Numeric extraction only; may be citation, date, identifier, illustration or result; semantic inventory incomplete."
publications/active/ipsci-2026/submissions/v3-revision/manuscript-v3.md,Domain Instantiation,400,not yet mapped: numeric token,1.25,PENDING — SC-3 stopped traceability review,ambiguous,AMBIGUOUS,Vessel category v = small (< 10 GRT) throughout — g_o thresholds 1.0 / 1.25 m apply (TABLE IIIb),"Numeric extraction only; may be citation, date, identifier, illustration or result; semantic inventory incomplete."
publications/active/ipsci-2026/submissions/v3-revision/manuscript-v3.md,Domain Instantiation,402,not yet mapped: numeric token,0600,PENDING — SC-3 stopped traceability review,ambiguous,AMBIGUOUS,[0600 - Early Morning],"Numeric extraction only; may be citation, date, identifier, illustration or result; semantic inventory incomplete."
publications/active/ipsci-2026/submissions/v3-revision/manuscript-v3.md,Domain Instantiation,403,not yet mapped: numeric token,8,PENDING — SC-3 stopped traceability review,ambiguous,AMBIGUOUS, • Wind (w): 8 kt        → SAFE       ┌────────────────────────┐              ┌─────────────────────────────────────┐,"Numeric extraction only; may be citation, date, identifier, illustration or result; semantic inventory incomplete."
publications/active/ipsci-2026/submissions/v3-revision/manuscript-v3.md,Domain Instantiation,404,not yet mapped: numeric token,1,PENDING — SC-3 stopped traceability review,ambiguous,AMBIGUOUS, • Rain (r): none        → SAFE       │          SAFE          │              │ G(SAFE) = 1 (Active)                │,"Numeric extraction only; may be citation, date, identifier, illustration or result; semantic inventory incomplete."
publications/active/ipsci-2026/submissions/v3-revision/manuscript-v3.md,Domain Instantiation,406,not yet mapped: numeric token,0.6,PENDING — SC-3 stopped traceability review,ambiguous,AMBIGUOUS, • Ocean (o): 0.6 m      → SAFE                                               │ Admissible Scope A_AI(SAFE):        │,"Numeric extraction only; may be citation, date, identifier, illustration or result; semantic inventory incomplete."
publications/active/ipsci-2026/submissions/v3-revision/manuscript-v3.md,Domain Instantiation,407,not yet mapped: numeric token,0600,PENDING — SC-3 stopped traceability review,ambiguous,AMBIGUOUS," • Time (t): 0600        → SAFE                  │                            │ { Go, Delay, DepartureTime,         │","Numeric extraction only; may be citation, date, identifier, illustration or result; semantic inventory incomplete."
publications/active/ipsci-2026/submissions/v3-revision/manuscript-v3.md,Domain Instantiation,413,not yet mapped: numeric token,18,PENDING — SC-3 stopped traceability review,ambiguous,AMBIGUOUS, • Wind (w): 18 kt       → SAFE       ┌────────────────────────┐              ┌─────────────────────────────────────┐,"Numeric extraction only; may be citation, date, identifier, illustration or result; semantic inventory incomplete."
publications/active/ipsci-2026/submissions/v3-revision/manuscript-v3.md,Domain Instantiation,414,not yet mapped: numeric token,1,PENDING — SC-3 stopped traceability review,ambiguous,AMBIGUOUS, • Rain (r): moderate    → SAFE       │        CAUTION         │              │ G(CAUTION) = 1 (Active)             │,"Numeric extraction only; may be citation, date, identifier, illustration or result; semantic inventory incomplete."
publications/active/ipsci-2026/submissions/v3-revision/manuscript-v3.md,Domain Instantiation,416,not yet mapped: numeric token,1.1,PENDING — SC-3 stopped traceability review,ambiguous,AMBIGUOUS, • Ocean (o): 1.1 m      → CAUTION                                            │ Scope Contracts A_AI(CAUTION):      │,"Numeric extraction only; may be citation, date, identifier, illustration or result; semantic inventory incomplete."
publications/active/ipsci-2026/submissions/v3-revision/manuscript-v3.md,Domain Instantiation,417,not yet mapped: numeric token,1000,PENDING — SC-3 stopped traceability review,ambiguous,AMBIGUOUS," • Time (t): 1000        → SAFE                  │                            │ { Go, Delay }                       │","Numeric extraction only; may be citation, date, identifier, illustration or result; semantic inventory incomplete."
publications/active/ipsci-2026/submissions/v3-revision/manuscript-v3.md,Domain Instantiation,423,not yet mapped: numeric token,28,PENDING — SC-3 stopped traceability review,ambiguous,AMBIGUOUS, • Wind (w): 28 kt       → UNSAFE     ┌────────────────────────┐              ┌─────────────────────────────────────┐,"Numeric extraction only; may be citation, date, identifier, illustration or result; semantic inventory incomplete."
publications/active/ipsci-2026/submissions/v3-revision/manuscript-v3.md,Domain Instantiation,424,not yet mapped: numeric token,0,PENDING — SC-3 stopped traceability review,ambiguous,AMBIGUOUS, • Rain (r): heavy       → CAUTION    │         UNSAFE         │              │ G(UNSAFE) = 0 (Disengaged)          │,"Numeric extraction only; may be citation, date, identifier, illustration or result; semantic inventory incomplete."
publications/active/ipsci-2026/submissions/v3-revision/manuscript-v3.md,Domain Instantiation,426,not yet mapped: numeric token,2.4,PENDING — SC-3 stopped traceability review,ambiguous,AMBIGUOUS, • Ocean (o): 2.4 m      → UNSAFE                                             │ Admissible Scope A_AI(UNSAFE):      │,"Numeric extraction only; may be citation, date, identifier, illustration or result; semantic inventory incomplete."
publications/active/ipsci-2026/submissions/v3-revision/manuscript-v3.md,Domain Instantiation,427,not yet mapped: numeric token,1400,PENDING — SC-3 stopped traceability review,ambiguous,AMBIGUOUS, • Time (t): 1400        → SAFE                                               │ ∅ (Empty Set — Static Alert Only)   │,"Numeric extraction only; may be citation, date, identifier, illustration or result; semantic inventory incomplete."
publications/active/ipsci-2026/submissions/v3-revision/manuscript-v3.md,Domain Instantiation,431,not yet mapped: numeric token,18,PENDING — SC-3 stopped traceability review,ambiguous,AMBIGUOUS, Note: wind at 18 kt is SAFE (CAUTION begins above 22 kt) — CAUTION at mid-morning is driven by the marine advisory,"Numeric extraction only; may be citation, date, identifier, illustration or result; semantic inventory incomplete."
publications/active/ipsci-2026/submissions/v3-revision/manuscript-v3.md,Domain Instantiation,431,not yet mapped: numeric token,22,PENDING — SC-3 stopped traceability review,ambiguous,AMBIGUOUS, Note: wind at 18 kt is SAFE (CAUTION begins above 22 kt) — CAUTION at mid-morning is driven by the marine advisory,"Numeric extraction only; may be citation, date, identifier, illustration or result; semantic inventory incomplete."
publications/active/ipsci-2026/submissions/v3-revision/manuscript-v3.md,Domain Instantiation,432,not yet mapped: numeric token,1.1,PENDING — SC-3 stopped traceability review,ambiguous,AMBIGUOUS, and the sea state. At 1.1 m the sea is CAUTION for this small vessel but would classify SAFE for a vessel > 25 GRT.,"Numeric extraction only; may be citation, date, identifier, illustration or result; semantic inventory incomplete."
publications/active/ipsci-2026/submissions/v3-revision/manuscript-v3.md,Domain Instantiation,432,not yet mapped: numeric token,25,PENDING — SC-3 stopped traceability review,ambiguous,AMBIGUOUS, and the sea state. At 1.1 m the sea is CAUTION for this small vessel but would classify SAFE for a vessel > 25 GRT.,"Numeric extraction only; may be citation, date, identifier, illustration or result; semantic inventory incomplete."
publications/active/ipsci-2026/submissions/v3-revision/manuscript-v3.md,Empirical Characterisation,438,not yet mapped: numeric token,5.98,PENDING — SC-3 stopped traceability review,ambiguous,AMBIGUOUS,"The governance layer was executed against hourly environmental data for the deployment site (Kota Kinabalu, 5.98° N, 116.01° E) — five years in the primary configuration, 3.25 years in a higher-resolution variant described below — classifying *S* = *f*(*E*) at every hour and recording which component function determined the outcome. The purpose is to establish that the *CAUTION* mode is not a theoretical construct: it is reached under real conditions at a measurable rate, and the states it separates are separated by conditions that actually occur.","Numeric extraction only; may be citation, date, identifier, illustration or result; semantic inventory incomplete."
publications/active/ipsci-2026/submissions/v3-revision/manuscript-v3.md,Empirical Characterisation,438,not yet mapped: numeric token,116.01,PENDING — SC-3 stopped traceability review,ambiguous,AMBIGUOUS,"The governance layer was executed against hourly environmental data for the deployment site (Kota Kinabalu, 5.98° N, 116.01° E) — five years in the primary configuration, 3.25 years in a higher-resolution variant described below — classifying *S* = *f*(*E*) at every hour and recording which component function determined the outcome. The purpose is to establish that the *CAUTION* mode is not a theoretical construct: it is reached under real conditions at a measurable rate, and the states it separates are separated by conditions that actually occur.","Numeric extraction only; may be citation, date, identifier, illustration or result; semantic inventory incomplete."
publications/active/ipsci-2026/submissions/v3-revision/manuscript-v3.md,Empirical Characterisation,438,not yet mapped: numeric token,3.25,PENDING — SC-3 stopped traceability review,ambiguous,AMBIGUOUS,"The governance layer was executed against hourly environmental data for the deployment site (Kota Kinabalu, 5.98° N, 116.01° E) — five years in the primary configuration, 3.25 years in a higher-resolution variant described below — classifying *S* = *f*(*E*) at every hour and recording which component function determined the outcome. The purpose is to establish that the *CAUTION* mode is not a theoretical construct: it is reached under real conditions at a measurable rate, and the states it separates are separated by conditions that actually occur.","Numeric extraction only; may be citation, date, identifier, illustration or result; semantic inventory incomplete."
publications/active/ipsci-2026/submissions/v3-revision/manuscript-v3.md,Empirical Characterisation,440,not yet mapped: numeric token,2020,PENDING — SC-3 stopped traceability review,ambiguous,AMBIGUOUS,"**Method.** Environmental data are drawn from the ERA5 reanalysis archive at the grid cell nearest the deployment site, selected over water rather than land — a distinction that materially affects surface wind and is returned to below. Two configurations are reported throughout, because the wave input proved to be resolution-sensitive and reporting a single figure would conceal that. The **primary** configuration covers the full five years (2020–2024, 43,848 hourly records) with wave height from ERA5-Ocean at approximately 50 km. The **resolution** configuration substitutes the MeteoFrance MFWAM model at approximately 8 km, which is available only from October 2021 and therefore covers 3.25 years (28,501 hours). Neither is presented as the single correct answer: the primary configuration buys record length, the resolution configuration buys spatial fidelity, and the difference between them is itself reported as a result. Predictions were registered before each analysis was run, in machine-comparable form with numeric bounds, so that confirmation or refutation is checked rather than narrated. Twenty-four predictions were registered; twenty-three were confirmed and one refuted.","Numeric extraction only; may be citation, date, identifier, illustration or result; semantic inventory incomplete."
publications/active/ipsci-2026/submissions/v3-revision/manuscript-v3.md,Empirical Characterisation,440,not yet mapped: numeric token,2024,PENDING — SC-3 stopped traceability review,ambiguous,AMBIGUOUS,"**Method.** Environmental data are drawn from the ERA5 reanalysis archive at the grid cell nearest the deployment site, selected over water rather than land — a distinction that materially affects surface wind and is returned to below. Two configurations are reported throughout, because the wave input proved to be resolution-sensitive and reporting a single figure would conceal that. The **primary** configuration covers the full five years (2020–2024, 43,848 hourly records) with wave height from ERA5-Ocean at approximately 50 km. The **resolution** configuration substitutes the MeteoFrance MFWAM model at approximately 8 km, which is available only from October 2021 and therefore covers 3.25 years (28,501 hours). Neither is presented as the single correct answer: the primary configuration buys record length, the resolution configuration buys spatial fidelity, and the difference between them is itself reported as a result. Predictions were registered before each analysis was run, in machine-comparable form with numeric bounds, so that confirmation or refutation is checked rather than narrated. Twenty-four predictions were registered; twenty-three were confirmed and one refuted.","Numeric extraction only; may be citation, date, identifier, illustration or result; semantic inventory incomplete."
publications/active/ipsci-2026/submissions/v3-revision/manuscript-v3.md,Empirical Characterisation,440,not yet mapped: numeric token,"43,848",PENDING — SC-3 stopped traceability review,ambiguous,AMBIGUOUS,"**Method.** Environmental data are drawn from the ERA5 reanalysis archive at the grid cell nearest the deployment site, selected over water rather than land — a distinction that materially affects surface wind and is returned to below. Two configurations are reported throughout, because the wave input proved to be resolution-sensitive and reporting a single figure would conceal that. The **primary** configuration covers the full five years (2020–2024, 43,848 hourly records) with wave height from ERA5-Ocean at approximately 50 km. The **resolution** configuration substitutes the MeteoFrance MFWAM model at approximately 8 km, which is available only from October 2021 and therefore covers 3.25 years (28,501 hours). Neither is presented as the single correct answer: the primary configuration buys record length, the resolution configuration buys spatial fidelity, and the difference between them is itself reported as a result. Predictions were registered before each analysis was run, in machine-comparable form with numeric bounds, so that confirmation or refutation is checked rather than narrated. Twenty-four predictions were registered; twenty-three were confirmed and one refuted.","Numeric extraction only; may be citation, date, identifier, illustration or result; semantic inventory incomplete."
publications/active/ipsci-2026/submissions/v3-revision/manuscript-v3.md,Empirical Characterisation,440,not yet mapped: numeric token,50,PENDING — SC-3 stopped traceability review,ambiguous,AMBIGUOUS,"**Method.** Environmental data are drawn from the ERA5 reanalysis archive at the grid cell nearest the deployment site, selected over water rather than land — a distinction that materially affects surface wind and is returned to below. Two configurations are reported throughout, because the wave input proved to be resolution-sensitive and reporting a single figure would conceal that. The **primary** configuration covers the full five years (2020–2024, 43,848 hourly records) with wave height from ERA5-Ocean at approximately 50 km. The **resolution** configuration substitutes the MeteoFrance MFWAM model at approximately 8 km, which is available only from October 2021 and therefore covers 3.25 years (28,501 hours). Neither is presented as the single correct answer: the primary configuration buys record length, the resolution configuration buys spatial fidelity, and the difference between them is itself reported as a result. Predictions were registered before each analysis was run, in machine-comparable form with numeric bounds, so that confirmation or refutation is checked rather than narrated. Twenty-four predictions were registered; twenty-three were confirmed and one refuted.","Numeric extraction only; may be citation, date, identifier, illustration or result; semantic inventory incomplete."
publications/active/ipsci-2026/submissions/v3-revision/manuscript-v3.md,Empirical Characterisation,440,not yet mapped: numeric token,8,PENDING — SC-3 stopped traceability review,ambiguous,AMBIGUOUS,"**Method.** Environmental data are drawn from the ERA5 reanalysis archive at the grid cell nearest the deployment site, selected over water rather than land — a distinction that materially affects surface wind and is returned to below. Two configurations are reported throughout, because the wave input proved to be resolution-sensitive and reporting a single figure would conceal that. The **primary** configuration covers the full five years (2020–2024, 43,848 hourly records) with wave height from ERA5-Ocean at approximately 50 km. The **resolution** configuration substitutes the MeteoFrance MFWAM model at approximately 8 km, which is available only from October 2021 and therefore covers 3.25 years (28,501 hours). Neither is presented as the single correct answer: the primary configuration buys record length, the resolution configuration buys spatial fidelity, and the difference between them is itself reported as a result. Predictions were registered before each analysis was run, in machine-comparable form with numeric bounds, so that confirmation or refutation is checked rather than narrated. Twenty-four predictions were registered; twenty-three were confirmed and one refuted.","Numeric extraction only; may be citation, date, identifier, illustration or result; semantic inventory incomplete."
publications/active/ipsci-2026/submissions/v3-revision/manuscript-v3.md,Empirical Characterisation,440,not yet mapped: numeric token,2021,PENDING — SC-3 stopped traceability review,ambiguous,AMBIGUOUS,"**Method.** Environmental data are drawn from the ERA5 reanalysis archive at the grid cell nearest the deployment site, selected over water rather than land — a distinction that materially affects surface wind and is returned to below. Two configurations are reported throughout, because the wave input proved to be resolution-sensitive and reporting a single figure would conceal that. The **primary** configuration covers the full five years (2020–2024, 43,848 hourly records) with wave height from ERA5-Ocean at approximately 50 km. The **resolution** configuration substitutes the MeteoFrance MFWAM model at approximately 8 km, which is available only from October 2021 and therefore covers 3.25 years (28,501 hours). Neither is presented as the single correct answer: the primary configuration buys record length, the resolution configuration buys spatial fidelity, and the difference between them is itself reported as a result. Predictions were registered before each analysis was run, in machine-comparable form with numeric bounds, so that confirmation or refutation is checked rather than narrated. Twenty-four predictions were registered; twenty-three were confirmed and one refuted.","Numeric extraction only; may be citation, date, identifier, illustration or result; semantic inventory incomplete."
publications/active/ipsci-2026/submissions/v3-revision/manuscript-v3.md,Empirical Characterisation,440,not yet mapped: numeric token,3.25,PENDING — SC-3 stopped traceability review,ambiguous,AMBIGUOUS,"**Method.** Environmental data are drawn from the ERA5 reanalysis archive at the grid cell nearest the deployment site, selected over water rather than land — a distinction that materially affects surface wind and is returned to below. Two configurations are reported throughout, because the wave input proved to be resolution-sensitive and reporting a single figure would conceal that. The **primary** configuration covers the full five years (2020–2024, 43,848 hourly records) with wave height from ERA5-Ocean at approximately 50 km. The **resolution** configuration substitutes the MeteoFrance MFWAM model at approximately 8 km, which is available only from October 2021 and therefore covers 3.25 years (28,501 hours). Neither is presented as the single correct answer: the primary configuration buys record length, the resolution configuration buys spatial fidelity, and the difference between them is itself reported as a result. Predictions were registered before each analysis was run, in machine-comparable form with numeric bounds, so that confirmation or refutation is checked rather than narrated. Twenty-four predictions were registered; twenty-three were confirmed and one refuted.","Numeric extraction only; may be citation, date, identifier, illustration or result; semantic inventory incomplete."
publications/active/ipsci-2026/submissions/v3-revision/manuscript-v3.md,Empirical Characterisation,440,not yet mapped: numeric token,"28,501",PENDING — SC-3 stopped traceability review,ambiguous,AMBIGUOUS,"**Method.** Environmental data are drawn from the ERA5 reanalysis archive at the grid cell nearest the deployment site, selected over water rather than land — a distinction that materially affects surface wind and is returned to below. Two configurations are reported throughout, because the wave input proved to be resolution-sensitive and reporting a single figure would conceal that. The **primary** configuration covers the full five years (2020–2024, 43,848 hourly records) with wave height from ERA5-Ocean at approximately 50 km. The **resolution** configuration substitutes the MeteoFrance MFWAM model at approximately 8 km, which is available only from October 2021 and therefore covers 3.25 years (28,501 hours). Neither is presented as the single correct answer: the primary configuration buys record length, the resolution configuration buys spatial fidelity, and the difference between them is itself reported as a result. Predictions were registered before each analysis was run, in machine-comparable form with numeric bounds, so that confirmation or refutation is checked rather than narrated. Twenty-four predictions were registered; twenty-three were confirmed and one refuted.","Numeric extraction only; may be citation, date, identifier, illustration or result; semantic inventory incomplete."
publications/active/ipsci-2026/submissions/v3-revision/manuscript-v3.md,Empirical Characterisation,442,not yet mapped: numeric token,1,PENDING — SC-3 stopped traceability review,ambiguous,AMBIGUOUS,"**Result 1 — the CAUTION mode is reached, and Level 2 governance binds.** For a small vessel in the 05:00–09:00 departure window, *S* = *CAUTION* in **5.81%** of hours under the primary configuration and **4.48%** under the resolution configuration. In those hours the architecture withholds *DepartureTime* and *Duration* while continuing to supply *Go* and *Delay*. A binary architecture, having no state between participation and withdrawal, supplies the full recommendation set in every one of them. This is the governance difference the architecture exists to produce, expressed as a rate rather than as a design claim.","Numeric extraction only; may be citation, date, identifier, illustration or result; semantic inventory incomplete."
publications/active/ipsci-2026/submissions/v3-revision/manuscript-v3.md,Empirical Characterisation,442,not yet mapped: numeric token,2,PENDING — SC-3 stopped traceability review,ambiguous,AMBIGUOUS,"**Result 1 — the CAUTION mode is reached, and Level 2 governance binds.** For a small vessel in the 05:00–09:00 departure window, *S* = *CAUTION* in **5.81%** of hours under the primary configuration and **4.48%** under the resolution configuration. In those hours the architecture withholds *DepartureTime* and *Duration* while continuing to supply *Go* and *Delay*. A binary architecture, having no state between participation and withdrawal, supplies the full recommendation set in every one of them. This is the governance difference the architecture exists to produce, expressed as a rate rather than as a design claim.","Numeric extraction only; may be citation, date, identifier, illustration or result; semantic inventory incomplete."
publications/active/ipsci-2026/submissions/v3-revision/manuscript-v3.md,Empirical Characterisation,442,not yet mapped: numeric token,05,PENDING — SC-3 stopped traceability review,ambiguous,AMBIGUOUS,"**Result 1 — the CAUTION mode is reached, and Level 2 governance binds.** For a small vessel in the 05:00–09:00 departure window, *S* = *CAUTION* in **5.81%** of hours under the primary configuration and **4.48%** under the resolution configuration. In those hours the architecture withholds *DepartureTime* and *Duration* while continuing to supply *Go* and *Delay*. A binary architecture, having no state between participation and withdrawal, supplies the full recommendation set in every one of them. This is the governance difference the architecture exists to produce, expressed as a rate rather than as a design claim.","Numeric extraction only; may be citation, date, identifier, illustration or result; semantic inventory incomplete."
publications/active/ipsci-2026/submissions/v3-revision/manuscript-v3.md,Empirical Characterisation,442,not yet mapped: numeric token,00,PENDING — SC-3 stopped traceability review,ambiguous,AMBIGUOUS,"**Result 1 — the CAUTION mode is reached, and Level 2 governance binds.** For a small vessel in the 05:00–09:00 departure window, *S* = *CAUTION* in **5.81%** of hours under the primary configuration and **4.48%** under the resolution configuration. In those hours the architecture withholds *DepartureTime* and *Duration* while continuing to supply *Go* and *Delay*. A binary architecture, having no state between participation and withdrawal, supplies the full recommendation set in every one of them. This is the governance difference the architecture exists to produce, expressed as a rate rather than as a design claim.","Numeric extraction only; may be citation, date, identifier, illustration or result; semantic inventory incomplete."
publications/active/ipsci-2026/submissions/v3-revision/manuscript-v3.md,Empirical Characterisation,442,not yet mapped: numeric token,09,PENDING — SC-3 stopped traceability review,ambiguous,AMBIGUOUS,"**Result 1 — the CAUTION mode is reached, and Level 2 governance binds.** For a small vessel in the 05:00–09:00 departure window, *S* = *CAUTION* in **5.81%** of hours under the primary configuration and **4.48%** under the resolution configuration. In those hours the architecture withholds *DepartureTime* and *Duration* while continuing to supply *Go* and *Delay*. A binary architecture, having no state between participation and withdrawal, supplies the full recommendation set in every one of them. This is the governance difference the architecture exists to produce, expressed as a rate rather than as a design claim.","Numeric extraction only; may be citation, date, identifier, illustration or result; semantic inventory incomplete."
publications/active/ipsci-2026/submissions/v3-revision/manuscript-v3.md,Empirical Characterisation,442,not yet mapped: numeric token,00,PENDING — SC-3 stopped traceability review,ambiguous,AMBIGUOUS,"**Result 1 — the CAUTION mode is reached, and Level 2 governance binds.** For a small vessel in the 05:00–09:00 departure window, *S* = *CAUTION* in **5.81%** of hours under the primary configuration and **4.48%** under the resolution configuration. In those hours the architecture withholds *DepartureTime* and *Duration* while continuing to supply *Go* and *Delay*. A binary architecture, having no state between participation and withdrawal, supplies the full recommendation set in every one of them. This is the governance difference the architecture exists to produce, expressed as a rate rather than as a design claim.","Numeric extraction only; may be citation, date, identifier, illustration or result; semantic inventory incomplete."
publications/active/ipsci-2026/submissions/v3-revision/manuscript-v3.md,Empirical Characterisation,442,not yet mapped: numeric token,5.81%,PENDING — SC-3 stopped traceability review,ambiguous,AMBIGUOUS,"**Result 1 — the CAUTION mode is reached, and Level 2 governance binds.** For a small vessel in the 05:00–09:00 departure window, *S* = *CAUTION* in **5.81%** of hours under the primary configuration and **4.48%** under the resolution configuration. In those hours the architecture withholds *DepartureTime* and *Duration* while continuing to supply *Go* and *Delay*. A binary architecture, having no state between participation and withdrawal, supplies the full recommendation set in every one of them. This is the governance difference the architecture exists to produce, expressed as a rate rather than as a design claim.","Numeric extraction only; may be citation, date, identifier, illustration or result; semantic inventory incomplete."
publications/active/ipsci-2026/submissions/v3-revision/manuscript-v3.md,Empirical Characterisation,442,not yet mapped: numeric token,4.48%,PENDING — SC-3 stopped traceability review,ambiguous,AMBIGUOUS,"**Result 1 — the CAUTION mode is reached, and Level 2 governance binds.** For a small vessel in the 05:00–09:00 departure window, *S* = *CAUTION* in **5.81%** of hours under the primary configuration and **4.48%** under the resolution configuration. In those hours the architecture withholds *DepartureTime* and *Duration* while continuing to supply *Go* and *Delay*. A binary architecture, having no state between participation and withdrawal, supplies the full recommendation set in every one of them. This is the governance difference the architecture exists to produce, expressed as a rate rather than as a design claim.","Numeric extraction only; may be citation, date, identifier, illustration or result; semantic inventory incomplete."
publications/active/ipsci-2026/submissions/v3-revision/manuscript-v3.md,Empirical Characterisation,444,not yet mapped: numeric token,2,PENDING — SC-3 stopped traceability review,ambiguous,AMBIGUOUS,"**Result 2 — the participation gate is reachable by sea state, not only by darkness.** *UNSAFE* occurs in 1,262 daylight hours (5.80%) under the primary configuration and 455 hours (3.23%) under the resolution configuration, where *daylight* is the astronomical interval sunrise ≤ *t* < sunset. Weather-driven classifications account for 10.9% and 6.4% of all *UNSAFE* hours respectively; the remainder is the time-of-day component *g*_t. Both governance states are therefore attainable at the deployment site under conditions the operator would actually encounter, rather than only after dark.","Numeric extraction only; may be citation, date, identifier, illustration or result; semantic inventory incomplete."
publications/active/ipsci-2026/submissions/v3-revision/manuscript-v3.md,Empirical Characterisation,444,not yet mapped: numeric token,"1,262",PENDING — SC-3 stopped traceability review,ambiguous,AMBIGUOUS,"**Result 2 — the participation gate is reachable by sea state, not only by darkness.** *UNSAFE* occurs in 1,262 daylight hours (5.80%) under the primary configuration and 455 hours (3.23%) under the resolution configuration, where *daylight* is the astronomical interval sunrise ≤ *t* < sunset. Weather-driven classifications account for 10.9% and 6.4% of all *UNSAFE* hours respectively; the remainder is the time-of-day component *g*_t. Both governance states are therefore attainable at the deployment site under conditions the operator would actually encounter, rather than only after dark.","Numeric extraction only; may be citation, date, identifier, illustration or result; semantic inventory incomplete."
publications/active/ipsci-2026/submissions/v3-revision/manuscript-v3.md,Empirical Characterisation,444,not yet mapped: numeric token,5.80%,PENDING — SC-3 stopped traceability review,ambiguous,AMBIGUOUS,"**Result 2 — the participation gate is reachable by sea state, not only by darkness.** *UNSAFE* occurs in 1,262 daylight hours (5.80%) under the primary configuration and 455 hours (3.23%) under the resolution configuration, where *daylight* is the astronomical interval sunrise ≤ *t* < sunset. Weather-driven classifications account for 10.9% and 6.4% of all *UNSAFE* hours respectively; the remainder is the time-of-day component *g*_t. Both governance states are therefore attainable at the deployment site under conditions the operator would actually encounter, rather than only after dark.","Numeric extraction only; may be citation, date, identifier, illustration or result; semantic inventory incomplete."
publications/active/ipsci-2026/submissions/v3-revision/manuscript-v3.md,Empirical Characterisation,444,not yet mapped: numeric token,455,PENDING — SC-3 stopped traceability review,ambiguous,AMBIGUOUS,"**Result 2 — the participation gate is reachable by sea state, not only by darkness.** *UNSAFE* occurs in 1,262 daylight hours (5.80%) under the primary configuration and 455 hours (3.23%) under the resolution configuration, where *daylight* is the astronomical interval sunrise ≤ *t* < sunset. Weather-driven classifications account for 10.9% and 6.4% of all *UNSAFE* hours respectively; the remainder is the time-of-day component *g*_t. Both governance states are therefore attainable at the deployment site under conditions the operator would actually encounter, rather than only after dark.","Numeric extraction only; may be citation, date, identifier, illustration or result; semantic inventory incomplete."
publications/active/ipsci-2026/submissions/v3-revision/manuscript-v3.md,Empirical Characterisation,444,not yet mapped: numeric token,3.23%,PENDING — SC-3 stopped traceability review,ambiguous,AMBIGUOUS,"**Result 2 — the participation gate is reachable by sea state, not only by darkness.** *UNSAFE* occurs in 1,262 daylight hours (5.80%) under the primary configuration and 455 hours (3.23%) under the resolution configuration, where *daylight* is the astronomical interval sunrise ≤ *t* < sunset. Weather-driven classifications account for 10.9% and 6.4% of all *UNSAFE* hours respectively; the remainder is the time-of-day component *g*_t. Both governance states are therefore attainable at the deployment site under conditions the operator would actually encounter, rather than only after dark.","Numeric extraction only; may be citation, date, identifier, illustration or result; semantic inventory incomplete."
publications/active/ipsci-2026/submissions/v3-revision/manuscript-v3.md,Empirical Characterisation,444,not yet mapped: numeric token,10.9%,PENDING — SC-3 stopped traceability review,ambiguous,AMBIGUOUS,"**Result 2 — the participation gate is reachable by sea state, not only by darkness.** *UNSAFE* occurs in 1,262 daylight hours (5.80%) under the primary configuration and 455 hours (3.23%) under the resolution configuration, where *daylight* is the astronomical interval sunrise ≤ *t* < sunset. Weather-driven classifications account for 10.9% and 6.4% of all *UNSAFE* hours respectively; the remainder is the time-of-day component *g*_t. Both governance states are therefore attainable at the deployment site under conditions the operator would actually encounter, rather than only after dark.","Numeric extraction only; may be citation, date, identifier, illustration or result; semantic inventory incomplete."
publications/active/ipsci-2026/submissions/v3-revision/manuscript-v3.md,Empirical Characterisation,444,not yet mapped: numeric token,6.4%,PENDING — SC-3 stopped traceability review,ambiguous,AMBIGUOUS,"**Result 2 — the participation gate is reachable by sea state, not only by darkness.** *UNSAFE* occurs in 1,262 daylight hours (5.80%) under the primary configuration and 455 hours (3.23%) under the resolution configuration, where *daylight* is the astronomical interval sunrise ≤ *t* < sunset. Weather-driven classifications account for 10.9% and 6.4% of all *UNSAFE* hours respectively; the remainder is the time-of-day component *g*_t. Both governance states are therefore attainable at the deployment site under conditions the operator would actually encounter, rather than only after dark.","Numeric extraction only; may be citation, date, identifier, illustration or result; semantic inventory incomplete."
publications/active/ipsci-2026/submissions/v3-revision/manuscript-v3.md,Empirical Characterisation,446,not yet mapped: numeric token,3,PENDING — SC-3 stopped traceability review,ambiguous,AMBIGUOUS,"**Result 3 — vessel conditioning is operative.** Small and big vessels receive different classifications in **9.11%** of departure-window hours under the primary configuration (5.86% under the resolution configuration). Under vessel-blind thresholds this figure is zero by construction, so the vessel-conditional form of *g*_o(*o*, *v*) changes governance output rather than only notation.","Numeric extraction only; may be citation, date, identifier, illustration or result; semantic inventory incomplete."
publications/active/ipsci-2026/submissions/v3-revision/manuscript-v3.md,Empirical Characterisation,446,not yet mapped: numeric token,9.11%,PENDING — SC-3 stopped traceability review,ambiguous,AMBIGUOUS,"**Result 3 — vessel conditioning is operative.** Small and big vessels receive different classifications in **9.11%** of departure-window hours under the primary configuration (5.86% under the resolution configuration). Under vessel-blind thresholds this figure is zero by construction, so the vessel-conditional form of *g*_o(*o*, *v*) changes governance output rather than only notation.","Numeric extraction only; may be citation, date, identifier, illustration or result; semantic inventory incomplete."
publications/active/ipsci-2026/submissions/v3-revision/manuscript-v3.md,Empirical Characterisation,446,not yet mapped: numeric token,5.86%,PENDING — SC-3 stopped traceability review,ambiguous,AMBIGUOUS,"**Result 3 — vessel conditioning is operative.** Small and big vessels receive different classifications in **9.11%** of departure-window hours under the primary configuration (5.86% under the resolution configuration). Under vessel-blind thresholds this figure is zero by construction, so the vessel-conditional form of *g*_o(*o*, *v*) changes governance output rather than only notation.","Numeric extraction only; may be citation, date, identifier, illustration or result; semantic inventory incomplete."
publications/active/ipsci-2026/submissions/v3-revision/manuscript-v3.md,Empirical Characterisation,448,not yet mapped: numeric token,4,PENDING — SC-3 stopped traceability review,ambiguous,AMBIGUOUS,"**Result 4 — which components bind (TABLE VI).** Three of the five component functions determine the classification at some point in the record. Two do not, and for different reasons that should not be conflated.","Numeric extraction only; may be citation, date, identifier, illustration or result; semantic inventory incomplete."
publications/active/ipsci-2026/submissions/v3-revision/manuscript-v3.md,Empirical Characterisation,454,not yet mapped: numeric token,98.71%,PENDING — SC-3 stopped traceability review,ambiguous,AMBIGUOUS,| *g*_o (ocean state) | **98.71% / 97.66%** | 18.00% / 12.66% | Binds |,"Numeric extraction only; may be citation, date, identifier, illustration or result; semantic inventory incomplete."
publications/active/ipsci-2026/submissions/v3-revision/manuscript-v3.md,Empirical Characterisation,454,not yet mapped: numeric token,97.66%,PENDING — SC-3 stopped traceability review,ambiguous,AMBIGUOUS,| *g*_o (ocean state) | **98.71% / 97.66%** | 18.00% / 12.66% | Binds |,"Numeric extraction only; may be citation, date, identifier, illustration or result; semantic inventory incomplete."
publications/active/ipsci-2026/submissions/v3-revision/manuscript-v3.md,Empirical Characterisation,454,not yet mapped: numeric token,18.00%,PENDING — SC-3 stopped traceability review,ambiguous,AMBIGUOUS,| *g*_o (ocean state) | **98.71% / 97.66%** | 18.00% / 12.66% | Binds |,"Numeric extraction only; may be citation, date, identifier, illustration or result; semantic inventory incomplete."
publications/active/ipsci-2026/submissions/v3-revision/manuscript-v3.md,Empirical Characterisation,454,not yet mapped: numeric token,12.66%,PENDING — SC-3 stopped traceability review,ambiguous,AMBIGUOUS,| *g*_o (ocean state) | **98.71% / 97.66%** | 18.00% / 12.66% | Binds |,"Numeric extraction only; may be citation, date, identifier, illustration or result; semantic inventory incomplete."
publications/active/ipsci-2026/submissions/v3-revision/manuscript-v3.md,Empirical Characterisation,455,not yet mapped: numeric token,0%,PENDING — SC-3 stopped traceability review,ambiguous,AMBIGUOUS,| *g*_t (time of day) | 0% / 0% — emits no *CAUTION* | **86.82% / 90.19%** | Binds |,"Numeric extraction only; may be citation, date, identifier, illustration or result; semantic inventory incomplete."
publications/active/ipsci-2026/submissions/v3-revision/manuscript-v3.md,Empirical Characterisation,455,not yet mapped: numeric token,0%,PENDING — SC-3 stopped traceability review,ambiguous,AMBIGUOUS,| *g*_t (time of day) | 0% / 0% — emits no *CAUTION* | **86.82% / 90.19%** | Binds |,"Numeric extraction only; may be citation, date, identifier, illustration or result; semantic inventory incomplete."
publications/active/ipsci-2026/submissions/v3-revision/manuscript-v3.md,Empirical Characterisation,455,not yet mapped: numeric token,86.82%,PENDING — SC-3 stopped traceability review,ambiguous,AMBIGUOUS,| *g*_t (time of day) | 0% / 0% — emits no *CAUTION* | **86.82% / 90.19%** | Binds |,"Numeric extraction only; may be citation, date, identifier, illustration or result; semantic inventory incomplete."
publications/active/ipsci-2026/submissions/v3-revision/manuscript-v3.md,Empirical Characterisation,455,not yet mapped: numeric token,90.19%,PENDING — SC-3 stopped traceability review,ambiguous,AMBIGUOUS,| *g*_t (time of day) | 0% / 0% — emits no *CAUTION* | **86.82% / 90.19%** | Binds |,"Numeric extraction only; may be citation, date, identifier, illustration or result; semantic inventory incomplete."
publications/active/ipsci-2026/submissions/v3-revision/manuscript-v3.md,Empirical Characterisation,456,not yet mapped: numeric token,1.55%,PENDING — SC-3 stopped traceability review,ambiguous,AMBIGUOUS,| *g*_r (rainfall) | 1.55% / 2.99% | 0.19% / 0.24% | Binds |,"Numeric extraction only; may be citation, date, identifier, illustration or result; semantic inventory incomplete."
publications/active/ipsci-2026/submissions/v3-revision/manuscript-v3.md,Empirical Characterisation,456,not yet mapped: numeric token,2.99%,PENDING — SC-3 stopped traceability review,ambiguous,AMBIGUOUS,| *g*_r (rainfall) | 1.55% / 2.99% | 0.19% / 0.24% | Binds |,"Numeric extraction only; may be citation, date, identifier, illustration or result; semantic inventory incomplete."
publications/active/ipsci-2026/submissions/v3-revision/manuscript-v3.md,Empirical Characterisation,456,not yet mapped: numeric token,0.19%,PENDING — SC-3 stopped traceability review,ambiguous,AMBIGUOUS,| *g*_r (rainfall) | 1.55% / 2.99% | 0.19% / 0.24% | Binds |,"Numeric extraction only; may be citation, date, identifier, illustration or result; semantic inventory incomplete."
publications/active/ipsci-2026/submissions/v3-revision/manuscript-v3.md,Empirical Characterisation,456,not yet mapped: numeric token,0.24%,PENDING — SC-3 stopped traceability review,ambiguous,AMBIGUOUS,| *g*_r (rainfall) | 1.55% / 2.99% | 0.19% / 0.24% | Binds |,"Numeric extraction only; may be citation, date, identifier, illustration or result; semantic inventory incomplete."
publications/active/ipsci-2026/submissions/v3-revision/manuscript-v3.md,Empirical Characterisation,457,not yet mapped: numeric token,0%,PENDING — SC-3 stopped traceability review,ambiguous,AMBIGUOUS,"| *g*_w (wind) | 0% / 0% | 0% / 0% | Measured; activates twice in five years, binds never |","Numeric extraction only; may be citation, date, identifier, illustration or result; semantic inventory incomplete."
publications/active/ipsci-2026/submissions/v3-revision/manuscript-v3.md,Empirical Characterisation,457,not yet mapped: numeric token,0%,PENDING — SC-3 stopped traceability review,ambiguous,AMBIGUOUS,"| *g*_w (wind) | 0% / 0% | 0% / 0% | Measured; activates twice in five years, binds never |","Numeric extraction only; may be citation, date, identifier, illustration or result; semantic inventory incomplete."
publications/active/ipsci-2026/submissions/v3-revision/manuscript-v3.md,Empirical Characterisation,457,not yet mapped: numeric token,0%,PENDING — SC-3 stopped traceability review,ambiguous,AMBIGUOUS,"| *g*_w (wind) | 0% / 0% | 0% / 0% | Measured; activates twice in five years, binds never |","Numeric extraction only; may be citation, date, identifier, illustration or result; semantic inventory incomplete."
publications/active/ipsci-2026/submissions/v3-revision/manuscript-v3.md,Empirical Characterisation,457,not yet mapped: numeric token,0%,PENDING — SC-3 stopped traceability review,ambiguous,AMBIGUOUS,"| *g*_w (wind) | 0% / 0% | 0% / 0% | Measured; activates twice in five years, binds never |","Numeric extraction only; may be citation, date, identifier, illustration or result; semantic inventory incomplete."
publications/active/ipsci-2026/submissions/v3-revision/manuscript-v3.md,Empirical Characterisation,458,not yet mapped: numeric token,0%,PENDING — SC-3 stopped traceability review,ambiguous,AMBIGUOUS,| *g*_m (marine warning) | 0% / 0% | 0% / 0% | **Not measured** — no archive |,"Numeric extraction only; may be citation, date, identifier, illustration or result; semantic inventory incomplete."
publications/active/ipsci-2026/submissions/v3-revision/manuscript-v3.md,Empirical Characterisation,458,not yet mapped: numeric token,0%,PENDING — SC-3 stopped traceability review,ambiguous,AMBIGUOUS,| *g*_m (marine warning) | 0% / 0% | 0% / 0% | **Not measured** — no archive |,"Numeric extraction only; may be citation, date, identifier, illustration or result; semantic inventory incomplete."
publications/active/ipsci-2026/submissions/v3-revision/manuscript-v3.md,Empirical Characterisation,458,not yet mapped: numeric token,0%,PENDING — SC-3 stopped traceability review,ambiguous,AMBIGUOUS,| *g*_m (marine warning) | 0% / 0% | 0% / 0% | **Not measured** — no archive |,"Numeric extraction only; may be citation, date, identifier, illustration or result; semantic inventory incomplete."
publications/active/ipsci-2026/submissions/v3-revision/manuscript-v3.md,Empirical Characterisation,458,not yet mapped: numeric token,0%,PENDING — SC-3 stopped traceability review,ambiguous,AMBIGUOUS,| *g*_m (marine warning) | 0% / 0% | 0% / 0% | **Not measured** — no archive |,"Numeric extraction only; may be citation, date, identifier, illustration or result; semantic inventory incomplete."
publications/active/ipsci-2026/submissions/v3-revision/manuscript-v3.md,Empirical Characterisation,460,not yet mapped: numeric token,1,PENDING — SC-3 stopped traceability review,ambiguous,AMBIGUOUS,"*g*_w never determines a classification, though it is not inactive. MET Malaysia's Category 1 onset is 40 km/h, which is 21.598 kn and is specified here as **21.6 kn** at the resolution of the data. Over five years the sea-cell series crosses that boundary **twice** — 21.8 kn and 21.7 kn — against a five-year maximum of 21.8 kn. On both occasions another component was already at a higher severity (ocean state in one case, time of day in the other), so *g*_w activated without ever determining the classification. The honest statement is that sustained wind reaches the Category 1 criterion roughly once every two and a half years at this site and has never been the governing factor — not that wind is irrelevant to the domain, and not that the component is vacuous.","Numeric extraction only; may be citation, date, identifier, illustration or result; semantic inventory incomplete."
publications/active/ipsci-2026/submissions/v3-revision/manuscript-v3.md,Empirical Characterisation,460,not yet mapped: numeric token,40,PENDING — SC-3 stopped traceability review,ambiguous,AMBIGUOUS,"*g*_w never determines a classification, though it is not inactive. MET Malaysia's Category 1 onset is 40 km/h, which is 21.598 kn and is specified here as **21.6 kn** at the resolution of the data. Over five years the sea-cell series crosses that boundary **twice** — 21.8 kn and 21.7 kn — against a five-year maximum of 21.8 kn. On both occasions another component was already at a higher severity (ocean state in one case, time of day in the other), so *g*_w activated without ever determining the classification. The honest statement is that sustained wind reaches the Category 1 criterion roughly once every two and a half years at this site and has never been the governing factor — not that wind is irrelevant to the domain, and not that the component is vacuous.","Numeric extraction only; may be citation, date, identifier, illustration or result; semantic inventory incomplete."
publications/active/ipsci-2026/submissions/v3-revision/manuscript-v3.md,Empirical Characterisation,460,not yet mapped: numeric token,21.598,PENDING — SC-3 stopped traceability review,ambiguous,AMBIGUOUS,"*g*_w never determines a classification, though it is not inactive. MET Malaysia's Category 1 onset is 40 km/h, which is 21.598 kn and is specified here as **21.6 kn** at the resolution of the data. Over five years the sea-cell series crosses that boundary **twice** — 21.8 kn and 21.7 kn — against a five-year maximum of 21.8 kn. On both occasions another component was already at a higher severity (ocean state in one case, time of day in the other), so *g*_w activated without ever determining the classification. The honest statement is that sustained wind reaches the Category 1 criterion roughly once every two and a half years at this site and has never been the governing factor — not that wind is irrelevant to the domain, and not that the component is vacuous.","Numeric extraction only; may be citation, date, identifier, illustration or result; semantic inventory incomplete."
publications/active/ipsci-2026/submissions/v3-revision/manuscript-v3.md,Empirical Characterisation,460,not yet mapped: numeric token,21.6,PENDING — SC-3 stopped traceability review,ambiguous,AMBIGUOUS,"*g*_w never determines a classification, though it is not inactive. MET Malaysia's Category 1 onset is 40 km/h, which is 21.598 kn and is specified here as **21.6 kn** at the resolution of the data. Over five years the sea-cell series crosses that boundary **twice** — 21.8 kn and 21.7 kn — against a five-year maximum of 21.8 kn. On both occasions another component was already at a higher severity (ocean state in one case, time of day in the other), so *g*_w activated without ever determining the classification. The honest statement is that sustained wind reaches the Category 1 criterion roughly once every two and a half years at this site and has never been the governing factor — not that wind is irrelevant to the domain, and not that the component is vacuous.","Numeric extraction only; may be citation, date, identifier, illustration or result; semantic inventory incomplete."
publications/active/ipsci-2026/submissions/v3-revision/manuscript-v3.md,Empirical Characterisation,460,not yet mapped: numeric token,21.8,PENDING — SC-3 stopped traceability review,ambiguous,AMBIGUOUS,"*g*_w never determines a classification, though it is not inactive. MET Malaysia's Category 1 onset is 40 km/h, which is 21.598 kn and is specified here as **21.6 kn** at the resolution of the data. Over five years the sea-cell series crosses that boundary **twice** — 21.8 kn and 21.7 kn — against a five-year maximum of 21.8 kn. On both occasions another component was already at a higher severity (ocean state in one case, time of day in the other), so *g*_w activated without ever determining the classification. The honest statement is that sustained wind reaches the Category 1 criterion roughly once every two and a half years at this site and has never been the governing factor — not that wind is irrelevant to the domain, and not that the component is vacuous.","Numeric extraction only; may be citation, date, identifier, illustration or result; semantic inventory incomplete."
publications/active/ipsci-2026/submissions/v3-revision/manuscript-v3.md,Empirical Characterisation,460,not yet mapped: numeric token,21.7,PENDING — SC-3 stopped traceability review,ambiguous,AMBIGUOUS,"*g*_w never determines a classification, though it is not inactive. MET Malaysia's Category 1 onset is 40 km/h, which is 21.598 kn and is specified here as **21.6 kn** at the resolution of the data. Over five years the sea-cell series crosses that boundary **twice** — 21.8 kn and 21.7 kn — against a five-year maximum of 21.8 kn. On both occasions another component was already at a higher severity (ocean state in one case, time of day in the other), so *g*_w activated without ever determining the classification. The honest statement is that sustained wind reaches the Category 1 criterion roughly once every two and a half years at this site and has never been the governing factor — not that wind is irrelevant to the domain, and not that the component is vacuous.","Numeric extraction only; may be citation, date, identifier, illustration or result; semantic inventory incomplete."
publications/active/ipsci-2026/submissions/v3-revision/manuscript-v3.md,Empirical Characterisation,460,not yet mapped: numeric token,21.8,PENDING — SC-3 stopped traceability review,ambiguous,AMBIGUOUS,"*g*_w never determines a classification, though it is not inactive. MET Malaysia's Category 1 onset is 40 km/h, which is 21.598 kn and is specified here as **21.6 kn** at the resolution of the data. Over five years the sea-cell series crosses that boundary **twice** — 21.8 kn and 21.7 kn — against a five-year maximum of 21.8 kn. On both occasions another component was already at a higher severity (ocean state in one case, time of day in the other), so *g*_w activated without ever determining the classification. The honest statement is that sustained wind reaches the Category 1 criterion roughly once every two and a half years at this site and has never been the governing factor — not that wind is irrelevant to the domain, and not that the component is vacuous.","Numeric extraction only; may be citation, date, identifier, illustration or result; semantic inventory incomplete."
publications/active/ipsci-2026/submissions/v3-revision/manuscript-v3.md,Empirical Characterisation,460,not yet mapped: numeric token,1,PENDING — SC-3 stopped traceability review,ambiguous,AMBIGUOUS,"*g*_w never determines a classification, though it is not inactive. MET Malaysia's Category 1 onset is 40 km/h, which is 21.598 kn and is specified here as **21.6 kn** at the resolution of the data. Over five years the sea-cell series crosses that boundary **twice** — 21.8 kn and 21.7 kn — against a five-year maximum of 21.8 kn. On both occasions another component was already at a higher severity (ocean state in one case, time of day in the other), so *g*_w activated without ever determining the classification. The honest statement is that sustained wind reaches the Category 1 criterion roughly once every two and a half years at this site and has never been the governing factor — not that wind is irrelevant to the domain, and not that the component is vacuous.","Numeric extraction only; may be citation, date, identifier, illustration or result; semantic inventory incomplete."
publications/active/ipsci-2026/submissions/v3-revision/manuscript-v3.md,Empirical Characterisation,462,not yet mapped: numeric token,22,PENDING — SC-3 stopped traceability review,ambiguous,AMBIGUOUS,"This distinction was recovered by an audit rather than assumed. The boundary had previously been specified as 22 kn, an undocumented rounding of 21.598 under which both crossings disappear and the component appears never to activate at all. Correcting the threshold to its source value also reversed a registered prediction: the prediction that the corrected wind series would cross the boundary, recorded before the re-collection and initially scored as refuted, is confirmed under the corrected specification. The threshold was wrong, not the prediction. The component is retained: MET's wind criteria exist because those conditions occur in Malaysian waters, and an instantiation of this architecture on an exposed coast would exercise *g*_w routinely.","Numeric extraction only; may be citation, date, identifier, illustration or result; semantic inventory incomplete."
publications/active/ipsci-2026/submissions/v3-revision/manuscript-v3.md,Empirical Characterisation,462,not yet mapped: numeric token,21.598,PENDING — SC-3 stopped traceability review,ambiguous,AMBIGUOUS,"This distinction was recovered by an audit rather than assumed. The boundary had previously been specified as 22 kn, an undocumented rounding of 21.598 under which both crossings disappear and the component appears never to activate at all. Correcting the threshold to its source value also reversed a registered prediction: the prediction that the corrected wind series would cross the boundary, recorded before the re-collection and initially scored as refuted, is confirmed under the corrected specification. The threshold was wrong, not the prediction. The component is retained: MET's wind criteria exist because those conditions occur in Malaysian waters, and an instantiation of this architecture on an exposed coast would exercise *g*_w routinely.","Numeric extraction only; may be citation, date, identifier, illustration or result; semantic inventory incomplete."
publications/active/ipsci-2026/submissions/v3-revision/manuscript-v3.md,Empirical Characterisation,466,not yet mapped: numeric token,5,PENDING — SC-3 stopped traceability review,ambiguous,AMBIGUOUS,"**Result 5 — resolution sensitivity.** The wave height input carries 98.71% of daylight *CAUTION* decisions under the primary configuration (97.66% under the resolution configuration), which makes its spatial resolution material. The two wave models correlate at *r* = 0.953 across 28,501 valid hourly pairs, but differ in the upper tail: the 50 km model produces a five-year maximum of 2.60 m against 1.84 m for the 8 km model, consistent with a coarse cell averaging open water that the finer model resolves as sheltered by the offshore island group. Holding thresholds fixed, the Level 2 binding rate moves from 5.81% at 50 km to 4.48% at 8 km, and daylight *UNSAFE* from 1,262 hours to 455. Every figure in this section is therefore given for both configurations. The direction is consistent: the coarser model classifies more conservatively, because averaging open water inflates the wave heights experienced by vessels operating inside the sheltered zone. Reporting both quantifies the dependence rather than leaving it as an unexamined assumption, and the 1.3-point spread bounds it.","Numeric extraction only; may be citation, date, identifier, illustration or result; semantic inventory incomplete."
publications/active/ipsci-2026/submissions/v3-revision/manuscript-v3.md,Empirical Characterisation,466,not yet mapped: numeric token,98.71%,PENDING — SC-3 stopped traceability review,ambiguous,AMBIGUOUS,"**Result 5 — resolution sensitivity.** The wave height input carries 98.71% of daylight *CAUTION* decisions under the primary configuration (97.66% under the resolution configuration), which makes its spatial resolution material. The two wave models correlate at *r* = 0.953 across 28,501 valid hourly pairs, but differ in the upper tail: the 50 km model produces a five-year maximum of 2.60 m against 1.84 m for the 8 km model, consistent with a coarse cell averaging open water that the finer model resolves as sheltered by the offshore island group. Holding thresholds fixed, the Level 2 binding rate moves from 5.81% at 50 km to 4.48% at 8 km, and daylight *UNSAFE* from 1,262 hours to 455. Every figure in this section is therefore given for both configurations. The direction is consistent: the coarser model classifies more conservatively, because averaging open water inflates the wave heights experienced by vessels operating inside the sheltered zone. Reporting both quantifies the dependence rather than leaving it as an unexamined assumption, and the 1.3-point spread bounds it.","Numeric extraction only; may be citation, date, identifier, illustration or result; semantic inventory incomplete."
publications/active/ipsci-2026/submissions/v3-revision/manuscript-v3.md,Empirical Characterisation,466,not yet mapped: numeric token,97.66%,PENDING — SC-3 stopped traceability review,ambiguous,AMBIGUOUS,"**Result 5 — resolution sensitivity.** The wave height input carries 98.71% of daylight *CAUTION* decisions under the primary configuration (97.66% under the resolution configuration), which makes its spatial resolution material. The two wave models correlate at *r* = 0.953 across 28,501 valid hourly pairs, but differ in the upper tail: the 50 km model produces a five-year maximum of 2.60 m against 1.84 m for the 8 km model, consistent with a coarse cell averaging open water that the finer model resolves as sheltered by the offshore island group. Holding thresholds fixed, the Level 2 binding rate moves from 5.81% at 50 km to 4.48% at 8 km, and daylight *UNSAFE* from 1,262 hours to 455. Every figure in this section is therefore given for both configurations. The direction is consistent: the coarser model classifies more conservatively, because averaging open water inflates the wave heights experienced by vessels operating inside the sheltered zone. Reporting both quantifies the dependence rather than leaving it as an unexamined assumption, and the 1.3-point spread bounds it.","Numeric extraction only; may be citation, date, identifier, illustration or result; semantic inventory incomplete."
publications/active/ipsci-2026/submissions/v3-revision/manuscript-v3.md,Empirical Characterisation,466,not yet mapped: numeric token,0.953,PENDING — SC-3 stopped traceability review,ambiguous,AMBIGUOUS,"**Result 5 — resolution sensitivity.** The wave height input carries 98.71% of daylight *CAUTION* decisions under the primary configuration (97.66% under the resolution configuration), which makes its spatial resolution material. The two wave models correlate at *r* = 0.953 across 28,501 valid hourly pairs, but differ in the upper tail: the 50 km model produces a five-year maximum of 2.60 m against 1.84 m for the 8 km model, consistent with a coarse cell averaging open water that the finer model resolves as sheltered by the offshore island group. Holding thresholds fixed, the Level 2 binding rate moves from 5.81% at 50 km to 4.48% at 8 km, and daylight *UNSAFE* from 1,262 hours to 455. Every figure in this section is therefore given for both configurations. The direction is consistent: the coarser model classifies more conservatively, because averaging open water inflates the wave heights experienced by vessels operating inside the sheltered zone. Reporting both quantifies the dependence rather than leaving it as an unexamined assumption, and the 1.3-point spread bounds it.","Numeric extraction only; may be citation, date, identifier, illustration or result; semantic inventory incomplete."
publications/active/ipsci-2026/submissions/v3-revision/manuscript-v3.md,Empirical Characterisation,466,not yet mapped: numeric token,"28,501",PENDING — SC-3 stopped traceability review,ambiguous,AMBIGUOUS,"**Result 5 — resolution sensitivity.** The wave height input carries 98.71% of daylight *CAUTION* decisions under the primary configuration (97.66% under the resolution configuration), which makes its spatial resolution material. The two wave models correlate at *r* = 0.953 across 28,501 valid hourly pairs, but differ in the upper tail: the 50 km model produces a five-year maximum of 2.60 m against 1.84 m for the 8 km model, consistent with a coarse cell averaging open water that the finer model resolves as sheltered by the offshore island group. Holding thresholds fixed, the Level 2 binding rate moves from 5.81% at 50 km to 4.48% at 8 km, and daylight *UNSAFE* from 1,262 hours to 455. Every figure in this section is therefore given for both configurations. The direction is consistent: the coarser model classifies more conservatively, because averaging open water inflates the wave heights experienced by vessels operating inside the sheltered zone. Reporting both quantifies the dependence rather than leaving it as an unexamined assumption, and the 1.3-point spread bounds it.","Numeric extraction only; may be citation, date, identifier, illustration or result; semantic inventory incomplete."
publications/active/ipsci-2026/submissions/v3-revision/manuscript-v3.md,Empirical Characterisation,466,not yet mapped: numeric token,50,PENDING — SC-3 stopped traceability review,ambiguous,AMBIGUOUS,"**Result 5 — resolution sensitivity.** The wave height input carries 98.71% of daylight *CAUTION* decisions under the primary configuration (97.66% under the resolution configuration), which makes its spatial resolution material. The two wave models correlate at *r* = 0.953 across 28,501 valid hourly pairs, but differ in the upper tail: the 50 km model produces a five-year maximum of 2.60 m against 1.84 m for the 8 km model, consistent with a coarse cell averaging open water that the finer model resolves as sheltered by the offshore island group. Holding thresholds fixed, the Level 2 binding rate moves from 5.81% at 50 km to 4.48% at 8 km, and daylight *UNSAFE* from 1,262 hours to 455. Every figure in this section is therefore given for both configurations. The direction is consistent: the coarser model classifies more conservatively, because averaging open water inflates the wave heights experienced by vessels operating inside the sheltered zone. Reporting both quantifies the dependence rather than leaving it as an unexamined assumption, and the 1.3-point spread bounds it.","Numeric extraction only; may be citation, date, identifier, illustration or result; semantic inventory incomplete."
publications/active/ipsci-2026/submissions/v3-revision/manuscript-v3.md,Empirical Characterisation,466,not yet mapped: numeric token,2.60,PENDING — SC-3 stopped traceability review,ambiguous,AMBIGUOUS,"**Result 5 — resolution sensitivity.** The wave height input carries 98.71% of daylight *CAUTION* decisions under the primary configuration (97.66% under the resolution configuration), which makes its spatial resolution material. The two wave models correlate at *r* = 0.953 across 28,501 valid hourly pairs, but differ in the upper tail: the 50 km model produces a five-year maximum of 2.60 m against 1.84 m for the 8 km model, consistent with a coarse cell averaging open water that the finer model resolves as sheltered by the offshore island group. Holding thresholds fixed, the Level 2 binding rate moves from 5.81% at 50 km to 4.48% at 8 km, and daylight *UNSAFE* from 1,262 hours to 455. Every figure in this section is therefore given for both configurations. The direction is consistent: the coarser model classifies more conservatively, because averaging open water inflates the wave heights experienced by vessels operating inside the sheltered zone. Reporting both quantifies the dependence rather than leaving it as an unexamined assumption, and the 1.3-point spread bounds it.","Numeric extraction only; may be citation, date, identifier, illustration or result; semantic inventory incomplete."
publications/active/ipsci-2026/submissions/v3-revision/manuscript-v3.md,Empirical Characterisation,466,not yet mapped: numeric token,1.84,PENDING — SC-3 stopped traceability review,ambiguous,AMBIGUOUS,"**Result 5 — resolution sensitivity.** The wave height input carries 98.71% of daylight *CAUTION* decisions under the primary configuration (97.66% under the resolution configuration), which makes its spatial resolution material. The two wave models correlate at *r* = 0.953 across 28,501 valid hourly pairs, but differ in the upper tail: the 50 km model produces a five-year maximum of 2.60 m against 1.84 m for the 8 km model, consistent with a coarse cell averaging open water that the finer model resolves as sheltered by the offshore island group. Holding thresholds fixed, the Level 2 binding rate moves from 5.81% at 50 km to 4.48% at 8 km, and daylight *UNSAFE* from 1,262 hours to 455. Every figure in this section is therefore given for both configurations. The direction is consistent: the coarser model classifies more conservatively, because averaging open water inflates the wave heights experienced by vessels operating inside the sheltered zone. Reporting both quantifies the dependence rather than leaving it as an unexamined assumption, and the 1.3-point spread bounds it.","Numeric extraction only; may be citation, date, identifier, illustration or result; semantic inventory incomplete."
publications/active/ipsci-2026/submissions/v3-revision/manuscript-v3.md,Empirical Characterisation,466,not yet mapped: numeric token,8,PENDING — SC-3 stopped traceability review,ambiguous,AMBIGUOUS,"**Result 5 — resolution sensitivity.** The wave height input carries 98.71% of daylight *CAUTION* decisions under the primary configuration (97.66% under the resolution configuration), which makes its spatial resolution material. The two wave models correlate at *r* = 0.953 across 28,501 valid hourly pairs, but differ in the upper tail: the 50 km model produces a five-year maximum of 2.60 m against 1.84 m for the 8 km model, consistent with a coarse cell averaging open water that the finer model resolves as sheltered by the offshore island group. Holding thresholds fixed, the Level 2 binding rate moves from 5.81% at 50 km to 4.48% at 8 km, and daylight *UNSAFE* from 1,262 hours to 455. Every figure in this section is therefore given for both configurations. The direction is consistent: the coarser model classifies more conservatively, because averaging open water inflates the wave heights experienced by vessels operating inside the sheltered zone. Reporting both quantifies the dependence rather than leaving it as an unexamined assumption, and the 1.3-point spread bounds it.","Numeric extraction only; may be citation, date, identifier, illustration or result; semantic inventory incomplete."
publications/active/ipsci-2026/submissions/v3-revision/manuscript-v3.md,Empirical Characterisation,466,not yet mapped: numeric token,2,PENDING — SC-3 stopped traceability review,ambiguous,AMBIGUOUS,"**Result 5 — resolution sensitivity.** The wave height input carries 98.71% of daylight *CAUTION* decisions under the primary configuration (97.66% under the resolution configuration), which makes its spatial resolution material. The two wave models correlate at *r* = 0.953 across 28,501 valid hourly pairs, but differ in the upper tail: the 50 km model produces a five-year maximum of 2.60 m against 1.84 m for the 8 km model, consistent with a coarse cell averaging open water that the finer model resolves as sheltered by the offshore island group. Holding thresholds fixed, the Level 2 binding rate moves from 5.81% at 50 km to 4.48% at 8 km, and daylight *UNSAFE* from 1,262 hours to 455. Every figure in this section is therefore given for both configurations. The direction is consistent: the coarser model classifies more conservatively, because averaging open water inflates the wave heights experienced by vessels operating inside the sheltered zone. Reporting both quantifies the dependence rather than leaving it as an unexamined assumption, and the 1.3-point spread bounds it.","Numeric extraction only; may be citation, date, identifier, illustration or result; semantic inventory incomplete."
publications/active/ipsci-2026/submissions/v3-revision/manuscript-v3.md,Empirical Characterisation,466,not yet mapped: numeric token,5.81%,PENDING — SC-3 stopped traceability review,ambiguous,AMBIGUOUS,"**Result 5 — resolution sensitivity.** The wave height input carries 98.71% of daylight *CAUTION* decisions under the primary configuration (97.66% under the resolution configuration), which makes its spatial resolution material. The two wave models correlate at *r* = 0.953 across 28,501 valid hourly pairs, but differ in the upper tail: the 50 km model produces a five-year maximum of 2.60 m against 1.84 m for the 8 km model, consistent with a coarse cell averaging open water that the finer model resolves as sheltered by the offshore island group. Holding thresholds fixed, the Level 2 binding rate moves from 5.81% at 50 km to 4.48% at 8 km, and daylight *UNSAFE* from 1,262 hours to 455. Every figure in this section is therefore given for both configurations. The direction is consistent: the coarser model classifies more conservatively, because averaging open water inflates the wave heights experienced by vessels operating inside the sheltered zone. Reporting both quantifies the dependence rather than leaving it as an unexamined assumption, and the 1.3-point spread bounds it.","Numeric extraction only; may be citation, date, identifier, illustration or result; semantic inventory incomplete."
publications/active/ipsci-2026/submissions/v3-revision/manuscript-v3.md,Empirical Characterisation,466,not yet mapped: numeric token,50,PENDING — SC-3 stopped traceability review,ambiguous,AMBIGUOUS,"**Result 5 — resolution sensitivity.** The wave height input carries 98.71% of daylight *CAUTION* decisions under the primary configuration (97.66% under the resolution configuration), which makes its spatial resolution material. The two wave models correlate at *r* = 0.953 across 28,501 valid hourly pairs, but differ in the upper tail: the 50 km model produces a five-year maximum of 2.60 m against 1.84 m for the 8 km model, consistent with a coarse cell averaging open water that the finer model resolves as sheltered by the offshore island group. Holding thresholds fixed, the Level 2 binding rate moves from 5.81% at 50 km to 4.48% at 8 km, and daylight *UNSAFE* from 1,262 hours to 455. Every figure in this section is therefore given for both configurations. The direction is consistent: the coarser model classifies more conservatively, because averaging open water inflates the wave heights experienced by vessels operating inside the sheltered zone. Reporting both quantifies the dependence rather than leaving it as an unexamined assumption, and the 1.3-point spread bounds it.","Numeric extraction only; may be citation, date, identifier, illustration or result; semantic inventory incomplete."
publications/active/ipsci-2026/submissions/v3-revision/manuscript-v3.md,Empirical Characterisation,466,not yet mapped: numeric token,4.48%,PENDING — SC-3 stopped traceability review,ambiguous,AMBIGUOUS,"**Result 5 — resolution sensitivity.** The wave height input carries 98.71% of daylight *CAUTION* decisions under the primary configuration (97.66% under the resolution configuration), which makes its spatial resolution material. The two wave models correlate at *r* = 0.953 across 28,501 valid hourly pairs, but differ in the upper tail: the 50 km model produces a five-year maximum of 2.60 m against 1.84 m for the 8 km model, consistent with a coarse cell averaging open water that the finer model resolves as sheltered by the offshore island group. Holding thresholds fixed, the Level 2 binding rate moves from 5.81% at 50 km to 4.48% at 8 km, and daylight *UNSAFE* from 1,262 hours to 455. Every figure in this section is therefore given for both configurations. The direction is consistent: the coarser model classifies more conservatively, because averaging open water inflates the wave heights experienced by vessels operating inside the sheltered zone. Reporting both quantifies the dependence rather than leaving it as an unexamined assumption, and the 1.3-point spread bounds it.","Numeric extraction only; may be citation, date, identifier, illustration or result; semantic inventory incomplete."
publications/active/ipsci-2026/submissions/v3-revision/manuscript-v3.md,Empirical Characterisation,466,not yet mapped: numeric token,8,PENDING — SC-3 stopped traceability review,ambiguous,AMBIGUOUS,"**Result 5 — resolution sensitivity.** The wave height input carries 98.71% of daylight *CAUTION* decisions under the primary configuration (97.66% under the resolution configuration), which makes its spatial resolution material. The two wave models correlate at *r* = 0.953 across 28,501 valid hourly pairs, but differ in the upper tail: the 50 km model produces a five-year maximum of 2.60 m against 1.84 m for the 8 km model, consistent with a coarse cell averaging open water that the finer model resolves as sheltered by the offshore island group. Holding thresholds fixed, the Level 2 binding rate moves from 5.81% at 50 km to 4.48% at 8 km, and daylight *UNSAFE* from 1,262 hours to 455. Every figure in this section is therefore given for both configurations. The direction is consistent: the coarser model classifies more conservatively, because averaging open water inflates the wave heights experienced by vessels operating inside the sheltered zone. Reporting both quantifies the dependence rather than leaving it as an unexamined assumption, and the 1.3-point spread bounds it.","Numeric extraction only; may be citation, date, identifier, illustration or result; semantic inventory incomplete."
publications/active/ipsci-2026/submissions/v3-revision/manuscript-v3.md,Empirical Characterisation,466,not yet mapped: numeric token,"1,262",PENDING — SC-3 stopped traceability review,ambiguous,AMBIGUOUS,"**Result 5 — resolution sensitivity.** The wave height input carries 98.71% of daylight *CAUTION* decisions under the primary configuration (97.66% under the resolution configuration), which makes its spatial resolution material. The two wave models correlate at *r* = 0.953 across 28,501 valid hourly pairs, but differ in the upper tail: the 50 km model produces a five-year maximum of 2.60 m against 1.84 m for the 8 km model, consistent with a coarse cell averaging open water that the finer model resolves as sheltered by the offshore island group. Holding thresholds fixed, the Level 2 binding rate moves from 5.81% at 50 km to 4.48% at 8 km, and daylight *UNSAFE* from 1,262 hours to 455. Every figure in this section is therefore given for both configurations. The direction is consistent: the coarser model classifies more conservatively, because averaging open water inflates the wave heights experienced by vessels operating inside the sheltered zone. Reporting both quantifies the dependence rather than leaving it as an unexamined assumption, and the 1.3-point spread bounds it.","Numeric extraction only; may be citation, date, identifier, illustration or result; semantic inventory incomplete."
publications/active/ipsci-2026/submissions/v3-revision/manuscript-v3.md,Empirical Characterisation,466,not yet mapped: numeric token,455,PENDING — SC-3 stopped traceability review,ambiguous,AMBIGUOUS,"**Result 5 — resolution sensitivity.** The wave height input carries 98.71% of daylight *CAUTION* decisions under the primary configuration (97.66% under the resolution configuration), which makes its spatial resolution material. The two wave models correlate at *r* = 0.953 across 28,501 valid hourly pairs, but differ in the upper tail: the 50 km model produces a five-year maximum of 2.60 m against 1.84 m for the 8 km model, consistent with a coarse cell averaging open water that the finer model resolves as sheltered by the offshore island group. Holding thresholds fixed, the Level 2 binding rate moves from 5.81% at 50 km to 4.48% at 8 km, and daylight *UNSAFE* from 1,262 hours to 455. Every figure in this section is therefore given for both configurations. The direction is consistent: the coarser model classifies more conservatively, because averaging open water inflates the wave heights experienced by vessels operating inside the sheltered zone. Reporting both quantifies the dependence rather than leaving it as an unexamined assumption, and the 1.3-point spread bounds it.","Numeric extraction only; may be citation, date, identifier, illustration or result; semantic inventory incomplete."
publications/active/ipsci-2026/submissions/v3-revision/manuscript-v3.md,Empirical Characterisation,466,not yet mapped: numeric token,1.3,PENDING — SC-3 stopped traceability review,ambiguous,AMBIGUOUS,"**Result 5 — resolution sensitivity.** The wave height input carries 98.71% of daylight *CAUTION* decisions under the primary configuration (97.66% under the resolution configuration), which makes its spatial resolution material. The two wave models correlate at *r* = 0.953 across 28,501 valid hourly pairs, but differ in the upper tail: the 50 km model produces a five-year maximum of 2.60 m against 1.84 m for the 8 km model, consistent with a coarse cell averaging open water that the finer model resolves as sheltered by the offshore island group. Holding thresholds fixed, the Level 2 binding rate moves from 5.81% at 50 km to 4.48% at 8 km, and daylight *UNSAFE* from 1,262 hours to 455. Every figure in this section is therefore given for both configurations. The direction is consistent: the coarser model classifies more conservatively, because averaging open water inflates the wave heights experienced by vessels operating inside the sheltered zone. Reporting both quantifies the dependence rather than leaving it as an unexamined assumption, and the 1.3-point spread bounds it.","Numeric extraction only; may be citation, date, identifier, illustration or result; semantic inventory incomplete."
publications/active/ipsci-2026/submissions/v3-revision/manuscript-v3.md,Empirical Characterisation,468,not yet mapped: numeric token,6,PENDING — SC-3 stopped traceability review,ambiguous,AMBIGUOUS,"**Result 6 — the closest precedent is output-equivalent to a binary gate (TABLE VII).** The review's central claim is that no existing architecture restricts advisory scope as a function of classified safety state. That claim can be tested rather than asserted. Four conditions were run over the same record: **C0** ungated, with the full recommendation set at every hour; **C1** binary-gated, where *G*(*S*) controls participation and scope is never restricted while the AI is active; **C3** a traffic-light baseline in the manner of Flehmig et al. [7], the closest structural precedent identified in the review, in which the AI remains the active component at both the green and intermediate levels with unchanged scope and is replaced by a non-AI backup only at the red level; and **C2** the proposed architecture. The metric is admissible-set divergence: for each hour, whether two conditions permit the same set of recommendation types. This is a property of the governance layer and does not require the reasoning engine.","Numeric extraction only; may be citation, date, identifier, illustration or result; semantic inventory incomplete."
publications/active/ipsci-2026/submissions/v3-revision/manuscript-v3.md,Empirical Characterisation,468,not yet mapped: numeric token,7,PENDING — SC-3 stopped traceability review,ambiguous,AMBIGUOUS,"**Result 6 — the closest precedent is output-equivalent to a binary gate (TABLE VII).** The review's central claim is that no existing architecture restricts advisory scope as a function of classified safety state. That claim can be tested rather than asserted. Four conditions were run over the same record: **C0** ungated, with the full recommendation set at every hour; **C1** binary-gated, where *G*(*S*) controls participation and scope is never restricted while the AI is active; **C3** a traffic-light baseline in the manner of Flehmig et al. [7], the closest structural precedent identified in the review, in which the AI remains the active component at both the green and intermediate levels with unchanged scope and is replaced by a non-AI backup only at the red level; and **C2** the proposed architecture. The metric is admissible-set divergence: for each hour, whether two conditions permit the same set of recommendation types. This is a property of the governance layer and does not require the reasoning engine.","Numeric extraction only; may be citation, date, identifier, illustration or result; semantic inventory incomplete."
publications/active/ipsci-2026/submissions/v3-revision/manuscript-v3.md,Empirical Characterisation,470,not yet mapped: numeric token,05,PENDING — SC-3 stopped traceability review,ambiguous,AMBIGUOUS,"**TABLE VII.** Admissible-set divergence between conditions, departure window 05:00–09:00, small vessel, primary configuration (9,133 hours). The resolution configuration gives the same structure with Level 2 at 4.48%.","Numeric extraction only; may be citation, date, identifier, illustration or result; semantic inventory incomplete."
publications/active/ipsci-2026/submissions/v3-revision/manuscript-v3.md,Empirical Characterisation,470,not yet mapped: numeric token,00,PENDING — SC-3 stopped traceability review,ambiguous,AMBIGUOUS,"**TABLE VII.** Admissible-set divergence between conditions, departure window 05:00–09:00, small vessel, primary configuration (9,133 hours). The resolution configuration gives the same structure with Level 2 at 4.48%.","Numeric extraction only; may be citation, date, identifier, illustration or result; semantic inventory incomplete."
publications/active/ipsci-2026/submissions/v3-revision/manuscript-v3.md,Empirical Characterisation,470,not yet mapped: numeric token,09,PENDING — SC-3 stopped traceability review,ambiguous,AMBIGUOUS,"**TABLE VII.** Admissible-set divergence between conditions, departure window 05:00–09:00, small vessel, primary configuration (9,133 hours). The resolution configuration gives the same structure with Level 2 at 4.48%.","Numeric extraction only; may be citation, date, identifier, illustration or result; semantic inventory incomplete."
publications/active/ipsci-2026/submissions/v3-revision/manuscript-v3.md,Empirical Characterisation,470,not yet mapped: numeric token,00,PENDING — SC-3 stopped traceability review,ambiguous,AMBIGUOUS,"**TABLE VII.** Admissible-set divergence between conditions, departure window 05:00–09:00, small vessel, primary configuration (9,133 hours). The resolution configuration gives the same structure with Level 2 at 4.48%.","Numeric extraction only; may be citation, date, identifier, illustration or result; semantic inventory incomplete."
publications/active/ipsci-2026/submissions/v3-revision/manuscript-v3.md,Empirical Characterisation,470,not yet mapped: numeric token,"9,133",PENDING — SC-3 stopped traceability review,ambiguous,AMBIGUOUS,"**TABLE VII.** Admissible-set divergence between conditions, departure window 05:00–09:00, small vessel, primary configuration (9,133 hours). The resolution configuration gives the same structure with Level 2 at 4.48%.","Numeric extraction only; may be citation, date, identifier, illustration or result; semantic inventory incomplete."
publications/active/ipsci-2026/submissions/v3-revision/manuscript-v3.md,Empirical Characterisation,470,not yet mapped: numeric token,2,PENDING — SC-3 stopped traceability review,ambiguous,AMBIGUOUS,"**TABLE VII.** Admissible-set divergence between conditions, departure window 05:00–09:00, small vessel, primary configuration (9,133 hours). The resolution configuration gives the same structure with Level 2 at 4.48%.","Numeric extraction only; may be citation, date, identifier, illustration or result; semantic inventory incomplete."
publications/active/ipsci-2026/submissions/v3-revision/manuscript-v3.md,Empirical Characterisation,470,not yet mapped: numeric token,4.48%,PENDING — SC-3 stopped traceability review,ambiguous,AMBIGUOUS,"**TABLE VII.** Admissible-set divergence between conditions, departure window 05:00–09:00, small vessel, primary configuration (9,133 hours). The resolution configuration gives the same structure with Level 2 at 4.48%.","Numeric extraction only; may be citation, date, identifier, illustration or result; semantic inventory incomplete."
publications/active/ipsci-2026/submissions/v3-revision/manuscript-v3.md,Empirical Characterisation,474,not yet mapped: numeric token,24.64%,PENDING — SC-3 stopped traceability review,ambiguous,AMBIGUOUS,| **C0 ungated** | — | 24.64% | 24.64% | 32.36% |,"Numeric extraction only; may be citation, date, identifier, illustration or result; semantic inventory incomplete."
publications/active/ipsci-2026/submissions/v3-revision/manuscript-v3.md,Empirical Characterisation,474,not yet mapped: numeric token,24.64%,PENDING — SC-3 stopped traceability review,ambiguous,AMBIGUOUS,| **C0 ungated** | — | 24.64% | 24.64% | 32.36% |,"Numeric extraction only; may be citation, date, identifier, illustration or result; semantic inventory incomplete."
publications/active/ipsci-2026/submissions/v3-revision/manuscript-v3.md,Empirical Characterisation,474,not yet mapped: numeric token,32.36%,PENDING — SC-3 stopped traceability review,ambiguous,AMBIGUOUS,| **C0 ungated** | — | 24.64% | 24.64% | 32.36% |,"Numeric extraction only; may be citation, date, identifier, illustration or result; semantic inventory incomplete."
publications/active/ipsci-2026/submissions/v3-revision/manuscript-v3.md,Empirical Characterisation,475,not yet mapped: numeric token,42.88%,PENDING — SC-3 stopped traceability review,ambiguous,AMBIGUOUS,| **C1 binary** | 42.88% | — | **0.00%** | 5.81% |,"Numeric extraction only; may be citation, date, identifier, illustration or result; semantic inventory incomplete."
publications/active/ipsci-2026/submissions/v3-revision/manuscript-v3.md,Empirical Characterisation,475,not yet mapped: numeric token,0.00%,PENDING — SC-3 stopped traceability review,ambiguous,AMBIGUOUS,| **C1 binary** | 42.88% | — | **0.00%** | 5.81% |,"Numeric extraction only; may be citation, date, identifier, illustration or result; semantic inventory incomplete."
publications/active/ipsci-2026/submissions/v3-revision/manuscript-v3.md,Empirical Characterisation,475,not yet mapped: numeric token,5.81%,PENDING — SC-3 stopped traceability review,ambiguous,AMBIGUOUS,| **C1 binary** | 42.88% | — | **0.00%** | 5.81% |,"Numeric extraction only; may be citation, date, identifier, illustration or result; semantic inventory incomplete."
publications/active/ipsci-2026/submissions/v3-revision/manuscript-v3.md,Empirical Characterisation,476,not yet mapped: numeric token,42.88%,PENDING — SC-3 stopped traceability review,ambiguous,AMBIGUOUS,| **C3 traffic-light** | 42.88% | 0.00% | — | 5.81% |,"Numeric extraction only; may be citation, date, identifier, illustration or result; semantic inventory incomplete."
publications/active/ipsci-2026/submissions/v3-revision/manuscript-v3.md,Empirical Characterisation,476,not yet mapped: numeric token,0.00%,PENDING — SC-3 stopped traceability review,ambiguous,AMBIGUOUS,| **C3 traffic-light** | 42.88% | 0.00% | — | 5.81% |,"Numeric extraction only; may be citation, date, identifier, illustration or result; semantic inventory incomplete."
publications/active/ipsci-2026/submissions/v3-revision/manuscript-v3.md,Empirical Characterisation,476,not yet mapped: numeric token,5.81%,PENDING — SC-3 stopped traceability review,ambiguous,AMBIGUOUS,| **C3 traffic-light** | 42.88% | 0.00% | — | 5.81% |,"Numeric extraction only; may be citation, date, identifier, illustration or result; semantic inventory incomplete."
publications/active/ipsci-2026/submissions/v3-revision/manuscript-v3.md,Empirical Characterisation,477,not yet mapped: numeric token,48.69%,PENDING — SC-3 stopped traceability review,ambiguous,AMBIGUOUS,| **C2 proposed** | 48.69% | 5.81% | 5.81% | — |,"Numeric extraction only; may be citation, date, identifier, illustration or result; semantic inventory incomplete."
publications/active/ipsci-2026/submissions/v3-revision/manuscript-v3.md,Empirical Characterisation,477,not yet mapped: numeric token,5.81%,PENDING — SC-3 stopped traceability review,ambiguous,AMBIGUOUS,| **C2 proposed** | 48.69% | 5.81% | 5.81% | — |,"Numeric extraction only; may be citation, date, identifier, illustration or result; semantic inventory incomplete."
publications/active/ipsci-2026/submissions/v3-revision/manuscript-v3.md,Empirical Characterisation,477,not yet mapped: numeric token,5.81%,PENDING — SC-3 stopped traceability review,ambiguous,AMBIGUOUS,| **C2 proposed** | 48.69% | 5.81% | 5.81% | — |,"Numeric extraction only; may be citation, date, identifier, illustration or result; semantic inventory incomplete."
publications/active/ipsci-2026/submissions/v3-revision/manuscript-v3.md,Empirical Characterisation,479,not yet mapped: numeric token,0.00%,PENDING — SC-3 stopped traceability review,ambiguous,AMBIGUOUS,"**C3 and C1 never diverge — 0.00% in both configurations, across every hour of both records, and 0.00% within the departure window in each.** The result does not move with the wave model because it is a property of the mapping from classification to admissible set, not of the data. A three-level classification whose intermediate level governs supervisory response rather than advisory scope produces, at the AI output, exactly what a two-level gate produces. The third level is not observable in what the system is permitted to recommend. This is the review's claim restated as a measurement: the gap is structural, not a matter of degree.","Numeric extraction only; may be citation, date, identifier, illustration or result; semantic inventory incomplete."
publications/active/ipsci-2026/submissions/v3-revision/manuscript-v3.md,Empirical Characterisation,479,not yet mapped: numeric token,0.00%,PENDING — SC-3 stopped traceability review,ambiguous,AMBIGUOUS,"**C3 and C1 never diverge — 0.00% in both configurations, across every hour of both records, and 0.00% within the departure window in each.** The result does not move with the wave model because it is a property of the mapping from classification to admissible set, not of the data. A three-level classification whose intermediate level governs supervisory response rather than advisory scope produces, at the AI output, exactly what a two-level gate produces. The third level is not observable in what the system is permitted to recommend. This is the review's claim restated as a measurement: the gap is structural, not a matter of degree.","Numeric extraction only; may be citation, date, identifier, illustration or result; semantic inventory incomplete."
publications/active/ipsci-2026/submissions/v3-revision/manuscript-v3.md,Empirical Characterisation,481,not yet mapped: numeric token,42.88%,PENDING — SC-3 stopped traceability review,ambiguous,AMBIGUOUS,"The comparison also isolates the two governance levels. C0 against C1 differs on 42.88% of departure hours, which is the contribution of the participation gate alone. C0 against C2 differs on 48.69%. The **5.81% difference between them is attributable to Level 2 alone** (4.48% under the resolution configuration) — advisory scope restriction, operating in hours where every other condition, including the traffic-light baseline, leaves the full recommendation set available.","Numeric extraction only; may be citation, date, identifier, illustration or result; semantic inventory incomplete."
publications/active/ipsci-2026/submissions/v3-revision/manuscript-v3.md,Empirical Characterisation,481,not yet mapped: numeric token,48.69%,PENDING — SC-3 stopped traceability review,ambiguous,AMBIGUOUS,"The comparison also isolates the two governance levels. C0 against C1 differs on 42.88% of departure hours, which is the contribution of the participation gate alone. C0 against C2 differs on 48.69%. The **5.81% difference between them is attributable to Level 2 alone** (4.48% under the resolution configuration) — advisory scope restriction, operating in hours where every other condition, including the traffic-light baseline, leaves the full recommendation set available.","Numeric extraction only; may be citation, date, identifier, illustration or result; semantic inventory incomplete."
publications/active/ipsci-2026/submissions/v3-revision/manuscript-v3.md,Empirical Characterisation,481,not yet mapped: numeric token,5.81%,PENDING — SC-3 stopped traceability review,ambiguous,AMBIGUOUS,"The comparison also isolates the two governance levels. C0 against C1 differs on 42.88% of departure hours, which is the contribution of the participation gate alone. C0 against C2 differs on 48.69%. The **5.81% difference between them is attributable to Level 2 alone** (4.48% under the resolution configuration) — advisory scope restriction, operating in hours where every other condition, including the traffic-light baseline, leaves the full recommendation set available.","Numeric extraction only; may be citation, date, identifier, illustration or result; semantic inventory incomplete."
publications/active/ipsci-2026/submissions/v3-revision/manuscript-v3.md,Empirical Characterisation,481,not yet mapped: numeric token,2,PENDING — SC-3 stopped traceability review,ambiguous,AMBIGUOUS,"The comparison also isolates the two governance levels. C0 against C1 differs on 42.88% of departure hours, which is the contribution of the participation gate alone. C0 against C2 differs on 48.69%. The **5.81% difference between them is attributable to Level 2 alone** (4.48% under the resolution configuration) — advisory scope restriction, operating in hours where every other condition, including the traffic-light baseline, leaves the full recommendation set available.","Numeric extraction only; may be citation, date, identifier, illustration or result; semantic inventory incomplete."
publications/active/ipsci-2026/submissions/v3-revision/manuscript-v3.md,Empirical Characterisation,481,not yet mapped: numeric token,4.48%,PENDING — SC-3 stopped traceability review,ambiguous,AMBIGUOUS,"The comparison also isolates the two governance levels. C0 against C1 differs on 42.88% of departure hours, which is the contribution of the participation gate alone. C0 against C2 differs on 48.69%. The **5.81% difference between them is attributable to Level 2 alone** (4.48% under the resolution configuration) — advisory scope restriction, operating in hours where every other condition, including the traffic-light baseline, leaves the full recommendation set available.","Numeric extraction only; may be citation, date, identifier, illustration or result; semantic inventory incomplete."
publications/active/ipsci-2026/submissions/v3-revision/manuscript-v3.md,Empirical Characterisation,485,not yet mapped: numeric token,7.7%,PENDING — SC-3 stopped traceability review,ambiguous,AMBIGUOUS,"**What these results do not establish.** No incident record exists for the deployment site — no accident reports, no capsizings, no near-misses against which classifications could be scored. This is a **characterisation, not a validation**: the results establish that the architecture would have restricted advisory scope on 7.7% of departure mornings, and not that those were the correct mornings to restrict. Establishing correctness would require outcome data that does not exist for this site, and no further environmental data collection can substitute for it. The formal guarantees in Section IV are unaffected, since they are proved from the structure of the governance pair rather than from threshold values; what remains unvalidated is the domain instantiation, not the architecture.","Numeric extraction only; may be citation, date, identifier, illustration or result; semantic inventory incomplete."
publications/active/ipsci-2026/submissions/v3-revision/manuscript-v3.md,Generalisation,489,not yet mapped: numeric token,1,PENDING — SC-3 stopped traceability review,ambiguous,AMBIGUOUS,"The architecture is domain-independent at the structural level. Three steps instantiate it for any new domain: (1) define *E* — the observable parameters relevant to that domain's risk classification; (2) define *S* = *f*(*E*) — per-component threshold functions and worst-case aggregation over the domain-relevant risk dimensions; (3) define *R* and *A*_AI(*S*) — the recommendation type space and the admissible subsets per safety state. The formal properties proved in Section IV — Totality, Monotonicity, and Safety Dominance — transfer automatically to any correct instantiation, because they are proved from the structure of the governance pair rather than from the fisheries-specific values.","Numeric extraction only; may be citation, date, identifier, illustration or result; semantic inventory incomplete."
publications/active/ipsci-2026/submissions/v3-revision/manuscript-v3.md,Generalisation,489,not yet mapped: numeric token,2,PENDING — SC-3 stopped traceability review,ambiguous,AMBIGUOUS,"The architecture is domain-independent at the structural level. Three steps instantiate it for any new domain: (1) define *E* — the observable parameters relevant to that domain's risk classification; (2) define *S* = *f*(*E*) — per-component threshold functions and worst-case aggregation over the domain-relevant risk dimensions; (3) define *R* and *A*_AI(*S*) — the recommendation type space and the admissible subsets per safety state. The formal properties proved in Section IV — Totality, Monotonicity, and Safety Dominance — transfer automatically to any correct instantiation, because they are proved from the structure of the governance pair rather than from the fisheries-specific values.","Numeric extraction only; may be citation, date, identifier, illustration or result; semantic inventory incomplete."
publications/active/ipsci-2026/submissions/v3-revision/manuscript-v3.md,Generalisation,489,not yet mapped: numeric token,3,PENDING — SC-3 stopped traceability review,ambiguous,AMBIGUOUS,"The architecture is domain-independent at the structural level. Three steps instantiate it for any new domain: (1) define *E* — the observable parameters relevant to that domain's risk classification; (2) define *S* = *f*(*E*) — per-component threshold functions and worst-case aggregation over the domain-relevant risk dimensions; (3) define *R* and *A*_AI(*S*) — the recommendation type space and the admissible subsets per safety state. The formal properties proved in Section IV — Totality, Monotonicity, and Safety Dominance — transfer automatically to any correct instantiation, because they are proved from the structure of the governance pair rather than from the fisheries-specific values.","Numeric extraction only; may be citation, date, identifier, illustration or result; semantic inventory incomplete."
publications/active/ipsci-2026/submissions/v3-revision/manuscript-v3.md,Generalisation,495,not yet mapped: numeric token,19,PENDING — SC-3 stopped traceability review,ambiguous,AMBIGUOUS,"| Emergency triage [19] | Patient acuity, resource availability, staffing level | Restrict to {Triage, Refer} — withhold specific treatment protocols under resource scarcity |","Numeric extraction only; may be citation, date, identifier, illustration or result; semantic inventory incomplete."
publications/active/ipsci-2026/submissions/v3-revision/manuscript-v3.md,Generalisation,496,not yet mapped: numeric token,21,PENDING — SC-3 stopped traceability review,ambiguous,AMBIGUOUS,"| Industrial/transportation safety [21] | Equipment state, worker proximity, ambient hazard | Restrict to {Stop, Alert} — withhold specific procedural steps under elevated hazard |","Numeric extraction only; may be citation, date, identifier, illustration or result; semantic inventory incomplete."
publications/active/ipsci-2026/submissions/v3-revision/manuscript-v3.md,Deployment Challenges and Limitations,504,not yet mapped: numeric token,1,PENDING — SC-3 stopped traceability review,ambiguous,AMBIGUOUS,"Four deployment challenges are anticipated in the target context. **Connectivity.** The architecture is designed offline-first: the governance classifier f(E) and reasoning engine RS(S) must operate without real-time API access. Environmental data may be pre-cached or sourced from local sensors. The fail-safe rule — if any component resolves to ⊥, f(E) = UNSAFE — ensures graceful degradation when a data feed is unavailable; the system defaults to the most restrictive governance state rather than failing open. This is a **derived corollary** of operational totality (Theorem C.1b), not a separate pre-condition check: ⊥ classifies UNSAFE and UNSAFE is maximal under the severity order, so the fail-safe follows from the aggregation rule itself. A permanently unavailable data source is treated differently — as a **declared scope exclusion** rather than a continuous fault — because treating it as a fault would classify every hour UNSAFE and make the system unusable. **Hardware constraints.** The target deployment hardware is commodity smartphones or low-cost single-board computers (under USD 50). The O(1) governance layer and O(n) rule engine both execute without GPU or cloud compute, and the storage footprint for RS(SAFE) and RS(CAUTION) is minimal. **Threshold maintenance.** Classification thresholds (g_w, g_o, and others) are anchored to MET Malaysia published criteria. As climate patterns shift or MET Malaysia revises its warning thresholds, the gᵢ definitions and corresponding RS(S) must be recalibrated. Any recalibration must preserve the containment property A_AI(SAFE) ⊃ A_AI(CAUTION) ⊃ A_AI(UNSAFE) = ∅, which is a structural constraint on the recalibration process rather than a property of the thresholds themselves. **Mode-chattering.** At classification boundaries, rapid oscillation of S would in principle produce unstable advisory output, and dual-threshold hysteresis is the standard mitigation: a transition from SAFE to CAUTION requires exceedance of the upper threshold, and the return transition requires recovery below a lower one. **Measured against five years of hourly environmental data at the deployment site, this concern is not borne out.** Of 5,416 state transitions, 95.8% are scheduled clock events at the time-of-day boundaries; only 227 are condition-driven, and genuine A→B→A round trips within three hours number 70 across the whole period — fourteen per year. Adding dual-threshold hysteresis with a 10% return margin reduces condition-driven transitions by 6.2%. Hysteresis is therefore retained as a low-cost precaution rather than a demonstrated necessity. This result is bounded by the hourly resolution of the data: sub-hourly oscillation is invisible to it, and a deployment sampling at minute scale could reach a different conclusion.","Numeric extraction only; may be citation, date, identifier, illustration or result; semantic inventory incomplete."
publications/active/ipsci-2026/submissions/v3-revision/manuscript-v3.md,Deployment Challenges and Limitations,504,not yet mapped: numeric token,50,PENDING — SC-3 stopped traceability review,ambiguous,AMBIGUOUS,"Four deployment challenges are anticipated in the target context. **Connectivity.** The architecture is designed offline-first: the governance classifier f(E) and reasoning engine RS(S) must operate without real-time API access. Environmental data may be pre-cached or sourced from local sensors. The fail-safe rule — if any component resolves to ⊥, f(E) = UNSAFE — ensures graceful degradation when a data feed is unavailable; the system defaults to the most restrictive governance state rather than failing open. This is a **derived corollary** of operational totality (Theorem C.1b), not a separate pre-condition check: ⊥ classifies UNSAFE and UNSAFE is maximal under the severity order, so the fail-safe follows from the aggregation rule itself. A permanently unavailable data source is treated differently — as a **declared scope exclusion** rather than a continuous fault — because treating it as a fault would classify every hour UNSAFE and make the system unusable. **Hardware constraints.** The target deployment hardware is commodity smartphones or low-cost single-board computers (under USD 50). The O(1) governance layer and O(n) rule engine both execute without GPU or cloud compute, and the storage footprint for RS(SAFE) and RS(CAUTION) is minimal. **Threshold maintenance.** Classification thresholds (g_w, g_o, and others) are anchored to MET Malaysia published criteria. As climate patterns shift or MET Malaysia revises its warning thresholds, the gᵢ definitions and corresponding RS(S) must be recalibrated. Any recalibration must preserve the containment property A_AI(SAFE) ⊃ A_AI(CAUTION) ⊃ A_AI(UNSAFE) = ∅, which is a structural constraint on the recalibration process rather than a property of the thresholds themselves. **Mode-chattering.** At classification boundaries, rapid oscillation of S would in principle produce unstable advisory output, and dual-threshold hysteresis is the standard mitigation: a transition from SAFE to CAUTION requires exceedance of the upper threshold, and the return transition requires recovery below a lower one. **Measured against five years of hourly environmental data at the deployment site, this concern is not borne out.** Of 5,416 state transitions, 95.8% are scheduled clock events at the time-of-day boundaries; only 227 are condition-driven, and genuine A→B→A round trips within three hours number 70 across the whole period — fourteen per year. Adding dual-threshold hysteresis with a 10% return margin reduces condition-driven transitions by 6.2%. Hysteresis is therefore retained as a low-cost precaution rather than a demonstrated necessity. This result is bounded by the hourly resolution of the data: sub-hourly oscillation is invisible to it, and a deployment sampling at minute scale could reach a different conclusion.","Numeric extraction only; may be citation, date, identifier, illustration or result; semantic inventory incomplete."
publications/active/ipsci-2026/submissions/v3-revision/manuscript-v3.md,Deployment Challenges and Limitations,504,not yet mapped: numeric token,1,PENDING — SC-3 stopped traceability review,ambiguous,AMBIGUOUS,"Four deployment challenges are anticipated in the target context. **Connectivity.** The architecture is designed offline-first: the governance classifier f(E) and reasoning engine RS(S) must operate without real-time API access. Environmental data may be pre-cached or sourced from local sensors. The fail-safe rule — if any component resolves to ⊥, f(E) = UNSAFE — ensures graceful degradation when a data feed is unavailable; the system defaults to the most restrictive governance state rather than failing open. This is a **derived corollary** of operational totality (Theorem C.1b), not a separate pre-condition check: ⊥ classifies UNSAFE and UNSAFE is maximal under the severity order, so the fail-safe follows from the aggregation rule itself. A permanently unavailable data source is treated differently — as a **declared scope exclusion** rather than a continuous fault — because treating it as a fault would classify every hour UNSAFE and make the system unusable. **Hardware constraints.** The target deployment hardware is commodity smartphones or low-cost single-board computers (under USD 50). The O(1) governance layer and O(n) rule engine both execute without GPU or cloud compute, and the storage footprint for RS(SAFE) and RS(CAUTION) is minimal. **Threshold maintenance.** Classification thresholds (g_w, g_o, and others) are anchored to MET Malaysia published criteria. As climate patterns shift or MET Malaysia revises its warning thresholds, the gᵢ definitions and corresponding RS(S) must be recalibrated. Any recalibration must preserve the containment property A_AI(SAFE) ⊃ A_AI(CAUTION) ⊃ A_AI(UNSAFE) = ∅, which is a structural constraint on the recalibration process rather than a property of the thresholds themselves. **Mode-chattering.** At classification boundaries, rapid oscillation of S would in principle produce unstable advisory output, and dual-threshold hysteresis is the standard mitigation: a transition from SAFE to CAUTION requires exceedance of the upper threshold, and the return transition requires recovery below a lower one. **Measured against five years of hourly environmental data at the deployment site, this concern is not borne out.** Of 5,416 state transitions, 95.8% are scheduled clock events at the time-of-day boundaries; only 227 are condition-driven, and genuine A→B→A round trips within three hours number 70 across the whole period — fourteen per year. Adding dual-threshold hysteresis with a 10% return margin reduces condition-driven transitions by 6.2%. Hysteresis is therefore retained as a low-cost precaution rather than a demonstrated necessity. This result is bounded by the hourly resolution of the data: sub-hourly oscillation is invisible to it, and a deployment sampling at minute scale could reach a different conclusion.","Numeric extraction only; may be citation, date, identifier, illustration or result; semantic inventory incomplete."
publications/active/ipsci-2026/submissions/v3-revision/manuscript-v3.md,Deployment Challenges and Limitations,504,not yet mapped: numeric token,"5,416",PENDING — SC-3 stopped traceability review,ambiguous,AMBIGUOUS,"Four deployment challenges are anticipated in the target context. **Connectivity.** The architecture is designed offline-first: the governance classifier f(E) and reasoning engine RS(S) must operate without real-time API access. Environmental data may be pre-cached or sourced from local sensors. The fail-safe rule — if any component resolves to ⊥, f(E) = UNSAFE — ensures graceful degradation when a data feed is unavailable; the system defaults to the most restrictive governance state rather than failing open. This is a **derived corollary** of operational totality (Theorem C.1b), not a separate pre-condition check: ⊥ classifies UNSAFE and UNSAFE is maximal under the severity order, so the fail-safe follows from the aggregation rule itself. A permanently unavailable data source is treated differently — as a **declared scope exclusion** rather than a continuous fault — because treating it as a fault would classify every hour UNSAFE and make the system unusable. **Hardware constraints.** The target deployment hardware is commodity smartphones or low-cost single-board computers (under USD 50). The O(1) governance layer and O(n) rule engine both execute without GPU or cloud compute, and the storage footprint for RS(SAFE) and RS(CAUTION) is minimal. **Threshold maintenance.** Classification thresholds (g_w, g_o, and others) are anchored to MET Malaysia published criteria. As climate patterns shift or MET Malaysia revises its warning thresholds, the gᵢ definitions and corresponding RS(S) must be recalibrated. Any recalibration must preserve the containment property A_AI(SAFE) ⊃ A_AI(CAUTION) ⊃ A_AI(UNSAFE) = ∅, which is a structural constraint on the recalibration process rather than a property of the thresholds themselves. **Mode-chattering.** At classification boundaries, rapid oscillation of S would in principle produce unstable advisory output, and dual-threshold hysteresis is the standard mitigation: a transition from SAFE to CAUTION requires exceedance of the upper threshold, and the return transition requires recovery below a lower one. **Measured against five years of hourly environmental data at the deployment site, this concern is not borne out.** Of 5,416 state transitions, 95.8% are scheduled clock events at the time-of-day boundaries; only 227 are condition-driven, and genuine A→B→A round trips within three hours number 70 across the whole period — fourteen per year. Adding dual-threshold hysteresis with a 10% return margin reduces condition-driven transitions by 6.2%. Hysteresis is therefore retained as a low-cost precaution rather than a demonstrated necessity. This result is bounded by the hourly resolution of the data: sub-hourly oscillation is invisible to it, and a deployment sampling at minute scale could reach a different conclusion.","Numeric extraction only; may be citation, date, identifier, illustration or result; semantic inventory incomplete."
publications/active/ipsci-2026/submissions/v3-revision/manuscript-v3.md,Deployment Challenges and Limitations,504,not yet mapped: numeric token,95.8%,PENDING — SC-3 stopped traceability review,ambiguous,AMBIGUOUS,"Four deployment challenges are anticipated in the target context. **Connectivity.** The architecture is designed offline-first: the governance classifier f(E) and reasoning engine RS(S) must operate without real-time API access. Environmental data may be pre-cached or sourced from local sensors. The fail-safe rule — if any component resolves to ⊥, f(E) = UNSAFE — ensures graceful degradation when a data feed is unavailable; the system defaults to the most restrictive governance state rather than failing open. This is a **derived corollary** of operational totality (Theorem C.1b), not a separate pre-condition check: ⊥ classifies UNSAFE and UNSAFE is maximal under the severity order, so the fail-safe follows from the aggregation rule itself. A permanently unavailable data source is treated differently — as a **declared scope exclusion** rather than a continuous fault — because treating it as a fault would classify every hour UNSAFE and make the system unusable. **Hardware constraints.** The target deployment hardware is commodity smartphones or low-cost single-board computers (under USD 50). The O(1) governance layer and O(n) rule engine both execute without GPU or cloud compute, and the storage footprint for RS(SAFE) and RS(CAUTION) is minimal. **Threshold maintenance.** Classification thresholds (g_w, g_o, and others) are anchored to MET Malaysia published criteria. As climate patterns shift or MET Malaysia revises its warning thresholds, the gᵢ definitions and corresponding RS(S) must be recalibrated. Any recalibration must preserve the containment property A_AI(SAFE) ⊃ A_AI(CAUTION) ⊃ A_AI(UNSAFE) = ∅, which is a structural constraint on the recalibration process rather than a property of the thresholds themselves. **Mode-chattering.** At classification boundaries, rapid oscillation of S would in principle produce unstable advisory output, and dual-threshold hysteresis is the standard mitigation: a transition from SAFE to CAUTION requires exceedance of the upper threshold, and the return transition requires recovery below a lower one. **Measured against five years of hourly environmental data at the deployment site, this concern is not borne out.** Of 5,416 state transitions, 95.8% are scheduled clock events at the time-of-day boundaries; only 227 are condition-driven, and genuine A→B→A round trips within three hours number 70 across the whole period — fourteen per year. Adding dual-threshold hysteresis with a 10% return margin reduces condition-driven transitions by 6.2%. Hysteresis is therefore retained as a low-cost precaution rather than a demonstrated necessity. This result is bounded by the hourly resolution of the data: sub-hourly oscillation is invisible to it, and a deployment sampling at minute scale could reach a different conclusion.","Numeric extraction only; may be citation, date, identifier, illustration or result; semantic inventory incomplete."
publications/active/ipsci-2026/submissions/v3-revision/manuscript-v3.md,Deployment Challenges and Limitations,504,not yet mapped: numeric token,227,PENDING — SC-3 stopped traceability review,ambiguous,AMBIGUOUS,"Four deployment challenges are anticipated in the target context. **Connectivity.** The architecture is designed offline-first: the governance classifier f(E) and reasoning engine RS(S) must operate without real-time API access. Environmental data may be pre-cached or sourced from local sensors. The fail-safe rule — if any component resolves to ⊥, f(E) = UNSAFE — ensures graceful degradation when a data feed is unavailable; the system defaults to the most restrictive governance state rather than failing open. This is a **derived corollary** of operational totality (Theorem C.1b), not a separate pre-condition check: ⊥ classifies UNSAFE and UNSAFE is maximal under the severity order, so the fail-safe follows from the aggregation rule itself. A permanently unavailable data source is treated differently — as a **declared scope exclusion** rather than a continuous fault — because treating it as a fault would classify every hour UNSAFE and make the system unusable. **Hardware constraints.** The target deployment hardware is commodity smartphones or low-cost single-board computers (under USD 50). The O(1) governance layer and O(n) rule engine both execute without GPU or cloud compute, and the storage footprint for RS(SAFE) and RS(CAUTION) is minimal. **Threshold maintenance.** Classification thresholds (g_w, g_o, and others) are anchored to MET Malaysia published criteria. As climate patterns shift or MET Malaysia revises its warning thresholds, the gᵢ definitions and corresponding RS(S) must be recalibrated. Any recalibration must preserve the containment property A_AI(SAFE) ⊃ A_AI(CAUTION) ⊃ A_AI(UNSAFE) = ∅, which is a structural constraint on the recalibration process rather than a property of the thresholds themselves. **Mode-chattering.** At classification boundaries, rapid oscillation of S would in principle produce unstable advisory output, and dual-threshold hysteresis is the standard mitigation: a transition from SAFE to CAUTION requires exceedance of the upper threshold, and the return transition requires recovery below a lower one. **Measured against five years of hourly environmental data at the deployment site, this concern is not borne out.** Of 5,416 state transitions, 95.8% are scheduled clock events at the time-of-day boundaries; only 227 are condition-driven, and genuine A→B→A round trips within three hours number 70 across the whole period — fourteen per year. Adding dual-threshold hysteresis with a 10% return margin reduces condition-driven transitions by 6.2%. Hysteresis is therefore retained as a low-cost precaution rather than a demonstrated necessity. This result is bounded by the hourly resolution of the data: sub-hourly oscillation is invisible to it, and a deployment sampling at minute scale could reach a different conclusion.","Numeric extraction only; may be citation, date, identifier, illustration or result; semantic inventory incomplete."
publications/active/ipsci-2026/submissions/v3-revision/manuscript-v3.md,Deployment Challenges and Limitations,504,not yet mapped: numeric token,70,PENDING — SC-3 stopped traceability review,ambiguous,AMBIGUOUS,"Four deployment challenges are anticipated in the target context. **Connectivity.** The architecture is designed offline-first: the governance classifier f(E) and reasoning engine RS(S) must operate without real-time API access. Environmental data may be pre-cached or sourced from local sensors. The fail-safe rule — if any component resolves to ⊥, f(E) = UNSAFE — ensures graceful degradation when a data feed is unavailable; the system defaults to the most restrictive governance state rather than failing open. This is a **derived corollary** of operational totality (Theorem C.1b), not a separate pre-condition check: ⊥ classifies UNSAFE and UNSAFE is maximal under the severity order, so the fail-safe follows from the aggregation rule itself. A permanently unavailable data source is treated differently — as a **declared scope exclusion** rather than a continuous fault — because treating it as a fault would classify every hour UNSAFE and make the system unusable. **Hardware constraints.** The target deployment hardware is commodity smartphones or low-cost single-board computers (under USD 50). The O(1) governance layer and O(n) rule engine both execute without GPU or cloud compute, and the storage footprint for RS(SAFE) and RS(CAUTION) is minimal. **Threshold maintenance.** Classification thresholds (g_w, g_o, and others) are anchored to MET Malaysia published criteria. As climate patterns shift or MET Malaysia revises its warning thresholds, the gᵢ definitions and corresponding RS(S) must be recalibrated. Any recalibration must preserve the containment property A_AI(SAFE) ⊃ A_AI(CAUTION) ⊃ A_AI(UNSAFE) = ∅, which is a structural constraint on the recalibration process rather than a property of the thresholds themselves. **Mode-chattering.** At classification boundaries, rapid oscillation of S would in principle produce unstable advisory output, and dual-threshold hysteresis is the standard mitigation: a transition from SAFE to CAUTION requires exceedance of the upper threshold, and the return transition requires recovery below a lower one. **Measured against five years of hourly environmental data at the deployment site, this concern is not borne out.** Of 5,416 state transitions, 95.8% are scheduled clock events at the time-of-day boundaries; only 227 are condition-driven, and genuine A→B→A round trips within three hours number 70 across the whole period — fourteen per year. Adding dual-threshold hysteresis with a 10% return margin reduces condition-driven transitions by 6.2%. Hysteresis is therefore retained as a low-cost precaution rather than a demonstrated necessity. This result is bounded by the hourly resolution of the data: sub-hourly oscillation is invisible to it, and a deployment sampling at minute scale could reach a different conclusion.","Numeric extraction only; may be citation, date, identifier, illustration or result; semantic inventory incomplete."
publications/active/ipsci-2026/submissions/v3-revision/manuscript-v3.md,Deployment Challenges and Limitations,504,not yet mapped: numeric token,10%,PENDING — SC-3 stopped traceability review,ambiguous,AMBIGUOUS,"Four deployment challenges are anticipated in the target context. **Connectivity.** The architecture is designed offline-first: the governance classifier f(E) and reasoning engine RS(S) must operate without real-time API access. Environmental data may be pre-cached or sourced from local sensors. The fail-safe rule — if any component resolves to ⊥, f(E) = UNSAFE — ensures graceful degradation when a data feed is unavailable; the system defaults to the most restrictive governance state rather than failing open. This is a **derived corollary** of operational totality (Theorem C.1b), not a separate pre-condition check: ⊥ classifies UNSAFE and UNSAFE is maximal under the severity order, so the fail-safe follows from the aggregation rule itself. A permanently unavailable data source is treated differently — as a **declared scope exclusion** rather than a continuous fault — because treating it as a fault would classify every hour UNSAFE and make the system unusable. **Hardware constraints.** The target deployment hardware is commodity smartphones or low-cost single-board computers (under USD 50). The O(1) governance layer and O(n) rule engine both execute without GPU or cloud compute, and the storage footprint for RS(SAFE) and RS(CAUTION) is minimal. **Threshold maintenance.** Classification thresholds (g_w, g_o, and others) are anchored to MET Malaysia published criteria. As climate patterns shift or MET Malaysia revises its warning thresholds, the gᵢ definitions and corresponding RS(S) must be recalibrated. Any recalibration must preserve the containment property A_AI(SAFE) ⊃ A_AI(CAUTION) ⊃ A_AI(UNSAFE) = ∅, which is a structural constraint on the recalibration process rather than a property of the thresholds themselves. **Mode-chattering.** At classification boundaries, rapid oscillation of S would in principle produce unstable advisory output, and dual-threshold hysteresis is the standard mitigation: a transition from SAFE to CAUTION requires exceedance of the upper threshold, and the return transition requires recovery below a lower one. **Measured against five years of hourly environmental data at the deployment site, this concern is not borne out.** Of 5,416 state transitions, 95.8% are scheduled clock events at the time-of-day boundaries; only 227 are condition-driven, and genuine A→B→A round trips within three hours number 70 across the whole period — fourteen per year. Adding dual-threshold hysteresis with a 10% return margin reduces condition-driven transitions by 6.2%. Hysteresis is therefore retained as a low-cost precaution rather than a demonstrated necessity. This result is bounded by the hourly resolution of the data: sub-hourly oscillation is invisible to it, and a deployment sampling at minute scale could reach a different conclusion.","Numeric extraction only; may be citation, date, identifier, illustration or result; semantic inventory incomplete."
publications/active/ipsci-2026/submissions/v3-revision/manuscript-v3.md,Deployment Challenges and Limitations,504,not yet mapped: numeric token,6.2%,PENDING — SC-3 stopped traceability review,ambiguous,AMBIGUOUS,"Four deployment challenges are anticipated in the target context. **Connectivity.** The architecture is designed offline-first: the governance classifier f(E) and reasoning engine RS(S) must operate without real-time API access. Environmental data may be pre-cached or sourced from local sensors. The fail-safe rule — if any component resolves to ⊥, f(E) = UNSAFE — ensures graceful degradation when a data feed is unavailable; the system defaults to the most restrictive governance state rather than failing open. This is a **derived corollary** of operational totality (Theorem C.1b), not a separate pre-condition check: ⊥ classifies UNSAFE and UNSAFE is maximal under the severity order, so the fail-safe follows from the aggregation rule itself. A permanently unavailable data source is treated differently — as a **declared scope exclusion** rather than a continuous fault — because treating it as a fault would classify every hour UNSAFE and make the system unusable. **Hardware constraints.** The target deployment hardware is commodity smartphones or low-cost single-board computers (under USD 50). The O(1) governance layer and O(n) rule engine both execute without GPU or cloud compute, and the storage footprint for RS(SAFE) and RS(CAUTION) is minimal. **Threshold maintenance.** Classification thresholds (g_w, g_o, and others) are anchored to MET Malaysia published criteria. As climate patterns shift or MET Malaysia revises its warning thresholds, the gᵢ definitions and corresponding RS(S) must be recalibrated. Any recalibration must preserve the containment property A_AI(SAFE) ⊃ A_AI(CAUTION) ⊃ A_AI(UNSAFE) = ∅, which is a structural constraint on the recalibration process rather than a property of the thresholds themselves. **Mode-chattering.** At classification boundaries, rapid oscillation of S would in principle produce unstable advisory output, and dual-threshold hysteresis is the standard mitigation: a transition from SAFE to CAUTION requires exceedance of the upper threshold, and the return transition requires recovery below a lower one. **Measured against five years of hourly environmental data at the deployment site, this concern is not borne out.** Of 5,416 state transitions, 95.8% are scheduled clock events at the time-of-day boundaries; only 227 are condition-driven, and genuine A→B→A round trips within three hours number 70 across the whole period — fourteen per year. Adding dual-threshold hysteresis with a 10% return margin reduces condition-driven transitions by 6.2%. Hysteresis is therefore retained as a low-cost precaution rather than a demonstrated necessity. This result is bounded by the hourly resolution of the data: sub-hourly oscillation is invisible to it, and a deployment sampling at minute scale could reach a different conclusion.","Numeric extraction only; may be citation, date, identifier, illustration or result; semantic inventory incomplete."
publications/active/ipsci-2026/submissions/v3-revision/manuscript-v3.md,Threats to Validity,510,not yet mapped: numeric token,23,PENDING — SC-3 stopped traceability review,ambiguous,AMBIGUOUS,"**Internal validity.** The primary internal threat is threshold selection: are the SAFE/CAUTION/UNSAFE boundaries principled rather than arbitrary? Thresholds are anchored to independently established sources — MET Malaysia published warning criteria for wind (g_w), rainfall (g_r), and marine warning level (g_m); hydrodynamic seakeeping analysis of Malaysian hulls together with a 23-year Korean capsizing record and its length-dependent departure formula for the vessel-conditional wave rows (g_o); and risk perception scoring for time of day (g_t) [3]. Convergence across methodologically distinct sources reduces the threat, but four qualifications are required. First — and this now holds for two variables independently, wave height and rainfall — MET Malaysia's published criteria specify where a hazard category *ends* or where a warning is *issued*, and in neither case state where caution should begin. For sea state, Category 1 conditions *end* — waves ""up to 3.5 metres"" is the Category 1/2 boundary — and never where they begin. The criteria therefore cannot supply the SAFE/CAUTION boundary at all, and that boundary is necessarily drawn from hydrodynamic evidence rather than from the institutional source. This is a gap in the published criteria rather than a departure from them. Second, the small-vessel UNSAFE boundary reads the NORDFORSK *operational ceiling* — the highest sea state band the hull passes — as a departure prohibition. This is an interpretation of the seakeeping results rather than a claim the source makes, though it is the more conservative of the two readings available: the alternative, the failure point at which criteria are breached, sits materially higher. Third, the medium-vessel UNSAFE boundary is interpolated; no corpus source provides a direct value for that class, and the medium and big rows retain failure-point-style reasoning that vessel-specific data would be needed to revise. Fourth, the Malaysian hull evidence rests on a sample of two vessels, and the length-dependent formula was calibrated on Korean vessel geometry.","Numeric extraction only; may be citation, date, identifier, illustration or result; semantic inventory incomplete."
publications/active/ipsci-2026/submissions/v3-revision/manuscript-v3.md,Threats to Validity,510,not yet mapped: numeric token,3,PENDING — SC-3 stopped traceability review,ambiguous,AMBIGUOUS,"**Internal validity.** The primary internal threat is threshold selection: are the SAFE/CAUTION/UNSAFE boundaries principled rather than arbitrary? Thresholds are anchored to independently established sources — MET Malaysia published warning criteria for wind (g_w), rainfall (g_r), and marine warning level (g_m); hydrodynamic seakeeping analysis of Malaysian hulls together with a 23-year Korean capsizing record and its length-dependent departure formula for the vessel-conditional wave rows (g_o); and risk perception scoring for time of day (g_t) [3]. Convergence across methodologically distinct sources reduces the threat, but four qualifications are required. First — and this now holds for two variables independently, wave height and rainfall — MET Malaysia's published criteria specify where a hazard category *ends* or where a warning is *issued*, and in neither case state where caution should begin. For sea state, Category 1 conditions *end* — waves ""up to 3.5 metres"" is the Category 1/2 boundary — and never where they begin. The criteria therefore cannot supply the SAFE/CAUTION boundary at all, and that boundary is necessarily drawn from hydrodynamic evidence rather than from the institutional source. This is a gap in the published criteria rather than a departure from them. Second, the small-vessel UNSAFE boundary reads the NORDFORSK *operational ceiling* — the highest sea state band the hull passes — as a departure prohibition. This is an interpretation of the seakeeping results rather than a claim the source makes, though it is the more conservative of the two readings available: the alternative, the failure point at which criteria are breached, sits materially higher. Third, the medium-vessel UNSAFE boundary is interpolated; no corpus source provides a direct value for that class, and the medium and big rows retain failure-point-style reasoning that vessel-specific data would be needed to revise. Fourth, the Malaysian hull evidence rests on a sample of two vessels, and the length-dependent formula was calibrated on Korean vessel geometry.","Numeric extraction only; may be citation, date, identifier, illustration or result; semantic inventory incomplete."
publications/active/ipsci-2026/submissions/v3-revision/manuscript-v3.md,Threats to Validity,510,not yet mapped: numeric token,1,PENDING — SC-3 stopped traceability review,ambiguous,AMBIGUOUS,"**Internal validity.** The primary internal threat is threshold selection: are the SAFE/CAUTION/UNSAFE boundaries principled rather than arbitrary? Thresholds are anchored to independently established sources — MET Malaysia published warning criteria for wind (g_w), rainfall (g_r), and marine warning level (g_m); hydrodynamic seakeeping analysis of Malaysian hulls together with a 23-year Korean capsizing record and its length-dependent departure formula for the vessel-conditional wave rows (g_o); and risk perception scoring for time of day (g_t) [3]. Convergence across methodologically distinct sources reduces the threat, but four qualifications are required. First — and this now holds for two variables independently, wave height and rainfall — MET Malaysia's published criteria specify where a hazard category *ends* or where a warning is *issued*, and in neither case state where caution should begin. For sea state, Category 1 conditions *end* — waves ""up to 3.5 metres"" is the Category 1/2 boundary — and never where they begin. The criteria therefore cannot supply the SAFE/CAUTION boundary at all, and that boundary is necessarily drawn from hydrodynamic evidence rather than from the institutional source. This is a gap in the published criteria rather than a departure from them. Second, the small-vessel UNSAFE boundary reads the NORDFORSK *operational ceiling* — the highest sea state band the hull passes — as a departure prohibition. This is an interpretation of the seakeeping results rather than a claim the source makes, though it is the more conservative of the two readings available: the alternative, the failure point at which criteria are breached, sits materially higher. Third, the medium-vessel UNSAFE boundary is interpolated; no corpus source provides a direct value for that class, and the medium and big rows retain failure-point-style reasoning that vessel-specific data would be needed to revise. Fourth, the Malaysian hull evidence rests on a sample of two vessels, and the length-dependent formula was calibrated on Korean vessel geometry.","Numeric extraction only; may be citation, date, identifier, illustration or result; semantic inventory incomplete."
publications/active/ipsci-2026/submissions/v3-revision/manuscript-v3.md,Threats to Validity,510,not yet mapped: numeric token,3.5,PENDING — SC-3 stopped traceability review,ambiguous,AMBIGUOUS,"**Internal validity.** The primary internal threat is threshold selection: are the SAFE/CAUTION/UNSAFE boundaries principled rather than arbitrary? Thresholds are anchored to independently established sources — MET Malaysia published warning criteria for wind (g_w), rainfall (g_r), and marine warning level (g_m); hydrodynamic seakeeping analysis of Malaysian hulls together with a 23-year Korean capsizing record and its length-dependent departure formula for the vessel-conditional wave rows (g_o); and risk perception scoring for time of day (g_t) [3]. Convergence across methodologically distinct sources reduces the threat, but four qualifications are required. First — and this now holds for two variables independently, wave height and rainfall — MET Malaysia's published criteria specify where a hazard category *ends* or where a warning is *issued*, and in neither case state where caution should begin. For sea state, Category 1 conditions *end* — waves ""up to 3.5 metres"" is the Category 1/2 boundary — and never where they begin. The criteria therefore cannot supply the SAFE/CAUTION boundary at all, and that boundary is necessarily drawn from hydrodynamic evidence rather than from the institutional source. This is a gap in the published criteria rather than a departure from them. Second, the small-vessel UNSAFE boundary reads the NORDFORSK *operational ceiling* — the highest sea state band the hull passes — as a departure prohibition. This is an interpretation of the seakeeping results rather than a claim the source makes, though it is the more conservative of the two readings available: the alternative, the failure point at which criteria are breached, sits materially higher. Third, the medium-vessel UNSAFE boundary is interpolated; no corpus source provides a direct value for that class, and the medium and big rows retain failure-point-style reasoning that vessel-specific data would be needed to revise. Fourth, the Malaysian hull evidence rests on a sample of two vessels, and the length-dependent formula was calibrated on Korean vessel geometry.","Numeric extraction only; may be citation, date, identifier, illustration or result; semantic inventory incomplete."
publications/active/ipsci-2026/submissions/v3-revision/manuscript-v3.md,Threats to Validity,510,not yet mapped: numeric token,1,PENDING — SC-3 stopped traceability review,ambiguous,AMBIGUOUS,"**Internal validity.** The primary internal threat is threshold selection: are the SAFE/CAUTION/UNSAFE boundaries principled rather than arbitrary? Thresholds are anchored to independently established sources — MET Malaysia published warning criteria for wind (g_w), rainfall (g_r), and marine warning level (g_m); hydrodynamic seakeeping analysis of Malaysian hulls together with a 23-year Korean capsizing record and its length-dependent departure formula for the vessel-conditional wave rows (g_o); and risk perception scoring for time of day (g_t) [3]. Convergence across methodologically distinct sources reduces the threat, but four qualifications are required. First — and this now holds for two variables independently, wave height and rainfall — MET Malaysia's published criteria specify where a hazard category *ends* or where a warning is *issued*, and in neither case state where caution should begin. For sea state, Category 1 conditions *end* — waves ""up to 3.5 metres"" is the Category 1/2 boundary — and never where they begin. The criteria therefore cannot supply the SAFE/CAUTION boundary at all, and that boundary is necessarily drawn from hydrodynamic evidence rather than from the institutional source. This is a gap in the published criteria rather than a departure from them. Second, the small-vessel UNSAFE boundary reads the NORDFORSK *operational ceiling* — the highest sea state band the hull passes — as a departure prohibition. This is an interpretation of the seakeeping results rather than a claim the source makes, though it is the more conservative of the two readings available: the alternative, the failure point at which criteria are breached, sits materially higher. Third, the medium-vessel UNSAFE boundary is interpolated; no corpus source provides a direct value for that class, and the medium and big rows retain failure-point-style reasoning that vessel-specific data would be needed to revise. Fourth, the Malaysian hull evidence rests on a sample of two vessels, and the length-dependent formula was calibrated on Korean vessel geometry.","Numeric extraction only; may be citation, date, identifier, illustration or result; semantic inventory incomplete."
publications/active/ipsci-2026/submissions/v3-revision/manuscript-v3.md,Threats to Validity,510,not yet mapped: numeric token,2,PENDING — SC-3 stopped traceability review,ambiguous,AMBIGUOUS,"**Internal validity.** The primary internal threat is threshold selection: are the SAFE/CAUTION/UNSAFE boundaries principled rather than arbitrary? Thresholds are anchored to independently established sources — MET Malaysia published warning criteria for wind (g_w), rainfall (g_r), and marine warning level (g_m); hydrodynamic seakeeping analysis of Malaysian hulls together with a 23-year Korean capsizing record and its length-dependent departure formula for the vessel-conditional wave rows (g_o); and risk perception scoring for time of day (g_t) [3]. Convergence across methodologically distinct sources reduces the threat, but four qualifications are required. First — and this now holds for two variables independently, wave height and rainfall — MET Malaysia's published criteria specify where a hazard category *ends* or where a warning is *issued*, and in neither case state where caution should begin. For sea state, Category 1 conditions *end* — waves ""up to 3.5 metres"" is the Category 1/2 boundary — and never where they begin. The criteria therefore cannot supply the SAFE/CAUTION boundary at all, and that boundary is necessarily drawn from hydrodynamic evidence rather than from the institutional source. This is a gap in the published criteria rather than a departure from them. Second, the small-vessel UNSAFE boundary reads the NORDFORSK *operational ceiling* — the highest sea state band the hull passes — as a departure prohibition. This is an interpretation of the seakeeping results rather than a claim the source makes, though it is the more conservative of the two readings available: the alternative, the failure point at which criteria are breached, sits materially higher. Third, the medium-vessel UNSAFE boundary is interpolated; no corpus source provides a direct value for that class, and the medium and big rows retain failure-point-style reasoning that vessel-specific data would be needed to revise. Fourth, the Malaysian hull evidence rests on a sample of two vessels, and the length-dependent formula was calibrated on Korean vessel geometry.","Numeric extraction only; may be citation, date, identifier, illustration or result; semantic inventory incomplete."
publications/active/ipsci-2026/submissions/v3-revision/manuscript-v3.md,Threats to Validity,512,not yet mapped: numeric token,22,PENDING — SC-3 stopped traceability review,ambiguous,AMBIGUOUS,"A fourth threat, identified late and worth stating plainly, is **undocumented discretisation of source values**. Two thresholds were found to have been silently rounded from their institutional sources: the wind SAFE/CAUTION boundary (specified 22 kn; MET Category 1 onset is 40 km/h = 21.598 kn) and the rainfall CAUTION boundary (specified 7.5 mm/hr, matching no published source). The wind rounding **changed an empirical result** — it suppressed both of the component's activations over five years and made it appear permanently inactive. Both have been corrected to their source values, and the governing principle is now explicit: a canonical threshold preserves its source unless there is an independently justified reason to discretise. The residual threat is that other roundings may remain undetected in thresholds whose provenance is stated less precisely.","Numeric extraction only; may be citation, date, identifier, illustration or result; semantic inventory incomplete."
publications/active/ipsci-2026/submissions/v3-revision/manuscript-v3.md,Threats to Validity,512,not yet mapped: numeric token,1,PENDING — SC-3 stopped traceability review,ambiguous,AMBIGUOUS,"A fourth threat, identified late and worth stating plainly, is **undocumented discretisation of source values**. Two thresholds were found to have been silently rounded from their institutional sources: the wind SAFE/CAUTION boundary (specified 22 kn; MET Category 1 onset is 40 km/h = 21.598 kn) and the rainfall CAUTION boundary (specified 7.5 mm/hr, matching no published source). The wind rounding **changed an empirical result** — it suppressed both of the component's activations over five years and made it appear permanently inactive. Both have been corrected to their source values, and the governing principle is now explicit: a canonical threshold preserves its source unless there is an independently justified reason to discretise. The residual threat is that other roundings may remain undetected in thresholds whose provenance is stated less precisely.","Numeric extraction only; may be citation, date, identifier, illustration or result; semantic inventory incomplete."
publications/active/ipsci-2026/submissions/v3-revision/manuscript-v3.md,Threats to Validity,512,not yet mapped: numeric token,40,PENDING — SC-3 stopped traceability review,ambiguous,AMBIGUOUS,"A fourth threat, identified late and worth stating plainly, is **undocumented discretisation of source values**. Two thresholds were found to have been silently rounded from their institutional sources: the wind SAFE/CAUTION boundary (specified 22 kn; MET Category 1 onset is 40 km/h = 21.598 kn) and the rainfall CAUTION boundary (specified 7.5 mm/hr, matching no published source). The wind rounding **changed an empirical result** — it suppressed both of the component's activations over five years and made it appear permanently inactive. Both have been corrected to their source values, and the governing principle is now explicit: a canonical threshold preserves its source unless there is an independently justified reason to discretise. The residual threat is that other roundings may remain undetected in thresholds whose provenance is stated less precisely.","Numeric extraction only; may be citation, date, identifier, illustration or result; semantic inventory incomplete."
publications/active/ipsci-2026/submissions/v3-revision/manuscript-v3.md,Threats to Validity,512,not yet mapped: numeric token,21.598,PENDING — SC-3 stopped traceability review,ambiguous,AMBIGUOUS,"A fourth threat, identified late and worth stating plainly, is **undocumented discretisation of source values**. Two thresholds were found to have been silently rounded from their institutional sources: the wind SAFE/CAUTION boundary (specified 22 kn; MET Category 1 onset is 40 km/h = 21.598 kn) and the rainfall CAUTION boundary (specified 7.5 mm/hr, matching no published source). The wind rounding **changed an empirical result** — it suppressed both of the component's activations over five years and made it appear permanently inactive. Both have been corrected to their source values, and the governing principle is now explicit: a canonical threshold preserves its source unless there is an independently justified reason to discretise. The residual threat is that other roundings may remain undetected in thresholds whose provenance is stated less precisely.","Numeric extraction only; may be citation, date, identifier, illustration or result; semantic inventory incomplete."
publications/active/ipsci-2026/submissions/v3-revision/manuscript-v3.md,Threats to Validity,512,not yet mapped: numeric token,7.5,PENDING — SC-3 stopped traceability review,ambiguous,AMBIGUOUS,"A fourth threat, identified late and worth stating plainly, is **undocumented discretisation of source values**. Two thresholds were found to have been silently rounded from their institutional sources: the wind SAFE/CAUTION boundary (specified 22 kn; MET Category 1 onset is 40 km/h = 21.598 kn) and the rainfall CAUTION boundary (specified 7.5 mm/hr, matching no published source). The wind rounding **changed an empirical result** — it suppressed both of the component's activations over five years and made it appear permanently inactive. Both have been corrected to their source values, and the governing principle is now explicit: a canonical threshold preserves its source unless there is an independently justified reason to discretise. The residual threat is that other roundings may remain undetected in thresholds whose provenance is stated less precisely.","Numeric extraction only; may be citation, date, identifier, illustration or result; semantic inventory incomplete."
publications/active/ipsci-2026/submissions/v3-revision/manuscript-v3.md,Threats to Validity,514,not yet mapped: numeric token,0.2,PENDING — SC-3 stopped traceability review,ambiguous,AMBIGUOUS,"A further threat concerns the relationship between the thresholds and the measurements used to characterise them. Thresholds are anchored to MET Malaysia criteria; the environmental series used in the empirical characterisation is ERA5 reanalysis and the MFWAM wave model. These are different organisations using different methods, and the mismatch cannot be removed within the present data. Station observations from MET's own network would resolve it and are the appropriate next step, particularly for the wind component, where the reported null sits 0.2 kn from its threshold. Wind thresholds are not vessel-conditioned, as no source provides vessel-specific wind criteria; wind-driven risk is partly captured through correlated wave height, but this is not a formal guarantee. A related caution: fisher-interview sources frequently report gust rather than sustained values, and g_w is defined over sustained wind. A secondary internal threat is rule set completeness: RS(SAFE) and RS(CAUTION) are constructed for the fisheries domain and may not cover novel condition combinations encountered in deployment. This is partially mitigated by the fail-safe rule — any undefined or corrupted input returns UNSAFE — but cannot be fully eliminated without exhaustive domain testing. **Prototype fidelity has not yet been verified empirically.** The reasoning engine is specified but not implemented, so AI(E) cannot be observed and the three-condition comparison of advisory output has not been run. The empirical characterisation reported above exercises the classifier and the governance pair, not the reasoning engine below them. The Safety Dominance Property holds by construction (Theorem 3) and does not depend on that check; what the check would establish is that the implementation matches the specification, which remains outstanding.","Numeric extraction only; may be citation, date, identifier, illustration or result; semantic inventory incomplete."
publications/active/ipsci-2026/submissions/v3-revision/manuscript-v3.md,Threats to Validity,514,not yet mapped: numeric token,3,PENDING — SC-3 stopped traceability review,ambiguous,AMBIGUOUS,"A further threat concerns the relationship between the thresholds and the measurements used to characterise them. Thresholds are anchored to MET Malaysia criteria; the environmental series used in the empirical characterisation is ERA5 reanalysis and the MFWAM wave model. These are different organisations using different methods, and the mismatch cannot be removed within the present data. Station observations from MET's own network would resolve it and are the appropriate next step, particularly for the wind component, where the reported null sits 0.2 kn from its threshold. Wind thresholds are not vessel-conditioned, as no source provides vessel-specific wind criteria; wind-driven risk is partly captured through correlated wave height, but this is not a formal guarantee. A related caution: fisher-interview sources frequently report gust rather than sustained values, and g_w is defined over sustained wind. A secondary internal threat is rule set completeness: RS(SAFE) and RS(CAUTION) are constructed for the fisheries domain and may not cover novel condition combinations encountered in deployment. This is partially mitigated by the fail-safe rule — any undefined or corrupted input returns UNSAFE — but cannot be fully eliminated without exhaustive domain testing. **Prototype fidelity has not yet been verified empirically.** The reasoning engine is specified but not implemented, so AI(E) cannot be observed and the three-condition comparison of advisory output has not been run. The empirical characterisation reported above exercises the classifier and the governance pair, not the reasoning engine below them. The Safety Dominance Property holds by construction (Theorem 3) and does not depend on that check; what the check would establish is that the implementation matches the specification, which remains outstanding.","Numeric extraction only; may be citation, date, identifier, illustration or result; semantic inventory incomplete."
publications/active/ipsci-2026/submissions/v3-revision/manuscript-v3.md,Threats to Validity,516,not yet mapped: numeric token,20,PENDING — SC-3 stopped traceability review,ambiguous,AMBIGUOUS,"**A discontinuous governance boundary in the time classifier.** A fifth threat concerns the time component and is stated here because it bears directly on the graduated-governance claim this paper makes. The classifier is SAFE from sunrise to sunset and UNSAFE otherwise, with its boundary taken from COLREGs Rule 20(b) and its solar events computed per date from a frozen, version-pinned astronomical artefact validated against the U.S. Naval Observatory. **It transitions directly between SAFE and UNSAFE, with no intermediate value.** Over the five-year record, direct SAFE→UNSAFE transitions number **1,536**, against **2** under the fixed-clock classifier this replaced; time-driven SAFE→CAUTION transitions are **0**, against **1,545**. The architecture's central argument is that graduated governance is preferable to a binary step, and under this classifier the most predictable transition of the day *is* a step — so the tension is real and is disclosed rather than absorbed. Three qualifications bound it. First, the step follows from **removing an intermediate time band for which no evidence was found** — three reviews located no source supporting a twilight CAUTION state, and the fixed-clock boundaries it replaced (06:00 / 17:00 / 19:00) had no located source at all, with SAFE beginning before sunrise on every day of the year. It does not follow from any claim that conditions change discontinuously at sunset; nothing physical, meteorological or physiological is asserted to be discontinuous there. Second, the discontinuity is confined to the time component: **the architecture remains globally three-state**, with CAUTION reached through the wave and rainfall classifiers in 2,091 of 43,848 hours (4.77%), all weather-driven, and the containment property A_AI(SAFE) ⊃ A_AI(CAUTION) ⊃ A_AI(UNSAFE) = ∅ untouched. Third, the residual concern is a usability one — predictable withdrawal of advisory support at sunset may warrant anticipatory interface support, which is a notification concern separate from the safety-state classifier and is deliberately not addressed by inventing an intermediate state to smooth the transition. Finally, the governance rule itself is a **policy** choice: the evidence establishes that night navigation carries elevated risk and that COLREGs defines sunset-to-sunrise as the navigation-light boundary, but **no source establishes that AI advisory participation must be withdrawn at that boundary**, and none is claimed.","Numeric extraction only; may be citation, date, identifier, illustration or result; semantic inventory incomplete."
publications/active/ipsci-2026/submissions/v3-revision/manuscript-v3.md,Threats to Validity,516,not yet mapped: numeric token,"1,536",PENDING — SC-3 stopped traceability review,ambiguous,AMBIGUOUS,"**A discontinuous governance boundary in the time classifier.** A fifth threat concerns the time component and is stated here because it bears directly on the graduated-governance claim this paper makes. The classifier is SAFE from sunrise to sunset and UNSAFE otherwise, with its boundary taken from COLREGs Rule 20(b) and its solar events computed per date from a frozen, version-pinned astronomical artefact validated against the U.S. Naval Observatory. **It transitions directly between SAFE and UNSAFE, with no intermediate value.** Over the five-year record, direct SAFE→UNSAFE transitions number **1,536**, against **2** under the fixed-clock classifier this replaced; time-driven SAFE→CAUTION transitions are **0**, against **1,545**. The architecture's central argument is that graduated governance is preferable to a binary step, and under this classifier the most predictable transition of the day *is* a step — so the tension is real and is disclosed rather than absorbed. Three qualifications bound it. First, the step follows from **removing an intermediate time band for which no evidence was found** — three reviews located no source supporting a twilight CAUTION state, and the fixed-clock boundaries it replaced (06:00 / 17:00 / 19:00) had no located source at all, with SAFE beginning before sunrise on every day of the year. It does not follow from any claim that conditions change discontinuously at sunset; nothing physical, meteorological or physiological is asserted to be discontinuous there. Second, the discontinuity is confined to the time component: **the architecture remains globally three-state**, with CAUTION reached through the wave and rainfall classifiers in 2,091 of 43,848 hours (4.77%), all weather-driven, and the containment property A_AI(SAFE) ⊃ A_AI(CAUTION) ⊃ A_AI(UNSAFE) = ∅ untouched. Third, the residual concern is a usability one — predictable withdrawal of advisory support at sunset may warrant anticipatory interface support, which is a notification concern separate from the safety-state classifier and is deliberately not addressed by inventing an intermediate state to smooth the transition. Finally, the governance rule itself is a **policy** choice: the evidence establishes that night navigation carries elevated risk and that COLREGs defines sunset-to-sunrise as the navigation-light boundary, but **no source establishes that AI advisory participation must be withdrawn at that boundary**, and none is claimed.","Numeric extraction only; may be citation, date, identifier, illustration or result; semantic inventory incomplete."
publications/active/ipsci-2026/submissions/v3-revision/manuscript-v3.md,Threats to Validity,516,not yet mapped: numeric token,2,PENDING — SC-3 stopped traceability review,ambiguous,AMBIGUOUS,"**A discontinuous governance boundary in the time classifier.** A fifth threat concerns the time component and is stated here because it bears directly on the graduated-governance claim this paper makes. The classifier is SAFE from sunrise to sunset and UNSAFE otherwise, with its boundary taken from COLREGs Rule 20(b) and its solar events computed per date from a frozen, version-pinned astronomical artefact validated against the U.S. Naval Observatory. **It transitions directly between SAFE and UNSAFE, with no intermediate value.** Over the five-year record, direct SAFE→UNSAFE transitions number **1,536**, against **2** under the fixed-clock classifier this replaced; time-driven SAFE→CAUTION transitions are **0**, against **1,545**. The architecture's central argument is that graduated governance is preferable to a binary step, and under this classifier the most predictable transition of the day *is* a step — so the tension is real and is disclosed rather than absorbed. Three qualifications bound it. First, the step follows from **removing an intermediate time band for which no evidence was found** — three reviews located no source supporting a twilight CAUTION state, and the fixed-clock boundaries it replaced (06:00 / 17:00 / 19:00) had no located source at all, with SAFE beginning before sunrise on every day of the year. It does not follow from any claim that conditions change discontinuously at sunset; nothing physical, meteorological or physiological is asserted to be discontinuous there. Second, the discontinuity is confined to the time component: **the architecture remains globally three-state**, with CAUTION reached through the wave and rainfall classifiers in 2,091 of 43,848 hours (4.77%), all weather-driven, and the containment property A_AI(SAFE) ⊃ A_AI(CAUTION) ⊃ A_AI(UNSAFE) = ∅ untouched. Third, the residual concern is a usability one — predictable withdrawal of advisory support at sunset may warrant anticipatory interface support, which is a notification concern separate from the safety-state classifier and is deliberately not addressed by inventing an intermediate state to smooth the transition. Finally, the governance rule itself is a **policy** choice: the evidence establishes that night navigation carries elevated risk and that COLREGs defines sunset-to-sunrise as the navigation-light boundary, but **no source establishes that AI advisory participation must be withdrawn at that boundary**, and none is claimed.","Numeric extraction only; may be citation, date, identifier, illustration or result; semantic inventory incomplete."
publications/active/ipsci-2026/submissions/v3-revision/manuscript-v3.md,Threats to Validity,516,not yet mapped: numeric token,0,PENDING — SC-3 stopped traceability review,ambiguous,AMBIGUOUS,"**A discontinuous governance boundary in the time classifier.** A fifth threat concerns the time component and is stated here because it bears directly on the graduated-governance claim this paper makes. The classifier is SAFE from sunrise to sunset and UNSAFE otherwise, with its boundary taken from COLREGs Rule 20(b) and its solar events computed per date from a frozen, version-pinned astronomical artefact validated against the U.S. Naval Observatory. **It transitions directly between SAFE and UNSAFE, with no intermediate value.** Over the five-year record, direct SAFE→UNSAFE transitions number **1,536**, against **2** under the fixed-clock classifier this replaced; time-driven SAFE→CAUTION transitions are **0**, against **1,545**. The architecture's central argument is that graduated governance is preferable to a binary step, and under this classifier the most predictable transition of the day *is* a step — so the tension is real and is disclosed rather than absorbed. Three qualifications bound it. First, the step follows from **removing an intermediate time band for which no evidence was found** — three reviews located no source supporting a twilight CAUTION state, and the fixed-clock boundaries it replaced (06:00 / 17:00 / 19:00) had no located source at all, with SAFE beginning before sunrise on every day of the year. It does not follow from any claim that conditions change discontinuously at sunset; nothing physical, meteorological or physiological is asserted to be discontinuous there. Second, the discontinuity is confined to the time component: **the architecture remains globally three-state**, with CAUTION reached through the wave and rainfall classifiers in 2,091 of 43,848 hours (4.77%), all weather-driven, and the containment property A_AI(SAFE) ⊃ A_AI(CAUTION) ⊃ A_AI(UNSAFE) = ∅ untouched. Third, the residual concern is a usability one — predictable withdrawal of advisory support at sunset may warrant anticipatory interface support, which is a notification concern separate from the safety-state classifier and is deliberately not addressed by inventing an intermediate state to smooth the transition. Finally, the governance rule itself is a **policy** choice: the evidence establishes that night navigation carries elevated risk and that COLREGs defines sunset-to-sunrise as the navigation-light boundary, but **no source establishes that AI advisory participation must be withdrawn at that boundary**, and none is claimed.","Numeric extraction only; may be citation, date, identifier, illustration or result; semantic inventory incomplete."
publications/active/ipsci-2026/submissions/v3-revision/manuscript-v3.md,Threats to Validity,516,not yet mapped: numeric token,"1,545",PENDING — SC-3 stopped traceability review,ambiguous,AMBIGUOUS,"**A discontinuous governance boundary in the time classifier.** A fifth threat concerns the time component and is stated here because it bears directly on the graduated-governance claim this paper makes. The classifier is SAFE from sunrise to sunset and UNSAFE otherwise, with its boundary taken from COLREGs Rule 20(b) and its solar events computed per date from a frozen, version-pinned astronomical artefact validated against the U.S. Naval Observatory. **It transitions directly between SAFE and UNSAFE, with no intermediate value.** Over the five-year record, direct SAFE→UNSAFE transitions number **1,536**, against **2** under the fixed-clock classifier this replaced; time-driven SAFE→CAUTION transitions are **0**, against **1,545**. The architecture's central argument is that graduated governance is preferable to a binary step, and under this classifier the most predictable transition of the day *is* a step — so the tension is real and is disclosed rather than absorbed. Three qualifications bound it. First, the step follows from **removing an intermediate time band for which no evidence was found** — three reviews located no source supporting a twilight CAUTION state, and the fixed-clock boundaries it replaced (06:00 / 17:00 / 19:00) had no located source at all, with SAFE beginning before sunrise on every day of the year. It does not follow from any claim that conditions change discontinuously at sunset; nothing physical, meteorological or physiological is asserted to be discontinuous there. Second, the discontinuity is confined to the time component: **the architecture remains globally three-state**, with CAUTION reached through the wave and rainfall classifiers in 2,091 of 43,848 hours (4.77%), all weather-driven, and the containment property A_AI(SAFE) ⊃ A_AI(CAUTION) ⊃ A_AI(UNSAFE) = ∅ untouched. Third, the residual concern is a usability one — predictable withdrawal of advisory support at sunset may warrant anticipatory interface support, which is a notification concern separate from the safety-state classifier and is deliberately not addressed by inventing an intermediate state to smooth the transition. Finally, the governance rule itself is a **policy** choice: the evidence establishes that night navigation carries elevated risk and that COLREGs defines sunset-to-sunrise as the navigation-light boundary, but **no source establishes that AI advisory participation must be withdrawn at that boundary**, and none is claimed.","Numeric extraction only; may be citation, date, identifier, illustration or result; semantic inventory incomplete."
publications/active/ipsci-2026/submissions/v3-revision/manuscript-v3.md,Threats to Validity,516,not yet mapped: numeric token,06,PENDING — SC-3 stopped traceability review,ambiguous,AMBIGUOUS,"**A discontinuous governance boundary in the time classifier.** A fifth threat concerns the time component and is stated here because it bears directly on the graduated-governance claim this paper makes. The classifier is SAFE from sunrise to sunset and UNSAFE otherwise, with its boundary taken from COLREGs Rule 20(b) and its solar events computed per date from a frozen, version-pinned astronomical artefact validated against the U.S. Naval Observatory. **It transitions directly between SAFE and UNSAFE, with no intermediate value.** Over the five-year record, direct SAFE→UNSAFE transitions number **1,536**, against **2** under the fixed-clock classifier this replaced; time-driven SAFE→CAUTION transitions are **0**, against **1,545**. The architecture's central argument is that graduated governance is preferable to a binary step, and under this classifier the most predictable transition of the day *is* a step — so the tension is real and is disclosed rather than absorbed. Three qualifications bound it. First, the step follows from **removing an intermediate time band for which no evidence was found** — three reviews located no source supporting a twilight CAUTION state, and the fixed-clock boundaries it replaced (06:00 / 17:00 / 19:00) had no located source at all, with SAFE beginning before sunrise on every day of the year. It does not follow from any claim that conditions change discontinuously at sunset; nothing physical, meteorological or physiological is asserted to be discontinuous there. Second, the discontinuity is confined to the time component: **the architecture remains globally three-state**, with CAUTION reached through the wave and rainfall classifiers in 2,091 of 43,848 hours (4.77%), all weather-driven, and the containment property A_AI(SAFE) ⊃ A_AI(CAUTION) ⊃ A_AI(UNSAFE) = ∅ untouched. Third, the residual concern is a usability one — predictable withdrawal of advisory support at sunset may warrant anticipatory interface support, which is a notification concern separate from the safety-state classifier and is deliberately not addressed by inventing an intermediate state to smooth the transition. Finally, the governance rule itself is a **policy** choice: the evidence establishes that night navigation carries elevated risk and that COLREGs defines sunset-to-sunrise as the navigation-light boundary, but **no source establishes that AI advisory participation must be withdrawn at that boundary**, and none is claimed.","Numeric extraction only; may be citation, date, identifier, illustration or result; semantic inventory incomplete."
publications/active/ipsci-2026/submissions/v3-revision/manuscript-v3.md,Threats to Validity,516,not yet mapped: numeric token,00,PENDING — SC-3 stopped traceability review,ambiguous,AMBIGUOUS,"**A discontinuous governance boundary in the time classifier.** A fifth threat concerns the time component and is stated here because it bears directly on the graduated-governance claim this paper makes. The classifier is SAFE from sunrise to sunset and UNSAFE otherwise, with its boundary taken from COLREGs Rule 20(b) and its solar events computed per date from a frozen, version-pinned astronomical artefact validated against the U.S. Naval Observatory. **It transitions directly between SAFE and UNSAFE, with no intermediate value.** Over the five-year record, direct SAFE→UNSAFE transitions number **1,536**, against **2** under the fixed-clock classifier this replaced; time-driven SAFE→CAUTION transitions are **0**, against **1,545**. The architecture's central argument is that graduated governance is preferable to a binary step, and under this classifier the most predictable transition of the day *is* a step — so the tension is real and is disclosed rather than absorbed. Three qualifications bound it. First, the step follows from **removing an intermediate time band for which no evidence was found** — three reviews located no source supporting a twilight CAUTION state, and the fixed-clock boundaries it replaced (06:00 / 17:00 / 19:00) had no located source at all, with SAFE beginning before sunrise on every day of the year. It does not follow from any claim that conditions change discontinuously at sunset; nothing physical, meteorological or physiological is asserted to be discontinuous there. Second, the discontinuity is confined to the time component: **the architecture remains globally three-state**, with CAUTION reached through the wave and rainfall classifiers in 2,091 of 43,848 hours (4.77%), all weather-driven, and the containment property A_AI(SAFE) ⊃ A_AI(CAUTION) ⊃ A_AI(UNSAFE) = ∅ untouched. Third, the residual concern is a usability one — predictable withdrawal of advisory support at sunset may warrant anticipatory interface support, which is a notification concern separate from the safety-state classifier and is deliberately not addressed by inventing an intermediate state to smooth the transition. Finally, the governance rule itself is a **policy** choice: the evidence establishes that night navigation carries elevated risk and that COLREGs defines sunset-to-sunrise as the navigation-light boundary, but **no source establishes that AI advisory participation must be withdrawn at that boundary**, and none is claimed.","Numeric extraction only; may be citation, date, identifier, illustration or result; semantic inventory incomplete."
publications/active/ipsci-2026/submissions/v3-revision/manuscript-v3.md,Threats to Validity,516,not yet mapped: numeric token,17,PENDING — SC-3 stopped traceability review,ambiguous,AMBIGUOUS,"**A discontinuous governance boundary in the time classifier.** A fifth threat concerns the time component and is stated here because it bears directly on the graduated-governance claim this paper makes. The classifier is SAFE from sunrise to sunset and UNSAFE otherwise, with its boundary taken from COLREGs Rule 20(b) and its solar events computed per date from a frozen, version-pinned astronomical artefact validated against the U.S. Naval Observatory. **It transitions directly between SAFE and UNSAFE, with no intermediate value.** Over the five-year record, direct SAFE→UNSAFE transitions number **1,536**, against **2** under the fixed-clock classifier this replaced; time-driven SAFE→CAUTION transitions are **0**, against **1,545**. The architecture's central argument is that graduated governance is preferable to a binary step, and under this classifier the most predictable transition of the day *is* a step — so the tension is real and is disclosed rather than absorbed. Three qualifications bound it. First, the step follows from **removing an intermediate time band for which no evidence was found** — three reviews located no source supporting a twilight CAUTION state, and the fixed-clock boundaries it replaced (06:00 / 17:00 / 19:00) had no located source at all, with SAFE beginning before sunrise on every day of the year. It does not follow from any claim that conditions change discontinuously at sunset; nothing physical, meteorological or physiological is asserted to be discontinuous there. Second, the discontinuity is confined to the time component: **the architecture remains globally three-state**, with CAUTION reached through the wave and rainfall classifiers in 2,091 of 43,848 hours (4.77%), all weather-driven, and the containment property A_AI(SAFE) ⊃ A_AI(CAUTION) ⊃ A_AI(UNSAFE) = ∅ untouched. Third, the residual concern is a usability one — predictable withdrawal of advisory support at sunset may warrant anticipatory interface support, which is a notification concern separate from the safety-state classifier and is deliberately not addressed by inventing an intermediate state to smooth the transition. Finally, the governance rule itself is a **policy** choice: the evidence establishes that night navigation carries elevated risk and that COLREGs defines sunset-to-sunrise as the navigation-light boundary, but **no source establishes that AI advisory participation must be withdrawn at that boundary**, and none is claimed.","Numeric extraction only; may be citation, date, identifier, illustration or result; semantic inventory incomplete."
publications/active/ipsci-2026/submissions/v3-revision/manuscript-v3.md,Threats to Validity,516,not yet mapped: numeric token,00,PENDING — SC-3 stopped traceability review,ambiguous,AMBIGUOUS,"**A discontinuous governance boundary in the time classifier.** A fifth threat concerns the time component and is stated here because it bears directly on the graduated-governance claim this paper makes. The classifier is SAFE from sunrise to sunset and UNSAFE otherwise, with its boundary taken from COLREGs Rule 20(b) and its solar events computed per date from a frozen, version-pinned astronomical artefact validated against the U.S. Naval Observatory. **It transitions directly between SAFE and UNSAFE, with no intermediate value.** Over the five-year record, direct SAFE→UNSAFE transitions number **1,536**, against **2** under the fixed-clock classifier this replaced; time-driven SAFE→CAUTION transitions are **0**, against **1,545**. The architecture's central argument is that graduated governance is preferable to a binary step, and under this classifier the most predictable transition of the day *is* a step — so the tension is real and is disclosed rather than absorbed. Three qualifications bound it. First, the step follows from **removing an intermediate time band for which no evidence was found** — three reviews located no source supporting a twilight CAUTION state, and the fixed-clock boundaries it replaced (06:00 / 17:00 / 19:00) had no located source at all, with SAFE beginning before sunrise on every day of the year. It does not follow from any claim that conditions change discontinuously at sunset; nothing physical, meteorological or physiological is asserted to be discontinuous there. Second, the discontinuity is confined to the time component: **the architecture remains globally three-state**, with CAUTION reached through the wave and rainfall classifiers in 2,091 of 43,848 hours (4.77%), all weather-driven, and the containment property A_AI(SAFE) ⊃ A_AI(CAUTION) ⊃ A_AI(UNSAFE) = ∅ untouched. Third, the residual concern is a usability one — predictable withdrawal of advisory support at sunset may warrant anticipatory interface support, which is a notification concern separate from the safety-state classifier and is deliberately not addressed by inventing an intermediate state to smooth the transition. Finally, the governance rule itself is a **policy** choice: the evidence establishes that night navigation carries elevated risk and that COLREGs defines sunset-to-sunrise as the navigation-light boundary, but **no source establishes that AI advisory participation must be withdrawn at that boundary**, and none is claimed.","Numeric extraction only; may be citation, date, identifier, illustration or result; semantic inventory incomplete."
publications/active/ipsci-2026/submissions/v3-revision/manuscript-v3.md,Threats to Validity,516,not yet mapped: numeric token,19,PENDING — SC-3 stopped traceability review,ambiguous,AMBIGUOUS,"**A discontinuous governance boundary in the time classifier.** A fifth threat concerns the time component and is stated here because it bears directly on the graduated-governance claim this paper makes. The classifier is SAFE from sunrise to sunset and UNSAFE otherwise, with its boundary taken from COLREGs Rule 20(b) and its solar events computed per date from a frozen, version-pinned astronomical artefact validated against the U.S. Naval Observatory. **It transitions directly between SAFE and UNSAFE, with no intermediate value.** Over the five-year record, direct SAFE→UNSAFE transitions number **1,536**, against **2** under the fixed-clock classifier this replaced; time-driven SAFE→CAUTION transitions are **0**, against **1,545**. The architecture's central argument is that graduated governance is preferable to a binary step, and under this classifier the most predictable transition of the day *is* a step — so the tension is real and is disclosed rather than absorbed. Three qualifications bound it. First, the step follows from **removing an intermediate time band for which no evidence was found** — three reviews located no source supporting a twilight CAUTION state, and the fixed-clock boundaries it replaced (06:00 / 17:00 / 19:00) had no located source at all, with SAFE beginning before sunrise on every day of the year. It does not follow from any claim that conditions change discontinuously at sunset; nothing physical, meteorological or physiological is asserted to be discontinuous there. Second, the discontinuity is confined to the time component: **the architecture remains globally three-state**, with CAUTION reached through the wave and rainfall classifiers in 2,091 of 43,848 hours (4.77%), all weather-driven, and the containment property A_AI(SAFE) ⊃ A_AI(CAUTION) ⊃ A_AI(UNSAFE) = ∅ untouched. Third, the residual concern is a usability one — predictable withdrawal of advisory support at sunset may warrant anticipatory interface support, which is a notification concern separate from the safety-state classifier and is deliberately not addressed by inventing an intermediate state to smooth the transition. Finally, the governance rule itself is a **policy** choice: the evidence establishes that night navigation carries elevated risk and that COLREGs defines sunset-to-sunrise as the navigation-light boundary, but **no source establishes that AI advisory participation must be withdrawn at that boundary**, and none is claimed.","Numeric extraction only; may be citation, date, identifier, illustration or result; semantic inventory incomplete."
publications/active/ipsci-2026/submissions/v3-revision/manuscript-v3.md,Threats to Validity,516,not yet mapped: numeric token,00,PENDING — SC-3 stopped traceability review,ambiguous,AMBIGUOUS,"**A discontinuous governance boundary in the time classifier.** A fifth threat concerns the time component and is stated here because it bears directly on the graduated-governance claim this paper makes. The classifier is SAFE from sunrise to sunset and UNSAFE otherwise, with its boundary taken from COLREGs Rule 20(b) and its solar events computed per date from a frozen, version-pinned astronomical artefact validated against the U.S. Naval Observatory. **It transitions directly between SAFE and UNSAFE, with no intermediate value.** Over the five-year record, direct SAFE→UNSAFE transitions number **1,536**, against **2** under the fixed-clock classifier this replaced; time-driven SAFE→CAUTION transitions are **0**, against **1,545**. The architecture's central argument is that graduated governance is preferable to a binary step, and under this classifier the most predictable transition of the day *is* a step — so the tension is real and is disclosed rather than absorbed. Three qualifications bound it. First, the step follows from **removing an intermediate time band for which no evidence was found** — three reviews located no source supporting a twilight CAUTION state, and the fixed-clock boundaries it replaced (06:00 / 17:00 / 19:00) had no located source at all, with SAFE beginning before sunrise on every day of the year. It does not follow from any claim that conditions change discontinuously at sunset; nothing physical, meteorological or physiological is asserted to be discontinuous there. Second, the discontinuity is confined to the time component: **the architecture remains globally three-state**, with CAUTION reached through the wave and rainfall classifiers in 2,091 of 43,848 hours (4.77%), all weather-driven, and the containment property A_AI(SAFE) ⊃ A_AI(CAUTION) ⊃ A_AI(UNSAFE) = ∅ untouched. Third, the residual concern is a usability one — predictable withdrawal of advisory support at sunset may warrant anticipatory interface support, which is a notification concern separate from the safety-state classifier and is deliberately not addressed by inventing an intermediate state to smooth the transition. Finally, the governance rule itself is a **policy** choice: the evidence establishes that night navigation carries elevated risk and that COLREGs defines sunset-to-sunrise as the navigation-light boundary, but **no source establishes that AI advisory participation must be withdrawn at that boundary**, and none is claimed.","Numeric extraction only; may be citation, date, identifier, illustration or result; semantic inventory incomplete."
publications/active/ipsci-2026/submissions/v3-revision/manuscript-v3.md,Threats to Validity,516,not yet mapped: numeric token,"2,091",PENDING — SC-3 stopped traceability review,ambiguous,AMBIGUOUS,"**A discontinuous governance boundary in the time classifier.** A fifth threat concerns the time component and is stated here because it bears directly on the graduated-governance claim this paper makes. The classifier is SAFE from sunrise to sunset and UNSAFE otherwise, with its boundary taken from COLREGs Rule 20(b) and its solar events computed per date from a frozen, version-pinned astronomical artefact validated against the U.S. Naval Observatory. **It transitions directly between SAFE and UNSAFE, with no intermediate value.** Over the five-year record, direct SAFE→UNSAFE transitions number **1,536**, against **2** under the fixed-clock classifier this replaced; time-driven SAFE→CAUTION transitions are **0**, against **1,545**. The architecture's central argument is that graduated governance is preferable to a binary step, and under this classifier the most predictable transition of the day *is* a step — so the tension is real and is disclosed rather than absorbed. Three qualifications bound it. First, the step follows from **removing an intermediate time band for which no evidence was found** — three reviews located no source supporting a twilight CAUTION state, and the fixed-clock boundaries it replaced (06:00 / 17:00 / 19:00) had no located source at all, with SAFE beginning before sunrise on every day of the year. It does not follow from any claim that conditions change discontinuously at sunset; nothing physical, meteorological or physiological is asserted to be discontinuous there. Second, the discontinuity is confined to the time component: **the architecture remains globally three-state**, with CAUTION reached through the wave and rainfall classifiers in 2,091 of 43,848 hours (4.77%), all weather-driven, and the containment property A_AI(SAFE) ⊃ A_AI(CAUTION) ⊃ A_AI(UNSAFE) = ∅ untouched. Third, the residual concern is a usability one — predictable withdrawal of advisory support at sunset may warrant anticipatory interface support, which is a notification concern separate from the safety-state classifier and is deliberately not addressed by inventing an intermediate state to smooth the transition. Finally, the governance rule itself is a **policy** choice: the evidence establishes that night navigation carries elevated risk and that COLREGs defines sunset-to-sunrise as the navigation-light boundary, but **no source establishes that AI advisory participation must be withdrawn at that boundary**, and none is claimed.","Numeric extraction only; may be citation, date, identifier, illustration or result; semantic inventory incomplete."
publications/active/ipsci-2026/submissions/v3-revision/manuscript-v3.md,Threats to Validity,516,not yet mapped: numeric token,"43,848",PENDING — SC-3 stopped traceability review,ambiguous,AMBIGUOUS,"**A discontinuous governance boundary in the time classifier.** A fifth threat concerns the time component and is stated here because it bears directly on the graduated-governance claim this paper makes. The classifier is SAFE from sunrise to sunset and UNSAFE otherwise, with its boundary taken from COLREGs Rule 20(b) and its solar events computed per date from a frozen, version-pinned astronomical artefact validated against the U.S. Naval Observatory. **It transitions directly between SAFE and UNSAFE, with no intermediate value.** Over the five-year record, direct SAFE→UNSAFE transitions number **1,536**, against **2** under the fixed-clock classifier this replaced; time-driven SAFE→CAUTION transitions are **0**, against **1,545**. The architecture's central argument is that graduated governance is preferable to a binary step, and under this classifier the most predictable transition of the day *is* a step — so the tension is real and is disclosed rather than absorbed. Three qualifications bound it. First, the step follows from **removing an intermediate time band for which no evidence was found** — three reviews located no source supporting a twilight CAUTION state, and the fixed-clock boundaries it replaced (06:00 / 17:00 / 19:00) had no located source at all, with SAFE beginning before sunrise on every day of the year. It does not follow from any claim that conditions change discontinuously at sunset; nothing physical, meteorological or physiological is asserted to be discontinuous there. Second, the discontinuity is confined to the time component: **the architecture remains globally three-state**, with CAUTION reached through the wave and rainfall classifiers in 2,091 of 43,848 hours (4.77%), all weather-driven, and the containment property A_AI(SAFE) ⊃ A_AI(CAUTION) ⊃ A_AI(UNSAFE) = ∅ untouched. Third, the residual concern is a usability one — predictable withdrawal of advisory support at sunset may warrant anticipatory interface support, which is a notification concern separate from the safety-state classifier and is deliberately not addressed by inventing an intermediate state to smooth the transition. Finally, the governance rule itself is a **policy** choice: the evidence establishes that night navigation carries elevated risk and that COLREGs defines sunset-to-sunrise as the navigation-light boundary, but **no source establishes that AI advisory participation must be withdrawn at that boundary**, and none is claimed.","Numeric extraction only; may be citation, date, identifier, illustration or result; semantic inventory incomplete."
publications/active/ipsci-2026/submissions/v3-revision/manuscript-v3.md,Threats to Validity,516,not yet mapped: numeric token,4.77%,PENDING — SC-3 stopped traceability review,ambiguous,AMBIGUOUS,"**A discontinuous governance boundary in the time classifier.** A fifth threat concerns the time component and is stated here because it bears directly on the graduated-governance claim this paper makes. The classifier is SAFE from sunrise to sunset and UNSAFE otherwise, with its boundary taken from COLREGs Rule 20(b) and its solar events computed per date from a frozen, version-pinned astronomical artefact validated against the U.S. Naval Observatory. **It transitions directly between SAFE and UNSAFE, with no intermediate value.** Over the five-year record, direct SAFE→UNSAFE transitions number **1,536**, against **2** under the fixed-clock classifier this replaced; time-driven SAFE→CAUTION transitions are **0**, against **1,545**. The architecture's central argument is that graduated governance is preferable to a binary step, and under this classifier the most predictable transition of the day *is* a step — so the tension is real and is disclosed rather than absorbed. Three qualifications bound it. First, the step follows from **removing an intermediate time band for which no evidence was found** — three reviews located no source supporting a twilight CAUTION state, and the fixed-clock boundaries it replaced (06:00 / 17:00 / 19:00) had no located source at all, with SAFE beginning before sunrise on every day of the year. It does not follow from any claim that conditions change discontinuously at sunset; nothing physical, meteorological or physiological is asserted to be discontinuous there. Second, the discontinuity is confined to the time component: **the architecture remains globally three-state**, with CAUTION reached through the wave and rainfall classifiers in 2,091 of 43,848 hours (4.77%), all weather-driven, and the containment property A_AI(SAFE) ⊃ A_AI(CAUTION) ⊃ A_AI(UNSAFE) = ∅ untouched. Third, the residual concern is a usability one — predictable withdrawal of advisory support at sunset may warrant anticipatory interface support, which is a notification concern separate from the safety-state classifier and is deliberately not addressed by inventing an intermediate state to smooth the transition. Finally, the governance rule itself is a **policy** choice: the evidence establishes that night navigation carries elevated risk and that COLREGs defines sunset-to-sunrise as the navigation-light boundary, but **no source establishes that AI advisory participation must be withdrawn at that boundary**, and none is claimed.","Numeric extraction only; may be citation, date, identifier, illustration or result; semantic inventory incomplete."
publications/active/ipsci-2026/submissions/v3-revision/manuscript-v3.md,Threats to Validity,518,not yet mapped: numeric token,3,PENDING — SC-3 stopped traceability review,ambiguous,AMBIGUOUS,"**External validity.** Results are demonstrated in one domain — small-scale coastal fisheries in Kota Kinabalu, Sabah, Malaysia — with one vessel population and one regulatory context. The formal properties (Totality, Monotonicity, Safety Dominance) transfer by construction to any correct domain instantiation, but whether the three-state governance structure is practically appropriate in other domains has not been empirically validated. A further external threat concerns engine type: the Safety Dominance proof assumes a rule-based reasoning engine (A1–A4 in Theorem 3). Applicability to ML or LLM advisory components would require a different enforcement argument, since those components cannot provide the rule-conclusion guarantees that A4 requires.","Numeric extraction only; may be citation, date, identifier, illustration or result; semantic inventory incomplete."
publications/active/ipsci-2026/submissions/v3-revision/manuscript-v3.md,Threats to Validity,520,not yet mapped: numeric token,16,PENDING — SC-3 stopped traceability review,ambiguous,AMBIGUOUS,"**Construct validity.** The primary evaluation metric — advisory scope compliance rate P(AI(E) ⊆ A_AI(f(E))) — measures structural compliance, not advisory quality. A system can comply formally while producing advice within the permitted scope that is nonetheless unhelpful or poorly calibrated. This is addressed by a secondary metric (decision support utility), but the two measures are not equivalent: the architecture guarantees the first and only targets the second. A further construct threat is that the empirical characterisation measures classification behaviour over a historical environmental record, which is not the same as system behaviour in use. Fishers encountering real departure decisions may produce interaction patterns no replay can represent [16]. More fundamentally, the characterisation has no outcome data to score against: it establishes the rate at which the governance states are reached, not whether reaching them was correct.","Numeric extraction only; may be citation, date, identifier, illustration or result; semantic inventory incomplete."
publications/active/ipsci-2026/submissions/v3-revision/manuscript-v3.md,Threats to Validity,522,not yet mapped: numeric token,3,PENDING — SC-3 stopped traceability review,ambiguous,AMBIGUOUS,"**Conclusion validity.** No quantity of replayed hours can inductively establish that the formal guarantee holds universally. This threat is substantially mitigated by the construction proof: the Safety Dominance Property holds for all E by Theorem 3, not by passing a test set. Testing is a fidelity check on the implementation, not the primary basis for the safety claim. A distinct conclusion threat applies to the empirical figures themselves: they derive from one site over five years, with *g*_m absent throughout, and are consequently lower bounds specific to that site rather than estimates of how often the CAUTION mode would bind in general.","Numeric extraction only; may be citation, date, identifier, illustration or result; semantic inventory incomplete."
publications/active/ipsci-2026/submissions/v3-revision/manuscript-v3.md,Conclusion,526,not yet mapped: numeric token,7,PENDING — SC-3 stopped traceability review,ambiguous,AMBIGUOUS,"Four independent bodies of literature converge on the same gap. AI governance in safety-critical decision support addresses participation, authority, and agent execution — but not advisory scope. No reviewed architecture implements a recommendation space that contracts as a function of classified environmental safety state. The three closest structural precedents, Flehmig et al.'s traffic-light index [7], Sahoo's five-level protocol [23], and Ghaleb et al.'s safety gate [24], govern supervisory behaviour, agent action classes, and execution deferral respectively, while leaving AI recommendation content unchanged across all intermediate levels. The mechanistic evidence reinforces the gap: no AI component, regardless of technique, can reliably self-restrict as conditions deteriorate [25][26][27]. The consequence falls on the operator in marginal conditions — full-scope tactical advice at the moment the underlying data can no longer support it, with no architectural signal that anything has changed [4].","Numeric extraction only; may be citation, date, identifier, illustration or result; semantic inventory incomplete."
publications/active/ipsci-2026/submissions/v3-revision/manuscript-v3.md,Conclusion,526,not yet mapped: numeric token,23,PENDING — SC-3 stopped traceability review,ambiguous,AMBIGUOUS,"Four independent bodies of literature converge on the same gap. AI governance in safety-critical decision support addresses participation, authority, and agent execution — but not advisory scope. No reviewed architecture implements a recommendation space that contracts as a function of classified environmental safety state. The three closest structural precedents, Flehmig et al.'s traffic-light index [7], Sahoo's five-level protocol [23], and Ghaleb et al.'s safety gate [24], govern supervisory behaviour, agent action classes, and execution deferral respectively, while leaving AI recommendation content unchanged across all intermediate levels. The mechanistic evidence reinforces the gap: no AI component, regardless of technique, can reliably self-restrict as conditions deteriorate [25][26][27]. The consequence falls on the operator in marginal conditions — full-scope tactical advice at the moment the underlying data can no longer support it, with no architectural signal that anything has changed [4].","Numeric extraction only; may be citation, date, identifier, illustration or result; semantic inventory incomplete."
publications/active/ipsci-2026/submissions/v3-revision/manuscript-v3.md,Conclusion,526,not yet mapped: numeric token,24,PENDING — SC-3 stopped traceability review,ambiguous,AMBIGUOUS,"Four independent bodies of literature converge on the same gap. AI governance in safety-critical decision support addresses participation, authority, and agent execution — but not advisory scope. No reviewed architecture implements a recommendation space that contracts as a function of classified environmental safety state. The three closest structural precedents, Flehmig et al.'s traffic-light index [7], Sahoo's five-level protocol [23], and Ghaleb et al.'s safety gate [24], govern supervisory behaviour, agent action classes, and execution deferral respectively, while leaving AI recommendation content unchanged across all intermediate levels. The mechanistic evidence reinforces the gap: no AI component, regardless of technique, can reliably self-restrict as conditions deteriorate [25][26][27]. The consequence falls on the operator in marginal conditions — full-scope tactical advice at the moment the underlying data can no longer support it, with no architectural signal that anything has changed [4].","Numeric extraction only; may be citation, date, identifier, illustration or result; semantic inventory incomplete."
publications/active/ipsci-2026/submissions/v3-revision/manuscript-v3.md,Conclusion,526,not yet mapped: numeric token,25,PENDING — SC-3 stopped traceability review,ambiguous,AMBIGUOUS,"Four independent bodies of literature converge on the same gap. AI governance in safety-critical decision support addresses participation, authority, and agent execution — but not advisory scope. No reviewed architecture implements a recommendation space that contracts as a function of classified environmental safety state. The three closest structural precedents, Flehmig et al.'s traffic-light index [7], Sahoo's five-level protocol [23], and Ghaleb et al.'s safety gate [24], govern supervisory behaviour, agent action classes, and execution deferral respectively, while leaving AI recommendation content unchanged across all intermediate levels. The mechanistic evidence reinforces the gap: no AI component, regardless of technique, can reliably self-restrict as conditions deteriorate [25][26][27]. The consequence falls on the operator in marginal conditions — full-scope tactical advice at the moment the underlying data can no longer support it, with no architectural signal that anything has changed [4].","Numeric extraction only; may be citation, date, identifier, illustration or result; semantic inventory incomplete."
publications/active/ipsci-2026/submissions/v3-revision/manuscript-v3.md,Conclusion,526,not yet mapped: numeric token,26,PENDING — SC-3 stopped traceability review,ambiguous,AMBIGUOUS,"Four independent bodies of literature converge on the same gap. AI governance in safety-critical decision support addresses participation, authority, and agent execution — but not advisory scope. No reviewed architecture implements a recommendation space that contracts as a function of classified environmental safety state. The three closest structural precedents, Flehmig et al.'s traffic-light index [7], Sahoo's five-level protocol [23], and Ghaleb et al.'s safety gate [24], govern supervisory behaviour, agent action classes, and execution deferral respectively, while leaving AI recommendation content unchanged across all intermediate levels. The mechanistic evidence reinforces the gap: no AI component, regardless of technique, can reliably self-restrict as conditions deteriorate [25][26][27]. The consequence falls on the operator in marginal conditions — full-scope tactical advice at the moment the underlying data can no longer support it, with no architectural signal that anything has changed [4].","Numeric extraction only; may be citation, date, identifier, illustration or result; semantic inventory incomplete."
publications/active/ipsci-2026/submissions/v3-revision/manuscript-v3.md,Conclusion,526,not yet mapped: numeric token,27,PENDING — SC-3 stopped traceability review,ambiguous,AMBIGUOUS,"Four independent bodies of literature converge on the same gap. AI governance in safety-critical decision support addresses participation, authority, and agent execution — but not advisory scope. No reviewed architecture implements a recommendation space that contracts as a function of classified environmental safety state. The three closest structural precedents, Flehmig et al.'s traffic-light index [7], Sahoo's five-level protocol [23], and Ghaleb et al.'s safety gate [24], govern supervisory behaviour, agent action classes, and execution deferral respectively, while leaving AI recommendation content unchanged across all intermediate levels. The mechanistic evidence reinforces the gap: no AI component, regardless of technique, can reliably self-restrict as conditions deteriorate [25][26][27]. The consequence falls on the operator in marginal conditions — full-scope tactical advice at the moment the underlying data can no longer support it, with no architectural signal that anything has changed [4].","Numeric extraction only; may be citation, date, identifier, illustration or result; semantic inventory incomplete."
publications/active/ipsci-2026/submissions/v3-revision/manuscript-v3.md,Conclusion,526,not yet mapped: numeric token,4,PENDING — SC-3 stopped traceability review,ambiguous,AMBIGUOUS,"Four independent bodies of literature converge on the same gap. AI governance in safety-critical decision support addresses participation, authority, and agent execution — but not advisory scope. No reviewed architecture implements a recommendation space that contracts as a function of classified environmental safety state. The three closest structural precedents, Flehmig et al.'s traffic-light index [7], Sahoo's five-level protocol [23], and Ghaleb et al.'s safety gate [24], govern supervisory behaviour, agent action classes, and execution deferral respectively, while leaving AI recommendation content unchanged across all intermediate levels. The mechanistic evidence reinforces the gap: no AI component, regardless of technique, can reliably self-restrict as conditions deteriorate [25][26][27]. The consequence falls on the operator in marginal conditions — full-scope tactical advice at the moment the underlying data can no longer support it, with no architectural signal that anything has changed [4].","Numeric extraction only; may be citation, date, identifier, illustration or result; semantic inventory incomplete."
publications/active/ipsci-2026/submissions/v3-revision/manuscript-v3.md,Conclusion,528,not yet mapped: numeric token,72,PENDING — SC-3 stopped traceability review,ambiguous,AMBIGUOUS,"This paper contributes three things. First, a structured review of 72 papers plus three large-scale systematic reviews [5][6][21] confirms the binary governance gap independently from four bodies of literature, establishing that the absence is structural rather than incidental. Second, the graduated safety-state-gated architecture closes the gap through a formally specified governance pair (*G*(*S*), *A*_AI(*S*)) that produces a *CAUTION* mode — a formally distinct intermediate governance position that no reviewed architecture implements. Under *CAUTION*, *G*(*CAUTION*) = 1 (AI active) and *A*_AI(*CAUTION*) = {*Go, Delay*} ⊊ *A*_AI(*SAFE*): advisory scope is restricted, not participation. The Safety Dominance Property, *AI*(*E*) ⊆ *A*_AI(*f*(*E*)), holds by construction rather than by runtime monitoring — there is no execution path by which the reasoning engine can produce a recommendation type outside its active rule set.","Numeric extraction only; may be citation, date, identifier, illustration or result; semantic inventory incomplete."
publications/active/ipsci-2026/submissions/v3-revision/manuscript-v3.md,Conclusion,528,not yet mapped: numeric token,5,PENDING — SC-3 stopped traceability review,ambiguous,AMBIGUOUS,"This paper contributes three things. First, a structured review of 72 papers plus three large-scale systematic reviews [5][6][21] confirms the binary governance gap independently from four bodies of literature, establishing that the absence is structural rather than incidental. Second, the graduated safety-state-gated architecture closes the gap through a formally specified governance pair (*G*(*S*), *A*_AI(*S*)) that produces a *CAUTION* mode — a formally distinct intermediate governance position that no reviewed architecture implements. Under *CAUTION*, *G*(*CAUTION*) = 1 (AI active) and *A*_AI(*CAUTION*) = {*Go, Delay*} ⊊ *A*_AI(*SAFE*): advisory scope is restricted, not participation. The Safety Dominance Property, *AI*(*E*) ⊆ *A*_AI(*f*(*E*)), holds by construction rather than by runtime monitoring — there is no execution path by which the reasoning engine can produce a recommendation type outside its active rule set.","Numeric extraction only; may be citation, date, identifier, illustration or result; semantic inventory incomplete."
publications/active/ipsci-2026/submissions/v3-revision/manuscript-v3.md,Conclusion,528,not yet mapped: numeric token,6,PENDING — SC-3 stopped traceability review,ambiguous,AMBIGUOUS,"This paper contributes three things. First, a structured review of 72 papers plus three large-scale systematic reviews [5][6][21] confirms the binary governance gap independently from four bodies of literature, establishing that the absence is structural rather than incidental. Second, the graduated safety-state-gated architecture closes the gap through a formally specified governance pair (*G*(*S*), *A*_AI(*S*)) that produces a *CAUTION* mode — a formally distinct intermediate governance position that no reviewed architecture implements. Under *CAUTION*, *G*(*CAUTION*) = 1 (AI active) and *A*_AI(*CAUTION*) = {*Go, Delay*} ⊊ *A*_AI(*SAFE*): advisory scope is restricted, not participation. The Safety Dominance Property, *AI*(*E*) ⊆ *A*_AI(*f*(*E*)), holds by construction rather than by runtime monitoring — there is no execution path by which the reasoning engine can produce a recommendation type outside its active rule set.","Numeric extraction only; may be citation, date, identifier, illustration or result; semantic inventory incomplete."
publications/active/ipsci-2026/submissions/v3-revision/manuscript-v3.md,Conclusion,528,not yet mapped: numeric token,21,PENDING — SC-3 stopped traceability review,ambiguous,AMBIGUOUS,"This paper contributes three things. First, a structured review of 72 papers plus three large-scale systematic reviews [5][6][21] confirms the binary governance gap independently from four bodies of literature, establishing that the absence is structural rather than incidental. Second, the graduated safety-state-gated architecture closes the gap through a formally specified governance pair (*G*(*S*), *A*_AI(*S*)) that produces a *CAUTION* mode — a formally distinct intermediate governance position that no reviewed architecture implements. Under *CAUTION*, *G*(*CAUTION*) = 1 (AI active) and *A*_AI(*CAUTION*) = {*Go, Delay*} ⊊ *A*_AI(*SAFE*): advisory scope is restricted, not participation. The Safety Dominance Property, *AI*(*E*) ⊆ *A*_AI(*f*(*E*)), holds by construction rather than by runtime monitoring — there is no execution path by which the reasoning engine can produce a recommendation type outside its active rule set.","Numeric extraction only; may be citation, date, identifier, illustration or result; semantic inventory incomplete."
publications/active/ipsci-2026/submissions/v3-revision/manuscript-v3.md,Conclusion,528,not yet mapped: numeric token,1,PENDING — SC-3 stopped traceability review,ambiguous,AMBIGUOUS,"This paper contributes three things. First, a structured review of 72 papers plus three large-scale systematic reviews [5][6][21] confirms the binary governance gap independently from four bodies of literature, establishing that the absence is structural rather than incidental. Second, the graduated safety-state-gated architecture closes the gap through a formally specified governance pair (*G*(*S*), *A*_AI(*S*)) that produces a *CAUTION* mode — a formally distinct intermediate governance position that no reviewed architecture implements. Under *CAUTION*, *G*(*CAUTION*) = 1 (AI active) and *A*_AI(*CAUTION*) = {*Go, Delay*} ⊊ *A*_AI(*SAFE*): advisory scope is restricted, not participation. The Safety Dominance Property, *AI*(*E*) ⊆ *A*_AI(*f*(*E*)), holds by construction rather than by runtime monitoring — there is no execution path by which the reasoning engine can produce a recommendation type outside its active rule set.","Numeric extraction only; may be citation, date, identifier, illustration or result; semantic inventory incomplete."
publications/active/ipsci-2026/submissions/v3-revision/manuscript-v3.md,Conclusion,530,not yet mapped: numeric token,5.8%,PENDING — SC-3 stopped traceability review,ambiguous,AMBIGUOUS,"Third, the architecture is instantiated for small-scale coastal fisheries at Kota Kinabalu and its governance layer executed against five years of hourly environmental data for that site. The *CAUTION* mode binds in 5.8% of departure-window hours for the operative vessel class — approximately one departure morning in seventeen on which a binary architecture supplies tactical recommendations that this architecture withholds — falling to 4.5% when a higher-resolution wave model is substituted over a shorter period, a spread that is reported as the grid-resolution sensitivity rather than resolved to a single figure. The *UNSAFE* state is reachable by sea state and not only by darkness, and the vessel-conditional form of the ocean-state component changes the classification for 9.1% of departure hours relative to vessel-blind thresholds. A four-condition comparison over the same record isolates the two governance levels: the participation gate accounts for 42.88% of departure hours and advisory scope restriction for a further 5.81%, while a traffic-light baseline instantiating the closest structural precedent diverges from a plain binary gate in **0.00%** of hours — its intermediate level is not observable in AI output. Predictions were registered with numeric bounds before each analysis ran and re-resolved under the final specification; fifteen of twenty-four are confirmed and nine refuted. Of the seven outcomes that changed, three follow from the time-classifier decision and four had already been refuted by earlier threshold and data corrections, an attribution the record keeps separate. These figures characterise governance behaviour at one location and, with the marine-warning component unmeasured throughout, are lower bounds; no incident record exists against which the classifications themselves could be scored.","Numeric extraction only; may be citation, date, identifier, illustration or result; semantic inventory incomplete."
publications/active/ipsci-2026/submissions/v3-revision/manuscript-v3.md,Conclusion,530,not yet mapped: numeric token,4.5%,PENDING — SC-3 stopped traceability review,ambiguous,AMBIGUOUS,"Third, the architecture is instantiated for small-scale coastal fisheries at Kota Kinabalu and its governance layer executed against five years of hourly environmental data for that site. The *CAUTION* mode binds in 5.8% of departure-window hours for the operative vessel class — approximately one departure morning in seventeen on which a binary architecture supplies tactical recommendations that this architecture withholds — falling to 4.5% when a higher-resolution wave model is substituted over a shorter period, a spread that is reported as the grid-resolution sensitivity rather than resolved to a single figure. The *UNSAFE* state is reachable by sea state and not only by darkness, and the vessel-conditional form of the ocean-state component changes the classification for 9.1% of departure hours relative to vessel-blind thresholds. A four-condition comparison over the same record isolates the two governance levels: the participation gate accounts for 42.88% of departure hours and advisory scope restriction for a further 5.81%, while a traffic-light baseline instantiating the closest structural precedent diverges from a plain binary gate in **0.00%** of hours — its intermediate level is not observable in AI output. Predictions were registered with numeric bounds before each analysis ran and re-resolved under the final specification; fifteen of twenty-four are confirmed and nine refuted. Of the seven outcomes that changed, three follow from the time-classifier decision and four had already been refuted by earlier threshold and data corrections, an attribution the record keeps separate. These figures characterise governance behaviour at one location and, with the marine-warning component unmeasured throughout, are lower bounds; no incident record exists against which the classifications themselves could be scored.","Numeric extraction only; may be citation, date, identifier, illustration or result; semantic inventory incomplete."
publications/active/ipsci-2026/submissions/v3-revision/manuscript-v3.md,Conclusion,530,not yet mapped: numeric token,9.1%,PENDING — SC-3 stopped traceability review,ambiguous,AMBIGUOUS,"Third, the architecture is instantiated for small-scale coastal fisheries at Kota Kinabalu and its governance layer executed against five years of hourly environmental data for that site. The *CAUTION* mode binds in 5.8% of departure-window hours for the operative vessel class — approximately one departure morning in seventeen on which a binary architecture supplies tactical recommendations that this architecture withholds — falling to 4.5% when a higher-resolution wave model is substituted over a shorter period, a spread that is reported as the grid-resolution sensitivity rather than resolved to a single figure. The *UNSAFE* state is reachable by sea state and not only by darkness, and the vessel-conditional form of the ocean-state component changes the classification for 9.1% of departure hours relative to vessel-blind thresholds. A four-condition comparison over the same record isolates the two governance levels: the participation gate accounts for 42.88% of departure hours and advisory scope restriction for a further 5.81%, while a traffic-light baseline instantiating the closest structural precedent diverges from a plain binary gate in **0.00%** of hours — its intermediate level is not observable in AI output. Predictions were registered with numeric bounds before each analysis ran and re-resolved under the final specification; fifteen of twenty-four are confirmed and nine refuted. Of the seven outcomes that changed, three follow from the time-classifier decision and four had already been refuted by earlier threshold and data corrections, an attribution the record keeps separate. These figures characterise governance behaviour at one location and, with the marine-warning component unmeasured throughout, are lower bounds; no incident record exists against which the classifications themselves could be scored.","Numeric extraction only; may be citation, date, identifier, illustration or result; semantic inventory incomplete."
publications/active/ipsci-2026/submissions/v3-revision/manuscript-v3.md,Conclusion,530,not yet mapped: numeric token,42.88%,PENDING — SC-3 stopped traceability review,ambiguous,AMBIGUOUS,"Third, the architecture is instantiated for small-scale coastal fisheries at Kota Kinabalu and its governance layer executed against five years of hourly environmental data for that site. The *CAUTION* mode binds in 5.8% of departure-window hours for the operative vessel class — approximately one departure morning in seventeen on which a binary architecture supplies tactical recommendations that this architecture withholds — falling to 4.5% when a higher-resolution wave model is substituted over a shorter period, a spread that is reported as the grid-resolution sensitivity rather than resolved to a single figure. The *UNSAFE* state is reachable by sea state and not only by darkness, and the vessel-conditional form of the ocean-state component changes the classification for 9.1% of departure hours relative to vessel-blind thresholds. A four-condition comparison over the same record isolates the two governance levels: the participation gate accounts for 42.88% of departure hours and advisory scope restriction for a further 5.81%, while a traffic-light baseline instantiating the closest structural precedent diverges from a plain binary gate in **0.00%** of hours — its intermediate level is not observable in AI output. Predictions were registered with numeric bounds before each analysis ran and re-resolved under the final specification; fifteen of twenty-four are confirmed and nine refuted. Of the seven outcomes that changed, three follow from the time-classifier decision and four had already been refuted by earlier threshold and data corrections, an attribution the record keeps separate. These figures characterise governance behaviour at one location and, with the marine-warning component unmeasured throughout, are lower bounds; no incident record exists against which the classifications themselves could be scored.","Numeric extraction only; may be citation, date, identifier, illustration or result; semantic inventory incomplete."
publications/active/ipsci-2026/submissions/v3-revision/manuscript-v3.md,Conclusion,530,not yet mapped: numeric token,5.81%,PENDING — SC-3 stopped traceability review,ambiguous,AMBIGUOUS,"Third, the architecture is instantiated for small-scale coastal fisheries at Kota Kinabalu and its governance layer executed against five years of hourly environmental data for that site. The *CAUTION* mode binds in 5.8% of departure-window hours for the operative vessel class — approximately one departure morning in seventeen on which a binary architecture supplies tactical recommendations that this architecture withholds — falling to 4.5% when a higher-resolution wave model is substituted over a shorter period, a spread that is reported as the grid-resolution sensitivity rather than resolved to a single figure. The *UNSAFE* state is reachable by sea state and not only by darkness, and the vessel-conditional form of the ocean-state component changes the classification for 9.1% of departure hours relative to vessel-blind thresholds. A four-condition comparison over the same record isolates the two governance levels: the participation gate accounts for 42.88% of departure hours and advisory scope restriction for a further 5.81%, while a traffic-light baseline instantiating the closest structural precedent diverges from a plain binary gate in **0.00%** of hours — its intermediate level is not observable in AI output. Predictions were registered with numeric bounds before each analysis ran and re-resolved under the final specification; fifteen of twenty-four are confirmed and nine refuted. Of the seven outcomes that changed, three follow from the time-classifier decision and four had already been refuted by earlier threshold and data corrections, an attribution the record keeps separate. These figures characterise governance behaviour at one location and, with the marine-warning component unmeasured throughout, are lower bounds; no incident record exists against which the classifications themselves could be scored.","Numeric extraction only; may be citation, date, identifier, illustration or result; semantic inventory incomplete."
publications/active/ipsci-2026/submissions/v3-revision/manuscript-v3.md,Conclusion,530,not yet mapped: numeric token,0.00%,PENDING — SC-3 stopped traceability review,ambiguous,AMBIGUOUS,"Third, the architecture is instantiated for small-scale coastal fisheries at Kota Kinabalu and its governance layer executed against five years of hourly environmental data for that site. The *CAUTION* mode binds in 5.8% of departure-window hours for the operative vessel class — approximately one departure morning in seventeen on which a binary architecture supplies tactical recommendations that this architecture withholds — falling to 4.5% when a higher-resolution wave model is substituted over a shorter period, a spread that is reported as the grid-resolution sensitivity rather than resolved to a single figure. The *UNSAFE* state is reachable by sea state and not only by darkness, and the vessel-conditional form of the ocean-state component changes the classification for 9.1% of departure hours relative to vessel-blind thresholds. A four-condition comparison over the same record isolates the two governance levels: the participation gate accounts for 42.88% of departure hours and advisory scope restriction for a further 5.81%, while a traffic-light baseline instantiating the closest structural precedent diverges from a plain binary gate in **0.00%** of hours — its intermediate level is not observable in AI output. Predictions were registered with numeric bounds before each analysis ran and re-resolved under the final specification; fifteen of twenty-four are confirmed and nine refuted. Of the seven outcomes that changed, three follow from the time-classifier decision and four had already been refuted by earlier threshold and data corrections, an attribution the record keeps separate. These figures characterise governance behaviour at one location and, with the marine-warning component unmeasured throughout, are lower bounds; no incident record exists against which the classifications themselves could be scored.","Numeric extraction only; may be citation, date, identifier, illustration or result; semantic inventory incomplete."
publications/active/ipsci-2026/submissions/v3-revision/manuscript-v3.md,Conclusion,532,not yet mapped: numeric token,1,PENDING — SC-3 stopped traceability review,ambiguous,AMBIGUOUS,"Three formal properties are proved. Theorem 1 (Totality) establishes that *f*(*E*) is defined for all inputs, including corrupted sensor data, so the governance layer is never without a classification basis. Theorem 2 (Monotonicity) establishes that advisory scope never expands as conditions worsen: *A*_AI(*SAFE*) ⊃ *A*_AI(*CAUTION*) ⊃ *A*_AI(*UNSAFE*) = ∅. Theorem 3 (Safety Dominance Property) establishes that AI output is bounded within the admissible scope at every safety state, by construction. Together they characterise a governance mechanism with no formally identifiable path by which AI recommendations can exceed their warranted scope — completeness, consistency, and effectiveness as a composite guarantee.","Numeric extraction only; may be citation, date, identifier, illustration or result; semantic inventory incomplete."
publications/active/ipsci-2026/submissions/v3-revision/manuscript-v3.md,Conclusion,532,not yet mapped: numeric token,2,PENDING — SC-3 stopped traceability review,ambiguous,AMBIGUOUS,"Three formal properties are proved. Theorem 1 (Totality) establishes that *f*(*E*) is defined for all inputs, including corrupted sensor data, so the governance layer is never without a classification basis. Theorem 2 (Monotonicity) establishes that advisory scope never expands as conditions worsen: *A*_AI(*SAFE*) ⊃ *A*_AI(*CAUTION*) ⊃ *A*_AI(*UNSAFE*) = ∅. Theorem 3 (Safety Dominance Property) establishes that AI output is bounded within the admissible scope at every safety state, by construction. Together they characterise a governance mechanism with no formally identifiable path by which AI recommendations can exceed their warranted scope — completeness, consistency, and effectiveness as a composite guarantee.","Numeric extraction only; may be citation, date, identifier, illustration or result; semantic inventory incomplete."
publications/active/ipsci-2026/submissions/v3-revision/manuscript-v3.md,Conclusion,532,not yet mapped: numeric token,3,PENDING — SC-3 stopped traceability review,ambiguous,AMBIGUOUS,"Three formal properties are proved. Theorem 1 (Totality) establishes that *f*(*E*) is defined for all inputs, including corrupted sensor data, so the governance layer is never without a classification basis. Theorem 2 (Monotonicity) establishes that advisory scope never expands as conditions worsen: *A*_AI(*SAFE*) ⊃ *A*_AI(*CAUTION*) ⊃ *A*_AI(*UNSAFE*) = ∅. Theorem 3 (Safety Dominance Property) establishes that AI output is bounded within the admissible scope at every safety state, by construction. Together they characterise a governance mechanism with no formally identifiable path by which AI recommendations can exceed their warranted scope — completeness, consistency, and effectiveness as a composite guarantee.","Numeric extraction only; may be citation, date, identifier, illustration or result; semantic inventory incomplete."
publications/active/ipsci-2026/submissions/v3-revision/manuscript-v3.md,Conclusion,534,not yet mapped: numeric token,1,PENDING — SC-3 stopped traceability review,ambiguous,AMBIGUOUS,"Immediate next steps are: (1) implementation of the reasoning engine, enabling the advisory-output comparison across three conditions (ungated, binary-gated, and the proposed graduated architecture) that the present characterisation does not cover, since it exercises the classifier and governance pair rather than the engine beneath them; (2) a contextual user study with small-scale fishers across the three safety states to assess whether *CAUTION* mode produces calibrated reliance rather than over-reliance or non-reliance; and (3) instantiation in at least one additional safety-critical domain to validate the claim of domain independence empirically. Longer-term work includes a formal certification pathway against IEC 61508 Safety Integrity Levels and maritime safety standards, and extension of *R* to cover recommendation types that require learned inference rather than rule-based reasoning, which would require a different enforcement argument for the Safety Dominance Property.","Numeric extraction only; may be citation, date, identifier, illustration or result; semantic inventory incomplete."
publications/active/ipsci-2026/submissions/v3-revision/manuscript-v3.md,Conclusion,534,not yet mapped: numeric token,2,PENDING — SC-3 stopped traceability review,ambiguous,AMBIGUOUS,"Immediate next steps are: (1) implementation of the reasoning engine, enabling the advisory-output comparison across three conditions (ungated, binary-gated, and the proposed graduated architecture) that the present characterisation does not cover, since it exercises the classifier and governance pair rather than the engine beneath them; (2) a contextual user study with small-scale fishers across the three safety states to assess whether *CAUTION* mode produces calibrated reliance rather than over-reliance or non-reliance; and (3) instantiation in at least one additional safety-critical domain to validate the claim of domain independence empirically. Longer-term work includes a formal certification pathway against IEC 61508 Safety Integrity Levels and maritime safety standards, and extension of *R* to cover recommendation types that require learned inference rather than rule-based reasoning, which would require a different enforcement argument for the Safety Dominance Property.","Numeric extraction only; may be citation, date, identifier, illustration or result; semantic inventory incomplete."
publications/active/ipsci-2026/submissions/v3-revision/manuscript-v3.md,Conclusion,534,not yet mapped: numeric token,3,PENDING — SC-3 stopped traceability review,ambiguous,AMBIGUOUS,"Immediate next steps are: (1) implementation of the reasoning engine, enabling the advisory-output comparison across three conditions (ungated, binary-gated, and the proposed graduated architecture) that the present characterisation does not cover, since it exercises the classifier and governance pair rather than the engine beneath them; (2) a contextual user study with small-scale fishers across the three safety states to assess whether *CAUTION* mode produces calibrated reliance rather than over-reliance or non-reliance; and (3) instantiation in at least one additional safety-critical domain to validate the claim of domain independence empirically. Longer-term work includes a formal certification pathway against IEC 61508 Safety Integrity Levels and maritime safety standards, and extension of *R* to cover recommendation types that require learned inference rather than rule-based reasoning, which would require a different enforcement argument for the Safety Dominance Property.","Numeric extraction only; may be citation, date, identifier, illustration or result; semantic inventory incomplete."
publications/active/ipsci-2026/submissions/v3-revision/manuscript-v3.md,Conclusion,534,not yet mapped: numeric token,61508,PENDING — SC-3 stopped traceability review,ambiguous,AMBIGUOUS,"Immediate next steps are: (1) implementation of the reasoning engine, enabling the advisory-output comparison across three conditions (ungated, binary-gated, and the proposed graduated architecture) that the present characterisation does not cover, since it exercises the classifier and governance pair rather than the engine beneath them; (2) a contextual user study with small-scale fishers across the three safety states to assess whether *CAUTION* mode produces calibrated reliance rather than over-reliance or non-reliance; and (3) instantiation in at least one additional safety-critical domain to validate the claim of domain independence empirically. Longer-term work includes a formal certification pathway against IEC 61508 Safety Integrity Levels and maritime safety standards, and extension of *R* to cover recommendation types that require learned inference rather than rule-based reasoning, which would require a different enforcement argument for the Safety Dominance Property.","Numeric extraction only; may be citation, date, identifier, illustration or result; semantic inventory incomplete."
publications/active/ipsci-2026/submissions/v3-revision/manuscript-v3.md,References,538,not yet mapped: numeric token,1,PENDING — SC-3 stopped traceability review,ambiguous,AMBIGUOUS,"[1] L. Yamin, T.-C. Kuo, and N. Aziz, ""Interplay of traditional knowledge and adaptive capacity in climate change adaptation of small-scale fishers in central Terengganu, Malaysia,"" *Frontiers in Marine Science*, vol. 12, p. 1492131, 2025. doi: 10.3389/fmars.2025.1492131","Numeric extraction only; may be citation, date, identifier, illustration or result; semantic inventory incomplete."
publications/active/ipsci-2026/submissions/v3-revision/manuscript-v3.md,References,538,not yet mapped: numeric token,12,PENDING — SC-3 stopped traceability review,ambiguous,AMBIGUOUS,"[1] L. Yamin, T.-C. Kuo, and N. Aziz, ""Interplay of traditional knowledge and adaptive capacity in climate change adaptation of small-scale fishers in central Terengganu, Malaysia,"" *Frontiers in Marine Science*, vol. 12, p. 1492131, 2025. doi: 10.3389/fmars.2025.1492131","Numeric extraction only; may be citation, date, identifier, illustration or result; semantic inventory incomplete."
publications/active/ipsci-2026/submissions/v3-revision/manuscript-v3.md,References,538,not yet mapped: numeric token,1492131,PENDING — SC-3 stopped traceability review,ambiguous,AMBIGUOUS,"[1] L. Yamin, T.-C. Kuo, and N. Aziz, ""Interplay of traditional knowledge and adaptive capacity in climate change adaptation of small-scale fishers in central Terengganu, Malaysia,"" *Frontiers in Marine Science*, vol. 12, p. 1492131, 2025. doi: 10.3389/fmars.2025.1492131","Numeric extraction only; may be citation, date, identifier, illustration or result; semantic inventory incomplete."
publications/active/ipsci-2026/submissions/v3-revision/manuscript-v3.md,References,538,not yet mapped: numeric token,2025,PENDING — SC-3 stopped traceability review,ambiguous,AMBIGUOUS,"[1] L. Yamin, T.-C. Kuo, and N. Aziz, ""Interplay of traditional knowledge and adaptive capacity in climate change adaptation of small-scale fishers in central Terengganu, Malaysia,"" *Frontiers in Marine Science*, vol. 12, p. 1492131, 2025. doi: 10.3389/fmars.2025.1492131","Numeric extraction only; may be citation, date, identifier, illustration or result; semantic inventory incomplete."
publications/active/ipsci-2026/submissions/v3-revision/manuscript-v3.md,References,538,not yet mapped: numeric token,10.3389,PENDING — SC-3 stopped traceability review,ambiguous,AMBIGUOUS,"[1] L. Yamin, T.-C. Kuo, and N. Aziz, ""Interplay of traditional knowledge and adaptive capacity in climate change adaptation of small-scale fishers in central Terengganu, Malaysia,"" *Frontiers in Marine Science*, vol. 12, p. 1492131, 2025. doi: 10.3389/fmars.2025.1492131","Numeric extraction only; may be citation, date, identifier, illustration or result; semantic inventory incomplete."
publications/active/ipsci-2026/submissions/v3-revision/manuscript-v3.md,References,538,not yet mapped: numeric token,2025.1492131,PENDING — SC-3 stopped traceability review,ambiguous,AMBIGUOUS,"[1] L. Yamin, T.-C. Kuo, and N. Aziz, ""Interplay of traditional knowledge and adaptive capacity in climate change adaptation of small-scale fishers in central Terengganu, Malaysia,"" *Frontiers in Marine Science*, vol. 12, p. 1492131, 2025. doi: 10.3389/fmars.2025.1492131","Numeric extraction only; may be citation, date, identifier, illustration or result; semantic inventory incomplete."
publications/active/ipsci-2026/submissions/v3-revision/manuscript-v3.md,References,540,not yet mapped: numeric token,2,PENDING — SC-3 stopped traceability review,ambiguous,AMBIGUOUS,"[2] C. Dominguez-Péry, R. Tassabehji, F. Corset, and Z. Chreim, ""A holistic view of maritime navigation accidents and risk indicators: examining IMO reports from 2011 to 2021,"" *Journal of Shipping and Trade*, vol. 8, p. 11, 2023. doi: 10.1186/s41072-023-00135-y","Numeric extraction only; may be citation, date, identifier, illustration or result; semantic inventory incomplete."
publications/active/ipsci-2026/submissions/v3-revision/manuscript-v3.md,References,540,not yet mapped: numeric token,2011,PENDING — SC-3 stopped traceability review,ambiguous,AMBIGUOUS,"[2] C. Dominguez-Péry, R. Tassabehji, F. Corset, and Z. Chreim, ""A holistic view of maritime navigation accidents and risk indicators: examining IMO reports from 2011 to 2021,"" *Journal of Shipping and Trade*, vol. 8, p. 11, 2023. doi: 10.1186/s41072-023-00135-y","Numeric extraction only; may be citation, date, identifier, illustration or result; semantic inventory incomplete."
publications/active/ipsci-2026/submissions/v3-revision/manuscript-v3.md,References,540,not yet mapped: numeric token,2021,PENDING — SC-3 stopped traceability review,ambiguous,AMBIGUOUS,"[2] C. Dominguez-Péry, R. Tassabehji, F. Corset, and Z. Chreim, ""A holistic view of maritime navigation accidents and risk indicators: examining IMO reports from 2011 to 2021,"" *Journal of Shipping and Trade*, vol. 8, p. 11, 2023. doi: 10.1186/s41072-023-00135-y","Numeric extraction only; may be citation, date, identifier, illustration or result; semantic inventory incomplete."
publications/active/ipsci-2026/submissions/v3-revision/manuscript-v3.md,References,540,not yet mapped: numeric token,8,PENDING — SC-3 stopped traceability review,ambiguous,AMBIGUOUS,"[2] C. Dominguez-Péry, R. Tassabehji, F. Corset, and Z. Chreim, ""A holistic view of maritime navigation accidents and risk indicators: examining IMO reports from 2011 to 2021,"" *Journal of Shipping and Trade*, vol. 8, p. 11, 2023. doi: 10.1186/s41072-023-00135-y","Numeric extraction only; may be citation, date, identifier, illustration or result; semantic inventory incomplete."
publications/active/ipsci-2026/submissions/v3-revision/manuscript-v3.md,References,540,not yet mapped: numeric token,11,PENDING — SC-3 stopped traceability review,ambiguous,AMBIGUOUS,"[2] C. Dominguez-Péry, R. Tassabehji, F. Corset, and Z. Chreim, ""A holistic view of maritime navigation accidents and risk indicators: examining IMO reports from 2011 to 2021,"" *Journal of Shipping and Trade*, vol. 8, p. 11, 2023. doi: 10.1186/s41072-023-00135-y","Numeric extraction only; may be citation, date, identifier, illustration or result; semantic inventory incomplete."
publications/active/ipsci-2026/submissions/v3-revision/manuscript-v3.md,References,540,not yet mapped: numeric token,2023,PENDING — SC-3 stopped traceability review,ambiguous,AMBIGUOUS,"[2] C. Dominguez-Péry, R. Tassabehji, F. Corset, and Z. Chreim, ""A holistic view of maritime navigation accidents and risk indicators: examining IMO reports from 2011 to 2021,"" *Journal of Shipping and Trade*, vol. 8, p. 11, 2023. doi: 10.1186/s41072-023-00135-y","Numeric extraction only; may be citation, date, identifier, illustration or result; semantic inventory incomplete."
publications/active/ipsci-2026/submissions/v3-revision/manuscript-v3.md,References,540,not yet mapped: numeric token,10.1186,PENDING — SC-3 stopped traceability review,ambiguous,AMBIGUOUS,"[2] C. Dominguez-Péry, R. Tassabehji, F. Corset, and Z. Chreim, ""A holistic view of maritime navigation accidents and risk indicators: examining IMO reports from 2011 to 2021,"" *Journal of Shipping and Trade*, vol. 8, p. 11, 2023. doi: 10.1186/s41072-023-00135-y","Numeric extraction only; may be citation, date, identifier, illustration or result; semantic inventory incomplete."
publications/active/ipsci-2026/submissions/v3-revision/manuscript-v3.md,References,540,not yet mapped: numeric token,023,PENDING — SC-3 stopped traceability review,ambiguous,AMBIGUOUS,"[2] C. Dominguez-Péry, R. Tassabehji, F. Corset, and Z. Chreim, ""A holistic view of maritime navigation accidents and risk indicators: examining IMO reports from 2011 to 2021,"" *Journal of Shipping and Trade*, vol. 8, p. 11, 2023. doi: 10.1186/s41072-023-00135-y","Numeric extraction only; may be citation, date, identifier, illustration or result; semantic inventory incomplete."
publications/active/ipsci-2026/submissions/v3-revision/manuscript-v3.md,References,540,not yet mapped: numeric token,00135,PENDING — SC-3 stopped traceability review,ambiguous,AMBIGUOUS,"[2] C. Dominguez-Péry, R. Tassabehji, F. Corset, and Z. Chreim, ""A holistic view of maritime navigation accidents and risk indicators: examining IMO reports from 2011 to 2021,"" *Journal of Shipping and Trade*, vol. 8, p. 11, 2023. doi: 10.1186/s41072-023-00135-y","Numeric extraction only; may be citation, date, identifier, illustration or result; semantic inventory incomplete."
publications/active/ipsci-2026/submissions/v3-revision/manuscript-v3.md,References,542,not yet mapped: numeric token,3,PENDING — SC-3 stopped traceability review,ambiguous,AMBIGUOUS,"[3] C. Atacan and F. O. Düzbastılar, ""Determination of risk perception in small-scale fishing and navigation,"" *Ege Journal of Fisheries and Aquatic Sciences*, vol. 40, no. 1, pp. 1–14, 2023. doi: 10.12714/egejfas.40.1.01","Numeric extraction only; may be citation, date, identifier, illustration or result; semantic inventory incomplete."
publications/active/ipsci-2026/submissions/v3-revision/manuscript-v3.md,References,542,not yet mapped: numeric token,40,PENDING — SC-3 stopped traceability review,ambiguous,AMBIGUOUS,"[3] C. Atacan and F. O. Düzbastılar, ""Determination of risk perception in small-scale fishing and navigation,"" *Ege Journal of Fisheries and Aquatic Sciences*, vol. 40, no. 1, pp. 1–14, 2023. doi: 10.12714/egejfas.40.1.01","Numeric extraction only; may be citation, date, identifier, illustration or result; semantic inventory incomplete."
publications/active/ipsci-2026/submissions/v3-revision/manuscript-v3.md,References,542,not yet mapped: numeric token,1,PENDING — SC-3 stopped traceability review,ambiguous,AMBIGUOUS,"[3] C. Atacan and F. O. Düzbastılar, ""Determination of risk perception in small-scale fishing and navigation,"" *Ege Journal of Fisheries and Aquatic Sciences*, vol. 40, no. 1, pp. 1–14, 2023. doi: 10.12714/egejfas.40.1.01","Numeric extraction only; may be citation, date, identifier, illustration or result; semantic inventory incomplete."
publications/active/ipsci-2026/submissions/v3-revision/manuscript-v3.md,References,542,not yet mapped: numeric token,1,PENDING — SC-3 stopped traceability review,ambiguous,AMBIGUOUS,"[3] C. Atacan and F. O. Düzbastılar, ""Determination of risk perception in small-scale fishing and navigation,"" *Ege Journal of Fisheries and Aquatic Sciences*, vol. 40, no. 1, pp. 1–14, 2023. doi: 10.12714/egejfas.40.1.01","Numeric extraction only; may be citation, date, identifier, illustration or result; semantic inventory incomplete."
publications/active/ipsci-2026/submissions/v3-revision/manuscript-v3.md,References,542,not yet mapped: numeric token,14,PENDING — SC-3 stopped traceability review,ambiguous,AMBIGUOUS,"[3] C. Atacan and F. O. Düzbastılar, ""Determination of risk perception in small-scale fishing and navigation,"" *Ege Journal of Fisheries and Aquatic Sciences*, vol. 40, no. 1, pp. 1–14, 2023. doi: 10.12714/egejfas.40.1.01","Numeric extraction only; may be citation, date, identifier, illustration or result; semantic inventory incomplete."
publications/active/ipsci-2026/submissions/v3-revision/manuscript-v3.md,References,542,not yet mapped: numeric token,2023,PENDING — SC-3 stopped traceability review,ambiguous,AMBIGUOUS,"[3] C. Atacan and F. O. Düzbastılar, ""Determination of risk perception in small-scale fishing and navigation,"" *Ege Journal of Fisheries and Aquatic Sciences*, vol. 40, no. 1, pp. 1–14, 2023. doi: 10.12714/egejfas.40.1.01","Numeric extraction only; may be citation, date, identifier, illustration or result; semantic inventory incomplete."
publications/active/ipsci-2026/submissions/v3-revision/manuscript-v3.md,References,542,not yet mapped: numeric token,10.12714,PENDING — SC-3 stopped traceability review,ambiguous,AMBIGUOUS,"[3] C. Atacan and F. O. Düzbastılar, ""Determination of risk perception in small-scale fishing and navigation,"" *Ege Journal of Fisheries and Aquatic Sciences*, vol. 40, no. 1, pp. 1–14, 2023. doi: 10.12714/egejfas.40.1.01","Numeric extraction only; may be citation, date, identifier, illustration or result; semantic inventory incomplete."
publications/active/ipsci-2026/submissions/v3-revision/manuscript-v3.md,References,542,not yet mapped: numeric token,40.1,PENDING — SC-3 stopped traceability review,ambiguous,AMBIGUOUS,"[3] C. Atacan and F. O. Düzbastılar, ""Determination of risk perception in small-scale fishing and navigation,"" *Ege Journal of Fisheries and Aquatic Sciences*, vol. 40, no. 1, pp. 1–14, 2023. doi: 10.12714/egejfas.40.1.01","Numeric extraction only; may be citation, date, identifier, illustration or result; semantic inventory incomplete."
publications/active/ipsci-2026/submissions/v3-revision/manuscript-v3.md,References,542,not yet mapped: numeric token,01,PENDING — SC-3 stopped traceability review,ambiguous,AMBIGUOUS,"[3] C. Atacan and F. O. Düzbastılar, ""Determination of risk perception in small-scale fishing and navigation,"" *Ege Journal of Fisheries and Aquatic Sciences*, vol. 40, no. 1, pp. 1–14, 2023. doi: 10.12714/egejfas.40.1.01","Numeric extraction only; may be citation, date, identifier, illustration or result; semantic inventory incomplete."
publications/active/ipsci-2026/submissions/v3-revision/manuscript-v3.md,References,544,not yet mapped: numeric token,4,PENDING — SC-3 stopped traceability review,ambiguous,AMBIGUOUS,"[4] H. Wen, Z. Sajid, and R. Arunthavanathan, ""Risk perception in complex systems: A comparative analysis of process control and autonomous vehicle failures,"" *AI*, vol. 6, no. 8, p. 164, 2025. doi: 10.3390/ai6080164","Numeric extraction only; may be citation, date, identifier, illustration or result; semantic inventory incomplete."
publications/active/ipsci-2026/submissions/v3-revision/manuscript-v3.md,References,544,not yet mapped: numeric token,6,PENDING — SC-3 stopped traceability review,ambiguous,AMBIGUOUS,"[4] H. Wen, Z. Sajid, and R. Arunthavanathan, ""Risk perception in complex systems: A comparative analysis of process control and autonomous vehicle failures,"" *AI*, vol. 6, no. 8, p. 164, 2025. doi: 10.3390/ai6080164","Numeric extraction only; may be citation, date, identifier, illustration or result; semantic inventory incomplete."
publications/active/ipsci-2026/submissions/v3-revision/manuscript-v3.md,References,544,not yet mapped: numeric token,8,PENDING — SC-3 stopped traceability review,ambiguous,AMBIGUOUS,"[4] H. Wen, Z. Sajid, and R. Arunthavanathan, ""Risk perception in complex systems: A comparative analysis of process control and autonomous vehicle failures,"" *AI*, vol. 6, no. 8, p. 164, 2025. doi: 10.3390/ai6080164","Numeric extraction only; may be citation, date, identifier, illustration or result; semantic inventory incomplete."
publications/active/ipsci-2026/submissions/v3-revision/manuscript-v3.md,References,544,not yet mapped: numeric token,164,PENDING — SC-3 stopped traceability review,ambiguous,AMBIGUOUS,"[4] H. Wen, Z. Sajid, and R. Arunthavanathan, ""Risk perception in complex systems: A comparative analysis of process control and autonomous vehicle failures,"" *AI*, vol. 6, no. 8, p. 164, 2025. doi: 10.3390/ai6080164","Numeric extraction only; may be citation, date, identifier, illustration or result; semantic inventory incomplete."
publications/active/ipsci-2026/submissions/v3-revision/manuscript-v3.md,References,544,not yet mapped: numeric token,2025,PENDING — SC-3 stopped traceability review,ambiguous,AMBIGUOUS,"[4] H. Wen, Z. Sajid, and R. Arunthavanathan, ""Risk perception in complex systems: A comparative analysis of process control and autonomous vehicle failures,"" *AI*, vol. 6, no. 8, p. 164, 2025. doi: 10.3390/ai6080164","Numeric extraction only; may be citation, date, identifier, illustration or result; semantic inventory incomplete."
publications/active/ipsci-2026/submissions/v3-revision/manuscript-v3.md,References,544,not yet mapped: numeric token,10.3390,PENDING — SC-3 stopped traceability review,ambiguous,AMBIGUOUS,"[4] H. Wen, Z. Sajid, and R. Arunthavanathan, ""Risk perception in complex systems: A comparative analysis of process control and autonomous vehicle failures,"" *AI*, vol. 6, no. 8, p. 164, 2025. doi: 10.3390/ai6080164","Numeric extraction only; may be citation, date, identifier, illustration or result; semantic inventory incomplete."
publications/active/ipsci-2026/submissions/v3-revision/manuscript-v3.md,References,546,not yet mapped: numeric token,5,PENDING — SC-3 stopped traceability review,ambiguous,AMBIGUOUS,"[5] V. Indykov, D. Strüber, and R. Wohlrab, ""Architectural tactics to achieve quality attributes of machine-learning-enabled systems: A systematic literature review,"" *Journal of Systems and Software*, vol. 223, p. 112373, 2025. doi: 10.1016/j.jss.2025.112373","Numeric extraction only; may be citation, date, identifier, illustration or result; semantic inventory incomplete."
publications/active/ipsci-2026/submissions/v3-revision/manuscript-v3.md,References,546,not yet mapped: numeric token,223,PENDING — SC-3 stopped traceability review,ambiguous,AMBIGUOUS,"[5] V. Indykov, D. Strüber, and R. Wohlrab, ""Architectural tactics to achieve quality attributes of machine-learning-enabled systems: A systematic literature review,"" *Journal of Systems and Software*, vol. 223, p. 112373, 2025. doi: 10.1016/j.jss.2025.112373","Numeric extraction only; may be citation, date, identifier, illustration or result; semantic inventory incomplete."
publications/active/ipsci-2026/submissions/v3-revision/manuscript-v3.md,References,546,not yet mapped: numeric token,112373,PENDING — SC-3 stopped traceability review,ambiguous,AMBIGUOUS,"[5] V. Indykov, D. Strüber, and R. Wohlrab, ""Architectural tactics to achieve quality attributes of machine-learning-enabled systems: A systematic literature review,"" *Journal of Systems and Software*, vol. 223, p. 112373, 2025. doi: 10.1016/j.jss.2025.112373","Numeric extraction only; may be citation, date, identifier, illustration or result; semantic inventory incomplete."
publications/active/ipsci-2026/submissions/v3-revision/manuscript-v3.md,References,546,not yet mapped: numeric token,2025,PENDING — SC-3 stopped traceability review,ambiguous,AMBIGUOUS,"[5] V. Indykov, D. Strüber, and R. Wohlrab, ""Architectural tactics to achieve quality attributes of machine-learning-enabled systems: A systematic literature review,"" *Journal of Systems and Software*, vol. 223, p. 112373, 2025. doi: 10.1016/j.jss.2025.112373","Numeric extraction only; may be citation, date, identifier, illustration or result; semantic inventory incomplete."
publications/active/ipsci-2026/submissions/v3-revision/manuscript-v3.md,References,546,not yet mapped: numeric token,10.1016,PENDING — SC-3 stopped traceability review,ambiguous,AMBIGUOUS,"[5] V. Indykov, D. Strüber, and R. Wohlrab, ""Architectural tactics to achieve quality attributes of machine-learning-enabled systems: A systematic literature review,"" *Journal of Systems and Software*, vol. 223, p. 112373, 2025. doi: 10.1016/j.jss.2025.112373","Numeric extraction only; may be citation, date, identifier, illustration or result; semantic inventory incomplete."
publications/active/ipsci-2026/submissions/v3-revision/manuscript-v3.md,References,546,not yet mapped: numeric token,2025.112373,PENDING — SC-3 stopped traceability review,ambiguous,AMBIGUOUS,"[5] V. Indykov, D. Strüber, and R. Wohlrab, ""Architectural tactics to achieve quality attributes of machine-learning-enabled systems: A systematic literature review,"" *Journal of Systems and Software*, vol. 223, p. 112373, 2025. doi: 10.1016/j.jss.2025.112373","Numeric extraction only; may be citation, date, identifier, illustration or result; semantic inventory incomplete."
publications/active/ipsci-2026/submissions/v3-revision/manuscript-v3.md,References,548,not yet mapped: numeric token,6,PENDING — SC-3 stopped traceability review,ambiguous,AMBIGUOUS,"[6] Md. Shamsujjoha, Q. Lu, D. Zhao, and L. Zhu, ""Swiss cheese model for AI safety: A taxonomy and reference architecture for multi-layered guardrails of foundation model based agents,"" in *Proc. IEEE 22nd Int. Conf. Software Architecture (ICSA)*, 2025, pp. 37–48. doi: 10.1109/ICSA65012.2025.00014","Numeric extraction only; may be citation, date, identifier, illustration or result; semantic inventory incomplete."
publications/active/ipsci-2026/submissions/v3-revision/manuscript-v3.md,References,548,not yet mapped: numeric token,22,PENDING — SC-3 stopped traceability review,ambiguous,AMBIGUOUS,"[6] Md. Shamsujjoha, Q. Lu, D. Zhao, and L. Zhu, ""Swiss cheese model for AI safety: A taxonomy and reference architecture for multi-layered guardrails of foundation model based agents,"" in *Proc. IEEE 22nd Int. Conf. Software Architecture (ICSA)*, 2025, pp. 37–48. doi: 10.1109/ICSA65012.2025.00014","Numeric extraction only; may be citation, date, identifier, illustration or result; semantic inventory incomplete."
publications/active/ipsci-2026/submissions/v3-revision/manuscript-v3.md,References,548,not yet mapped: numeric token,2025,PENDING — SC-3 stopped traceability review,ambiguous,AMBIGUOUS,"[6] Md. Shamsujjoha, Q. Lu, D. Zhao, and L. Zhu, ""Swiss cheese model for AI safety: A taxonomy and reference architecture for multi-layered guardrails of foundation model based agents,"" in *Proc. IEEE 22nd Int. Conf. Software Architecture (ICSA)*, 2025, pp. 37–48. doi: 10.1109/ICSA65012.2025.00014","Numeric extraction only; may be citation, date, identifier, illustration or result; semantic inventory incomplete."
publications/active/ipsci-2026/submissions/v3-revision/manuscript-v3.md,References,548,not yet mapped: numeric token,37,PENDING — SC-3 stopped traceability review,ambiguous,AMBIGUOUS,"[6] Md. Shamsujjoha, Q. Lu, D. Zhao, and L. Zhu, ""Swiss cheese model for AI safety: A taxonomy and reference architecture for multi-layered guardrails of foundation model based agents,"" in *Proc. IEEE 22nd Int. Conf. Software Architecture (ICSA)*, 2025, pp. 37–48. doi: 10.1109/ICSA65012.2025.00014","Numeric extraction only; may be citation, date, identifier, illustration or result; semantic inventory incomplete."
publications/active/ipsci-2026/submissions/v3-revision/manuscript-v3.md,References,548,not yet mapped: numeric token,48,PENDING — SC-3 stopped traceability review,ambiguous,AMBIGUOUS,"[6] Md. Shamsujjoha, Q. Lu, D. Zhao, and L. Zhu, ""Swiss cheese model for AI safety: A taxonomy and reference architecture for multi-layered guardrails of foundation model based agents,"" in *Proc. IEEE 22nd Int. Conf. Software Architecture (ICSA)*, 2025, pp. 37–48. doi: 10.1109/ICSA65012.2025.00014","Numeric extraction only; may be citation, date, identifier, illustration or result; semantic inventory incomplete."
publications/active/ipsci-2026/submissions/v3-revision/manuscript-v3.md,References,548,not yet mapped: numeric token,10.1109,PENDING — SC-3 stopped traceability review,ambiguous,AMBIGUOUS,"[6] Md. Shamsujjoha, Q. Lu, D. Zhao, and L. Zhu, ""Swiss cheese model for AI safety: A taxonomy and reference architecture for multi-layered guardrails of foundation model based agents,"" in *Proc. IEEE 22nd Int. Conf. Software Architecture (ICSA)*, 2025, pp. 37–48. doi: 10.1109/ICSA65012.2025.00014","Numeric extraction only; may be citation, date, identifier, illustration or result; semantic inventory incomplete."
publications/active/ipsci-2026/submissions/v3-revision/manuscript-v3.md,References,548,not yet mapped: numeric token,2025.00014,PENDING — SC-3 stopped traceability review,ambiguous,AMBIGUOUS,"[6] Md. Shamsujjoha, Q. Lu, D. Zhao, and L. Zhu, ""Swiss cheese model for AI safety: A taxonomy and reference architecture for multi-layered guardrails of foundation model based agents,"" in *Proc. IEEE 22nd Int. Conf. Software Architecture (ICSA)*, 2025, pp. 37–48. doi: 10.1109/ICSA65012.2025.00014","Numeric extraction only; may be citation, date, identifier, illustration or result; semantic inventory incomplete."
publications/active/ipsci-2026/submissions/v3-revision/manuscript-v3.md,References,550,not yet mapped: numeric token,7,PENDING — SC-3 stopped traceability review,ambiguous,AMBIGUOUS,"[7] N. Flehmig, M. A. Lundteigen, and S. Yin, ""Implementing artificial intelligence in safety-critical systems during operation: Challenges and extended framework for a quality assurance process,"" in *Proc. IEEE IECON 2024: 50th Annual Conf. IEEE Industrial Electronics Society*, 2024. doi: 10.1109/IECON55916.2024.10906021","Numeric extraction only; may be citation, date, identifier, illustration or result; semantic inventory incomplete."
publications/active/ipsci-2026/submissions/v3-revision/manuscript-v3.md,References,550,not yet mapped: numeric token,2024,PENDING — SC-3 stopped traceability review,ambiguous,AMBIGUOUS,"[7] N. Flehmig, M. A. Lundteigen, and S. Yin, ""Implementing artificial intelligence in safety-critical systems during operation: Challenges and extended framework for a quality assurance process,"" in *Proc. IEEE IECON 2024: 50th Annual Conf. IEEE Industrial Electronics Society*, 2024. doi: 10.1109/IECON55916.2024.10906021","Numeric extraction only; may be citation, date, identifier, illustration or result; semantic inventory incomplete."
publications/active/ipsci-2026/submissions/v3-revision/manuscript-v3.md,References,550,not yet mapped: numeric token,50,PENDING — SC-3 stopped traceability review,ambiguous,AMBIGUOUS,"[7] N. Flehmig, M. A. Lundteigen, and S. Yin, ""Implementing artificial intelligence in safety-critical systems during operation: Challenges and extended framework for a quality assurance process,"" in *Proc. IEEE IECON 2024: 50th Annual Conf. IEEE Industrial Electronics Society*, 2024. doi: 10.1109/IECON55916.2024.10906021","Numeric extraction only; may be citation, date, identifier, illustration or result; semantic inventory incomplete."
publications/active/ipsci-2026/submissions/v3-revision/manuscript-v3.md,References,550,not yet mapped: numeric token,2024,PENDING — SC-3 stopped traceability review,ambiguous,AMBIGUOUS,"[7] N. Flehmig, M. A. Lundteigen, and S. Yin, ""Implementing artificial intelligence in safety-critical systems during operation: Challenges and extended framework for a quality assurance process,"" in *Proc. IEEE IECON 2024: 50th Annual Conf. IEEE Industrial Electronics Society*, 2024. doi: 10.1109/IECON55916.2024.10906021","Numeric extraction only; may be citation, date, identifier, illustration or result; semantic inventory incomplete."
publications/active/ipsci-2026/submissions/v3-revision/manuscript-v3.md,References,550,not yet mapped: numeric token,10.1109,PENDING — SC-3 stopped traceability review,ambiguous,AMBIGUOUS,"[7] N. Flehmig, M. A. Lundteigen, and S. Yin, ""Implementing artificial intelligence in safety-critical systems during operation: Challenges and extended framework for a quality assurance process,"" in *Proc. IEEE IECON 2024: 50th Annual Conf. IEEE Industrial Electronics Society*, 2024. doi: 10.1109/IECON55916.2024.10906021","Numeric extraction only; may be citation, date, identifier, illustration or result; semantic inventory incomplete."
publications/active/ipsci-2026/submissions/v3-revision/manuscript-v3.md,References,550,not yet mapped: numeric token,2024.10906021,PENDING — SC-3 stopped traceability review,ambiguous,AMBIGUOUS,"[7] N. Flehmig, M. A. Lundteigen, and S. Yin, ""Implementing artificial intelligence in safety-critical systems during operation: Challenges and extended framework for a quality assurance process,"" in *Proc. IEEE IECON 2024: 50th Annual Conf. IEEE Industrial Electronics Society*, 2024. doi: 10.1109/IECON55916.2024.10906021","Numeric extraction only; may be citation, date, identifier, illustration or result; semantic inventory incomplete."
publications/active/ipsci-2026/submissions/v3-revision/manuscript-v3.md,References,552,not yet mapped: numeric token,8,PENDING — SC-3 stopped traceability review,ambiguous,AMBIGUOUS,"[8] B. Könighofer et al., ""Shields for safe reinforcement learning,"" *Communications of the ACM*, vol. 68, no. 11, pp. 80–90, 2025. doi: 10.1145/3715958","Numeric extraction only; may be citation, date, identifier, illustration or result; semantic inventory incomplete."
publications/active/ipsci-2026/submissions/v3-revision/manuscript-v3.md,References,552,not yet mapped: numeric token,68,PENDING — SC-3 stopped traceability review,ambiguous,AMBIGUOUS,"[8] B. Könighofer et al., ""Shields for safe reinforcement learning,"" *Communications of the ACM*, vol. 68, no. 11, pp. 80–90, 2025. doi: 10.1145/3715958","Numeric extraction only; may be citation, date, identifier, illustration or result; semantic inventory incomplete."
publications/active/ipsci-2026/submissions/v3-revision/manuscript-v3.md,References,552,not yet mapped: numeric token,11,PENDING — SC-3 stopped traceability review,ambiguous,AMBIGUOUS,"[8] B. Könighofer et al., ""Shields for safe reinforcement learning,"" *Communications of the ACM*, vol. 68, no. 11, pp. 80–90, 2025. doi: 10.1145/3715958","Numeric extraction only; may be citation, date, identifier, illustration or result; semantic inventory incomplete."
publications/active/ipsci-2026/submissions/v3-revision/manuscript-v3.md,References,552,not yet mapped: numeric token,80,PENDING — SC-3 stopped traceability review,ambiguous,AMBIGUOUS,"[8] B. Könighofer et al., ""Shields for safe reinforcement learning,"" *Communications of the ACM*, vol. 68, no. 11, pp. 80–90, 2025. doi: 10.1145/3715958","Numeric extraction only; may be citation, date, identifier, illustration or result; semantic inventory incomplete."
publications/active/ipsci-2026/submissions/v3-revision/manuscript-v3.md,References,552,not yet mapped: numeric token,90,PENDING — SC-3 stopped traceability review,ambiguous,AMBIGUOUS,"[8] B. Könighofer et al., ""Shields for safe reinforcement learning,"" *Communications of the ACM*, vol. 68, no. 11, pp. 80–90, 2025. doi: 10.1145/3715958","Numeric extraction only; may be citation, date, identifier, illustration or result; semantic inventory incomplete."
publications/active/ipsci-2026/submissions/v3-revision/manuscript-v3.md,References,552,not yet mapped: numeric token,2025,PENDING — SC-3 stopped traceability review,ambiguous,AMBIGUOUS,"[8] B. Könighofer et al., ""Shields for safe reinforcement learning,"" *Communications of the ACM*, vol. 68, no. 11, pp. 80–90, 2025. doi: 10.1145/3715958","Numeric extraction only; may be citation, date, identifier, illustration or result; semantic inventory incomplete."
publications/active/ipsci-2026/submissions/v3-revision/manuscript-v3.md,References,552,not yet mapped: numeric token,10.1145,PENDING — SC-3 stopped traceability review,ambiguous,AMBIGUOUS,"[8] B. Könighofer et al., ""Shields for safe reinforcement learning,"" *Communications of the ACM*, vol. 68, no. 11, pp. 80–90, 2025. doi: 10.1145/3715958","Numeric extraction only; may be citation, date, identifier, illustration or result; semantic inventory incomplete."
publications/active/ipsci-2026/submissions/v3-revision/manuscript-v3.md,References,552,not yet mapped: numeric token,3715958,PENDING — SC-3 stopped traceability review,ambiguous,AMBIGUOUS,"[8] B. Könighofer et al., ""Shields for safe reinforcement learning,"" *Communications of the ACM*, vol. 68, no. 11, pp. 80–90, 2025. doi: 10.1145/3715958","Numeric extraction only; may be citation, date, identifier, illustration or result; semantic inventory incomplete."
publications/active/ipsci-2026/submissions/v3-revision/manuscript-v3.md,References,554,not yet mapped: numeric token,9,PENDING — SC-3 stopped traceability review,ambiguous,AMBIGUOUS,"[9] D. Dalrymple et al., ""Towards guaranteed safe AI: A framework for ensuring robust and reliable AI systems,"" *arXiv preprint* arXiv:2405.06624, 2024.","Numeric extraction only; may be citation, date, identifier, illustration or result; semantic inventory incomplete."
publications/active/ipsci-2026/submissions/v3-revision/manuscript-v3.md,References,554,not yet mapped: numeric token,2405.06624,PENDING — SC-3 stopped traceability review,ambiguous,AMBIGUOUS,"[9] D. Dalrymple et al., ""Towards guaranteed safe AI: A framework for ensuring robust and reliable AI systems,"" *arXiv preprint* arXiv:2405.06624, 2024.","Numeric extraction only; may be citation, date, identifier, illustration or result; semantic inventory incomplete."
publications/active/ipsci-2026/submissions/v3-revision/manuscript-v3.md,References,554,not yet mapped: numeric token,2024,PENDING — SC-3 stopped traceability review,ambiguous,AMBIGUOUS,"[9] D. Dalrymple et al., ""Towards guaranteed safe AI: A framework for ensuring robust and reliable AI systems,"" *arXiv preprint* arXiv:2405.06624, 2024.","Numeric extraction only; may be citation, date, identifier, illustration or result; semantic inventory incomplete."
publications/active/ipsci-2026/submissions/v3-revision/manuscript-v3.md,References,556,not yet mapped: numeric token,10,PENDING — SC-3 stopped traceability review,ambiguous,AMBIGUOUS,"[10] A. Bajcsy and J. F. Fisac, ""Human–AI safety: A descendant of generative AI and control systems safety,"" *arXiv preprint* arXiv:2405.09794, 2024.","Numeric extraction only; may be citation, date, identifier, illustration or result; semantic inventory incomplete."
publications/active/ipsci-2026/submissions/v3-revision/manuscript-v3.md,References,556,not yet mapped: numeric token,2405.09794,PENDING — SC-3 stopped traceability review,ambiguous,AMBIGUOUS,"[10] A. Bajcsy and J. F. Fisac, ""Human–AI safety: A descendant of generative AI and control systems safety,"" *arXiv preprint* arXiv:2405.09794, 2024.","Numeric extraction only; may be citation, date, identifier, illustration or result; semantic inventory incomplete."
publications/active/ipsci-2026/submissions/v3-revision/manuscript-v3.md,References,556,not yet mapped: numeric token,2024,PENDING — SC-3 stopped traceability review,ambiguous,AMBIGUOUS,"[10] A. Bajcsy and J. F. Fisac, ""Human–AI safety: A descendant of generative AI and control systems safety,"" *arXiv preprint* arXiv:2405.09794, 2024.","Numeric extraction only; may be citation, date, identifier, illustration or result; semantic inventory incomplete."
publications/active/ipsci-2026/submissions/v3-revision/manuscript-v3.md,References,558,not yet mapped: numeric token,11,PENDING — SC-3 stopped traceability review,ambiguous,AMBIGUOUS,"[11] I.F. Ramos, G. Gianini, M.C. Leva, and E. Damiani, ""Collaborative intelligence for safety-critical industries: A literature review,"" *Information*, vol. 15, no. 11, p. 728, 2024. doi: 10.3390/info15110728","Numeric extraction only; may be citation, date, identifier, illustration or result; semantic inventory incomplete."
publications/active/ipsci-2026/submissions/v3-revision/manuscript-v3.md,References,558,not yet mapped: numeric token,15,PENDING — SC-3 stopped traceability review,ambiguous,AMBIGUOUS,"[11] I.F. Ramos, G. Gianini, M.C. Leva, and E. Damiani, ""Collaborative intelligence for safety-critical industries: A literature review,"" *Information*, vol. 15, no. 11, p. 728, 2024. doi: 10.3390/info15110728","Numeric extraction only; may be citation, date, identifier, illustration or result; semantic inventory incomplete."
publications/active/ipsci-2026/submissions/v3-revision/manuscript-v3.md,References,558,not yet mapped: numeric token,11,PENDING — SC-3 stopped traceability review,ambiguous,AMBIGUOUS,"[11] I.F. Ramos, G. Gianini, M.C. Leva, and E. Damiani, ""Collaborative intelligence for safety-critical industries: A literature review,"" *Information*, vol. 15, no. 11, p. 728, 2024. doi: 10.3390/info15110728","Numeric extraction only; may be citation, date, identifier, illustration or result; semantic inventory incomplete."
publications/active/ipsci-2026/submissions/v3-revision/manuscript-v3.md,References,558,not yet mapped: numeric token,728,PENDING — SC-3 stopped traceability review,ambiguous,AMBIGUOUS,"[11] I.F. Ramos, G. Gianini, M.C. Leva, and E. Damiani, ""Collaborative intelligence for safety-critical industries: A literature review,"" *Information*, vol. 15, no. 11, p. 728, 2024. doi: 10.3390/info15110728","Numeric extraction only; may be citation, date, identifier, illustration or result; semantic inventory incomplete."
publications/active/ipsci-2026/submissions/v3-revision/manuscript-v3.md,References,558,not yet mapped: numeric token,2024,PENDING — SC-3 stopped traceability review,ambiguous,AMBIGUOUS,"[11] I.F. Ramos, G. Gianini, M.C. Leva, and E. Damiani, ""Collaborative intelligence for safety-critical industries: A literature review,"" *Information*, vol. 15, no. 11, p. 728, 2024. doi: 10.3390/info15110728","Numeric extraction only; may be citation, date, identifier, illustration or result; semantic inventory incomplete."
publications/active/ipsci-2026/submissions/v3-revision/manuscript-v3.md,References,558,not yet mapped: numeric token,10.3390,PENDING — SC-3 stopped traceability review,ambiguous,AMBIGUOUS,"[11] I.F. Ramos, G. Gianini, M.C. Leva, and E. Damiani, ""Collaborative intelligence for safety-critical industries: A literature review,"" *Information*, vol. 15, no. 11, p. 728, 2024. doi: 10.3390/info15110728","Numeric extraction only; may be citation, date, identifier, illustration or result; semantic inventory incomplete."
publications/active/ipsci-2026/submissions/v3-revision/manuscript-v3.md,References,560,not yet mapped: numeric token,12,PENDING — SC-3 stopped traceability review,ambiguous,AMBIGUOUS,"[12] Z. Feng, J. McDonald, and C. Zhang, ""Levels of autonomy for AI agents,"" *arXiv preprint* arXiv:2506.12469, 2025.","Numeric extraction only; may be citation, date, identifier, illustration or result; semantic inventory incomplete."
publications/active/ipsci-2026/submissions/v3-revision/manuscript-v3.md,References,560,not yet mapped: numeric token,2506.12469,PENDING — SC-3 stopped traceability review,ambiguous,AMBIGUOUS,"[12] Z. Feng, J. McDonald, and C. Zhang, ""Levels of autonomy for AI agents,"" *arXiv preprint* arXiv:2506.12469, 2025.","Numeric extraction only; may be citation, date, identifier, illustration or result; semantic inventory incomplete."
publications/active/ipsci-2026/submissions/v3-revision/manuscript-v3.md,References,560,not yet mapped: numeric token,2025,PENDING — SC-3 stopped traceability review,ambiguous,AMBIGUOUS,"[12] Z. Feng, J. McDonald, and C. Zhang, ""Levels of autonomy for AI agents,"" *arXiv preprint* arXiv:2506.12469, 2025.","Numeric extraction only; may be citation, date, identifier, illustration or result; semantic inventory incomplete."
publications/active/ipsci-2026/submissions/v3-revision/manuscript-v3.md,References,562,not yet mapped: numeric token,13,PENDING — SC-3 stopped traceability review,ambiguous,AMBIGUOUS,"[13] A. Baxi, ""The comprehension-gated agent economy: A robustness-first architecture for AI economic agency,"" *arXiv preprint* arXiv:2603.15639, 2026.","Numeric extraction only; may be citation, date, identifier, illustration or result; semantic inventory incomplete."
publications/active/ipsci-2026/submissions/v3-revision/manuscript-v3.md,References,562,not yet mapped: numeric token,2603.15639,PENDING — SC-3 stopped traceability review,ambiguous,AMBIGUOUS,"[13] A. Baxi, ""The comprehension-gated agent economy: A robustness-first architecture for AI economic agency,"" *arXiv preprint* arXiv:2603.15639, 2026.","Numeric extraction only; may be citation, date, identifier, illustration or result; semantic inventory incomplete."
publications/active/ipsci-2026/submissions/v3-revision/manuscript-v3.md,References,562,not yet mapped: numeric token,2026,PENDING — SC-3 stopped traceability review,ambiguous,AMBIGUOUS,"[13] A. Baxi, ""The comprehension-gated agent economy: A robustness-first architecture for AI economic agency,"" *arXiv preprint* arXiv:2603.15639, 2026.","Numeric extraction only; may be citation, date, identifier, illustration or result; semantic inventory incomplete."
publications/active/ipsci-2026/submissions/v3-revision/manuscript-v3.md,References,564,not yet mapped: numeric token,14,PENDING — SC-3 stopped traceability review,ambiguous,AMBIGUOUS,"[14] J. Vermaelen and T. Holvoet, ""Tumato 2.0: A constraint-based planning approach for safe and robust robot behavior,"" *Annals of Mathematics and Artificial Intelligence*, vol. 93, pp. 541–567, 2025. doi: 10.1007/s10472-024-09949-3","Numeric extraction only; may be citation, date, identifier, illustration or result; semantic inventory incomplete."
publications/active/ipsci-2026/submissions/v3-revision/manuscript-v3.md,References,564,not yet mapped: numeric token,2.0,PENDING — SC-3 stopped traceability review,ambiguous,AMBIGUOUS,"[14] J. Vermaelen and T. Holvoet, ""Tumato 2.0: A constraint-based planning approach for safe and robust robot behavior,"" *Annals of Mathematics and Artificial Intelligence*, vol. 93, pp. 541–567, 2025. doi: 10.1007/s10472-024-09949-3","Numeric extraction only; may be citation, date, identifier, illustration or result; semantic inventory incomplete."
publications/active/ipsci-2026/submissions/v3-revision/manuscript-v3.md,References,564,not yet mapped: numeric token,93,PENDING — SC-3 stopped traceability review,ambiguous,AMBIGUOUS,"[14] J. Vermaelen and T. Holvoet, ""Tumato 2.0: A constraint-based planning approach for safe and robust robot behavior,"" *Annals of Mathematics and Artificial Intelligence*, vol. 93, pp. 541–567, 2025. doi: 10.1007/s10472-024-09949-3","Numeric extraction only; may be citation, date, identifier, illustration or result; semantic inventory incomplete."
publications/active/ipsci-2026/submissions/v3-revision/manuscript-v3.md,References,564,not yet mapped: numeric token,541,PENDING — SC-3 stopped traceability review,ambiguous,AMBIGUOUS,"[14] J. Vermaelen and T. Holvoet, ""Tumato 2.0: A constraint-based planning approach for safe and robust robot behavior,"" *Annals of Mathematics and Artificial Intelligence*, vol. 93, pp. 541–567, 2025. doi: 10.1007/s10472-024-09949-3","Numeric extraction only; may be citation, date, identifier, illustration or result; semantic inventory incomplete."
publications/active/ipsci-2026/submissions/v3-revision/manuscript-v3.md,References,564,not yet mapped: numeric token,567,PENDING — SC-3 stopped traceability review,ambiguous,AMBIGUOUS,"[14] J. Vermaelen and T. Holvoet, ""Tumato 2.0: A constraint-based planning approach for safe and robust robot behavior,"" *Annals of Mathematics and Artificial Intelligence*, vol. 93, pp. 541–567, 2025. doi: 10.1007/s10472-024-09949-3","Numeric extraction only; may be citation, date, identifier, illustration or result; semantic inventory incomplete."
publications/active/ipsci-2026/submissions/v3-revision/manuscript-v3.md,References,564,not yet mapped: numeric token,2025,PENDING — SC-3 stopped traceability review,ambiguous,AMBIGUOUS,"[14] J. Vermaelen and T. Holvoet, ""Tumato 2.0: A constraint-based planning approach for safe and robust robot behavior,"" *Annals of Mathematics and Artificial Intelligence*, vol. 93, pp. 541–567, 2025. doi: 10.1007/s10472-024-09949-3","Numeric extraction only; may be citation, date, identifier, illustration or result; semantic inventory incomplete."
publications/active/ipsci-2026/submissions/v3-revision/manuscript-v3.md,References,564,not yet mapped: numeric token,10.1007,PENDING — SC-3 stopped traceability review,ambiguous,AMBIGUOUS,"[14] J. Vermaelen and T. Holvoet, ""Tumato 2.0: A constraint-based planning approach for safe and robust robot behavior,"" *Annals of Mathematics and Artificial Intelligence*, vol. 93, pp. 541–567, 2025. doi: 10.1007/s10472-024-09949-3","Numeric extraction only; may be citation, date, identifier, illustration or result; semantic inventory incomplete."
publications/active/ipsci-2026/submissions/v3-revision/manuscript-v3.md,References,564,not yet mapped: numeric token,024,PENDING — SC-3 stopped traceability review,ambiguous,AMBIGUOUS,"[14] J. Vermaelen and T. Holvoet, ""Tumato 2.0: A constraint-based planning approach for safe and robust robot behavior,"" *Annals of Mathematics and Artificial Intelligence*, vol. 93, pp. 541–567, 2025. doi: 10.1007/s10472-024-09949-3","Numeric extraction only; may be citation, date, identifier, illustration or result; semantic inventory incomplete."
publications/active/ipsci-2026/submissions/v3-revision/manuscript-v3.md,References,564,not yet mapped: numeric token,09949,PENDING — SC-3 stopped traceability review,ambiguous,AMBIGUOUS,"[14] J. Vermaelen and T. Holvoet, ""Tumato 2.0: A constraint-based planning approach for safe and robust robot behavior,"" *Annals of Mathematics and Artificial Intelligence*, vol. 93, pp. 541–567, 2025. doi: 10.1007/s10472-024-09949-3","Numeric extraction only; may be citation, date, identifier, illustration or result; semantic inventory incomplete."
publications/active/ipsci-2026/submissions/v3-revision/manuscript-v3.md,References,564,not yet mapped: numeric token,3,PENDING — SC-3 stopped traceability review,ambiguous,AMBIGUOUS,"[14] J. Vermaelen and T. Holvoet, ""Tumato 2.0: A constraint-based planning approach for safe and robust robot behavior,"" *Annals of Mathematics and Artificial Intelligence*, vol. 93, pp. 541–567, 2025. doi: 10.1007/s10472-024-09949-3","Numeric extraction only; may be citation, date, identifier, illustration or result; semantic inventory incomplete."
publications/active/ipsci-2026/submissions/v3-revision/manuscript-v3.md,References,566,not yet mapped: numeric token,15,PENDING — SC-3 stopped traceability review,ambiguous,AMBIGUOUS,"[15] M. S. Haque and S. Al Jufaili, ""Applications of artificial intelligence in fisheries: From data to decisions,"" *Big Data and Cognitive Computing*, vol. 10, no. 1, art. 19, 2026. doi: 10.3390/bdcc10010019","Numeric extraction only; may be citation, date, identifier, illustration or result; semantic inventory incomplete."
publications/active/ipsci-2026/submissions/v3-revision/manuscript-v3.md,References,566,not yet mapped: numeric token,10,PENDING — SC-3 stopped traceability review,ambiguous,AMBIGUOUS,"[15] M. S. Haque and S. Al Jufaili, ""Applications of artificial intelligence in fisheries: From data to decisions,"" *Big Data and Cognitive Computing*, vol. 10, no. 1, art. 19, 2026. doi: 10.3390/bdcc10010019","Numeric extraction only; may be citation, date, identifier, illustration or result; semantic inventory incomplete."
publications/active/ipsci-2026/submissions/v3-revision/manuscript-v3.md,References,566,not yet mapped: numeric token,1,PENDING — SC-3 stopped traceability review,ambiguous,AMBIGUOUS,"[15] M. S. Haque and S. Al Jufaili, ""Applications of artificial intelligence in fisheries: From data to decisions,"" *Big Data and Cognitive Computing*, vol. 10, no. 1, art. 19, 2026. doi: 10.3390/bdcc10010019","Numeric extraction only; may be citation, date, identifier, illustration or result; semantic inventory incomplete."
publications/active/ipsci-2026/submissions/v3-revision/manuscript-v3.md,References,566,not yet mapped: numeric token,19,PENDING — SC-3 stopped traceability review,ambiguous,AMBIGUOUS,"[15] M. S. Haque and S. Al Jufaili, ""Applications of artificial intelligence in fisheries: From data to decisions,"" *Big Data and Cognitive Computing*, vol. 10, no. 1, art. 19, 2026. doi: 10.3390/bdcc10010019","Numeric extraction only; may be citation, date, identifier, illustration or result; semantic inventory incomplete."
publications/active/ipsci-2026/submissions/v3-revision/manuscript-v3.md,References,566,not yet mapped: numeric token,2026,PENDING — SC-3 stopped traceability review,ambiguous,AMBIGUOUS,"[15] M. S. Haque and S. Al Jufaili, ""Applications of artificial intelligence in fisheries: From data to decisions,"" *Big Data and Cognitive Computing*, vol. 10, no. 1, art. 19, 2026. doi: 10.3390/bdcc10010019","Numeric extraction only; may be citation, date, identifier, illustration or result; semantic inventory incomplete."
publications/active/ipsci-2026/submissions/v3-revision/manuscript-v3.md,References,566,not yet mapped: numeric token,10.3390,PENDING — SC-3 stopped traceability review,ambiguous,AMBIGUOUS,"[15] M. S. Haque and S. Al Jufaili, ""Applications of artificial intelligence in fisheries: From data to decisions,"" *Big Data and Cognitive Computing*, vol. 10, no. 1, art. 19, 2026. doi: 10.3390/bdcc10010019","Numeric extraction only; may be citation, date, identifier, illustration or result; semantic inventory incomplete."
publications/active/ipsci-2026/submissions/v3-revision/manuscript-v3.md,References,568,not yet mapped: numeric token,16,PENDING — SC-3 stopped traceability review,ambiguous,AMBIGUOUS,"[16] Abd. Rahim et al., ""Survival decisions and adaptation strategies of small-scale fishers in the face of extreme weather impacts in coastal areas,"" *Journal of Marine and Island Cultures*, vol. 13, no. 3, 2024. doi: 10.21463/jmic.2024.13.3.05","Numeric extraction only; may be citation, date, identifier, illustration or result; semantic inventory incomplete."
publications/active/ipsci-2026/submissions/v3-revision/manuscript-v3.md,References,568,not yet mapped: numeric token,13,PENDING — SC-3 stopped traceability review,ambiguous,AMBIGUOUS,"[16] Abd. Rahim et al., ""Survival decisions and adaptation strategies of small-scale fishers in the face of extreme weather impacts in coastal areas,"" *Journal of Marine and Island Cultures*, vol. 13, no. 3, 2024. doi: 10.21463/jmic.2024.13.3.05","Numeric extraction only; may be citation, date, identifier, illustration or result; semantic inventory incomplete."
publications/active/ipsci-2026/submissions/v3-revision/manuscript-v3.md,References,568,not yet mapped: numeric token,3,PENDING — SC-3 stopped traceability review,ambiguous,AMBIGUOUS,"[16] Abd. Rahim et al., ""Survival decisions and adaptation strategies of small-scale fishers in the face of extreme weather impacts in coastal areas,"" *Journal of Marine and Island Cultures*, vol. 13, no. 3, 2024. doi: 10.21463/jmic.2024.13.3.05","Numeric extraction only; may be citation, date, identifier, illustration or result; semantic inventory incomplete."
publications/active/ipsci-2026/submissions/v3-revision/manuscript-v3.md,References,568,not yet mapped: numeric token,2024,PENDING — SC-3 stopped traceability review,ambiguous,AMBIGUOUS,"[16] Abd. Rahim et al., ""Survival decisions and adaptation strategies of small-scale fishers in the face of extreme weather impacts in coastal areas,"" *Journal of Marine and Island Cultures*, vol. 13, no. 3, 2024. doi: 10.21463/jmic.2024.13.3.05","Numeric extraction only; may be citation, date, identifier, illustration or result; semantic inventory incomplete."
publications/active/ipsci-2026/submissions/v3-revision/manuscript-v3.md,References,568,not yet mapped: numeric token,10.21463,PENDING — SC-3 stopped traceability review,ambiguous,AMBIGUOUS,"[16] Abd. Rahim et al., ""Survival decisions and adaptation strategies of small-scale fishers in the face of extreme weather impacts in coastal areas,"" *Journal of Marine and Island Cultures*, vol. 13, no. 3, 2024. doi: 10.21463/jmic.2024.13.3.05","Numeric extraction only; may be citation, date, identifier, illustration or result; semantic inventory incomplete."
publications/active/ipsci-2026/submissions/v3-revision/manuscript-v3.md,References,568,not yet mapped: numeric token,2024.13,PENDING — SC-3 stopped traceability review,ambiguous,AMBIGUOUS,"[16] Abd. Rahim et al., ""Survival decisions and adaptation strategies of small-scale fishers in the face of extreme weather impacts in coastal areas,"" *Journal of Marine and Island Cultures*, vol. 13, no. 3, 2024. doi: 10.21463/jmic.2024.13.3.05","Numeric extraction only; may be citation, date, identifier, illustration or result; semantic inventory incomplete."
publications/active/ipsci-2026/submissions/v3-revision/manuscript-v3.md,References,568,not yet mapped: numeric token,3.05,PENDING — SC-3 stopped traceability review,ambiguous,AMBIGUOUS,"[16] Abd. Rahim et al., ""Survival decisions and adaptation strategies of small-scale fishers in the face of extreme weather impacts in coastal areas,"" *Journal of Marine and Island Cultures*, vol. 13, no. 3, 2024. doi: 10.21463/jmic.2024.13.3.05","Numeric extraction only; may be citation, date, identifier, illustration or result; semantic inventory incomplete."
publications/active/ipsci-2026/submissions/v3-revision/manuscript-v3.md,References,570,not yet mapped: numeric token,17,PENDING — SC-3 stopped traceability review,ambiguous,AMBIGUOUS,"[17] A. Katende, ""Rethinking data-efficient artificial intelligence for low-resource settings,"" *Machine Learning with Applications*, vol. 23, p. 100796, 2026. doi: 10.1016/j.mlwa.2025.100796","Numeric extraction only; may be citation, date, identifier, illustration or result; semantic inventory incomplete."
publications/active/ipsci-2026/submissions/v3-revision/manuscript-v3.md,References,570,not yet mapped: numeric token,23,PENDING — SC-3 stopped traceability review,ambiguous,AMBIGUOUS,"[17] A. Katende, ""Rethinking data-efficient artificial intelligence for low-resource settings,"" *Machine Learning with Applications*, vol. 23, p. 100796, 2026. doi: 10.1016/j.mlwa.2025.100796","Numeric extraction only; may be citation, date, identifier, illustration or result; semantic inventory incomplete."
publications/active/ipsci-2026/submissions/v3-revision/manuscript-v3.md,References,570,not yet mapped: numeric token,100796,PENDING — SC-3 stopped traceability review,ambiguous,AMBIGUOUS,"[17] A. Katende, ""Rethinking data-efficient artificial intelligence for low-resource settings,"" *Machine Learning with Applications*, vol. 23, p. 100796, 2026. doi: 10.1016/j.mlwa.2025.100796","Numeric extraction only; may be citation, date, identifier, illustration or result; semantic inventory incomplete."
publications/active/ipsci-2026/submissions/v3-revision/manuscript-v3.md,References,570,not yet mapped: numeric token,2026,PENDING — SC-3 stopped traceability review,ambiguous,AMBIGUOUS,"[17] A. Katende, ""Rethinking data-efficient artificial intelligence for low-resource settings,"" *Machine Learning with Applications*, vol. 23, p. 100796, 2026. doi: 10.1016/j.mlwa.2025.100796","Numeric extraction only; may be citation, date, identifier, illustration or result; semantic inventory incomplete."
publications/active/ipsci-2026/submissions/v3-revision/manuscript-v3.md,References,570,not yet mapped: numeric token,10.1016,PENDING — SC-3 stopped traceability review,ambiguous,AMBIGUOUS,"[17] A. Katende, ""Rethinking data-efficient artificial intelligence for low-resource settings,"" *Machine Learning with Applications*, vol. 23, p. 100796, 2026. doi: 10.1016/j.mlwa.2025.100796","Numeric extraction only; may be citation, date, identifier, illustration or result; semantic inventory incomplete."
publications/active/ipsci-2026/submissions/v3-revision/manuscript-v3.md,References,570,not yet mapped: numeric token,2025.100796,PENDING — SC-3 stopped traceability review,ambiguous,AMBIGUOUS,"[17] A. Katende, ""Rethinking data-efficient artificial intelligence for low-resource settings,"" *Machine Learning with Applications*, vol. 23, p. 100796, 2026. doi: 10.1016/j.mlwa.2025.100796","Numeric extraction only; may be citation, date, identifier, illustration or result; semantic inventory incomplete."
publications/active/ipsci-2026/submissions/v3-revision/manuscript-v3.md,References,572,not yet mapped: numeric token,18,PENDING — SC-3 stopped traceability review,ambiguous,AMBIGUOUS,"[18] A. Longobardi et al., ""Peskas: Automated analytics for small-scale, data-deficient fisheries,"" *SoftwareX*, vol. 29, p. 102028, 2025. doi: 10.1016/j.softx.2024.102028","Numeric extraction only; may be citation, date, identifier, illustration or result; semantic inventory incomplete."
publications/active/ipsci-2026/submissions/v3-revision/manuscript-v3.md,References,572,not yet mapped: numeric token,29,PENDING — SC-3 stopped traceability review,ambiguous,AMBIGUOUS,"[18] A. Longobardi et al., ""Peskas: Automated analytics for small-scale, data-deficient fisheries,"" *SoftwareX*, vol. 29, p. 102028, 2025. doi: 10.1016/j.softx.2024.102028","Numeric extraction only; may be citation, date, identifier, illustration or result; semantic inventory incomplete."
publications/active/ipsci-2026/submissions/v3-revision/manuscript-v3.md,References,572,not yet mapped: numeric token,102028,PENDING — SC-3 stopped traceability review,ambiguous,AMBIGUOUS,"[18] A. Longobardi et al., ""Peskas: Automated analytics for small-scale, data-deficient fisheries,"" *SoftwareX*, vol. 29, p. 102028, 2025. doi: 10.1016/j.softx.2024.102028","Numeric extraction only; may be citation, date, identifier, illustration or result; semantic inventory incomplete."
publications/active/ipsci-2026/submissions/v3-revision/manuscript-v3.md,References,572,not yet mapped: numeric token,2025,PENDING — SC-3 stopped traceability review,ambiguous,AMBIGUOUS,"[18] A. Longobardi et al., ""Peskas: Automated analytics for small-scale, data-deficient fisheries,"" *SoftwareX*, vol. 29, p. 102028, 2025. doi: 10.1016/j.softx.2024.102028","Numeric extraction only; may be citation, date, identifier, illustration or result; semantic inventory incomplete."
publications/active/ipsci-2026/submissions/v3-revision/manuscript-v3.md,References,572,not yet mapped: numeric token,10.1016,PENDING — SC-3 stopped traceability review,ambiguous,AMBIGUOUS,"[18] A. Longobardi et al., ""Peskas: Automated analytics for small-scale, data-deficient fisheries,"" *SoftwareX*, vol. 29, p. 102028, 2025. doi: 10.1016/j.softx.2024.102028","Numeric extraction only; may be citation, date, identifier, illustration or result; semantic inventory incomplete."
publications/active/ipsci-2026/submissions/v3-revision/manuscript-v3.md,References,572,not yet mapped: numeric token,2024.102028,PENDING — SC-3 stopped traceability review,ambiguous,AMBIGUOUS,"[18] A. Longobardi et al., ""Peskas: Automated analytics for small-scale, data-deficient fisheries,"" *SoftwareX*, vol. 29, p. 102028, 2025. doi: 10.1016/j.softx.2024.102028","Numeric extraction only; may be citation, date, identifier, illustration or result; semantic inventory incomplete."
publications/active/ipsci-2026/submissions/v3-revision/manuscript-v3.md,References,574,not yet mapped: numeric token,19,PENDING — SC-3 stopped traceability review,ambiguous,AMBIGUOUS,"[19] P. Bhuvaneswari, K. D. V. Prasad, M. Ashraf, and S. Jadhav, ""A human-centered hybrid AI framework for optimizing emergency triage in resource-constrained settings,"" *Intelligence-Based Medicine*, vol. 12, p. 100311, 2025. doi: 10.1016/j.ibmed.2025.100311","Numeric extraction only; may be citation, date, identifier, illustration or result; semantic inventory incomplete."
publications/active/ipsci-2026/submissions/v3-revision/manuscript-v3.md,References,574,not yet mapped: numeric token,12,PENDING — SC-3 stopped traceability review,ambiguous,AMBIGUOUS,"[19] P. Bhuvaneswari, K. D. V. Prasad, M. Ashraf, and S. Jadhav, ""A human-centered hybrid AI framework for optimizing emergency triage in resource-constrained settings,"" *Intelligence-Based Medicine*, vol. 12, p. 100311, 2025. doi: 10.1016/j.ibmed.2025.100311","Numeric extraction only; may be citation, date, identifier, illustration or result; semantic inventory incomplete."
publications/active/ipsci-2026/submissions/v3-revision/manuscript-v3.md,References,574,not yet mapped: numeric token,100311,PENDING — SC-3 stopped traceability review,ambiguous,AMBIGUOUS,"[19] P. Bhuvaneswari, K. D. V. Prasad, M. Ashraf, and S. Jadhav, ""A human-centered hybrid AI framework for optimizing emergency triage in resource-constrained settings,"" *Intelligence-Based Medicine*, vol. 12, p. 100311, 2025. doi: 10.1016/j.ibmed.2025.100311","Numeric extraction only; may be citation, date, identifier, illustration or result; semantic inventory incomplete."
publications/active/ipsci-2026/submissions/v3-revision/manuscript-v3.md,References,574,not yet mapped: numeric token,2025,PENDING — SC-3 stopped traceability review,ambiguous,AMBIGUOUS,"[19] P. Bhuvaneswari, K. D. V. Prasad, M. Ashraf, and S. Jadhav, ""A human-centered hybrid AI framework for optimizing emergency triage in resource-constrained settings,"" *Intelligence-Based Medicine*, vol. 12, p. 100311, 2025. doi: 10.1016/j.ibmed.2025.100311","Numeric extraction only; may be citation, date, identifier, illustration or result; semantic inventory incomplete."
publications/active/ipsci-2026/submissions/v3-revision/manuscript-v3.md,References,574,not yet mapped: numeric token,10.1016,PENDING — SC-3 stopped traceability review,ambiguous,AMBIGUOUS,"[19] P. Bhuvaneswari, K. D. V. Prasad, M. Ashraf, and S. Jadhav, ""A human-centered hybrid AI framework for optimizing emergency triage in resource-constrained settings,"" *Intelligence-Based Medicine*, vol. 12, p. 100311, 2025. doi: 10.1016/j.ibmed.2025.100311","Numeric extraction only; may be citation, date, identifier, illustration or result; semantic inventory incomplete."
publications/active/ipsci-2026/submissions/v3-revision/manuscript-v3.md,References,574,not yet mapped: numeric token,2025.100311,PENDING — SC-3 stopped traceability review,ambiguous,AMBIGUOUS,"[19] P. Bhuvaneswari, K. D. V. Prasad, M. Ashraf, and S. Jadhav, ""A human-centered hybrid AI framework for optimizing emergency triage in resource-constrained settings,"" *Intelligence-Based Medicine*, vol. 12, p. 100311, 2025. doi: 10.1016/j.ibmed.2025.100311","Numeric extraction only; may be citation, date, identifier, illustration or result; semantic inventory incomplete."
publications/active/ipsci-2026/submissions/v3-revision/manuscript-v3.md,References,576,not yet mapped: numeric token,20,PENDING — SC-3 stopped traceability review,ambiguous,AMBIGUOUS,"[20] R. Bloomfield and J. Rushby, *Assurance of AI Systems from a Dependability Perspective*, SRI Technical Report SRI-CSL-2024-02R3, SRI International, 2025. doi: 10.48550/arXiv.2407.13948","Numeric extraction only; may be citation, date, identifier, illustration or result; semantic inventory incomplete."
publications/active/ipsci-2026/submissions/v3-revision/manuscript-v3.md,References,576,not yet mapped: numeric token,2024,PENDING — SC-3 stopped traceability review,ambiguous,AMBIGUOUS,"[20] R. Bloomfield and J. Rushby, *Assurance of AI Systems from a Dependability Perspective*, SRI Technical Report SRI-CSL-2024-02R3, SRI International, 2025. doi: 10.48550/arXiv.2407.13948","Numeric extraction only; may be citation, date, identifier, illustration or result; semantic inventory incomplete."
publications/active/ipsci-2026/submissions/v3-revision/manuscript-v3.md,References,576,not yet mapped: numeric token,02,PENDING — SC-3 stopped traceability review,ambiguous,AMBIGUOUS,"[20] R. Bloomfield and J. Rushby, *Assurance of AI Systems from a Dependability Perspective*, SRI Technical Report SRI-CSL-2024-02R3, SRI International, 2025. doi: 10.48550/arXiv.2407.13948","Numeric extraction only; may be citation, date, identifier, illustration or result; semantic inventory incomplete."
publications/active/ipsci-2026/submissions/v3-revision/manuscript-v3.md,References,576,not yet mapped: numeric token,2025,PENDING — SC-3 stopped traceability review,ambiguous,AMBIGUOUS,"[20] R. Bloomfield and J. Rushby, *Assurance of AI Systems from a Dependability Perspective*, SRI Technical Report SRI-CSL-2024-02R3, SRI International, 2025. doi: 10.48550/arXiv.2407.13948","Numeric extraction only; may be citation, date, identifier, illustration or result; semantic inventory incomplete."
publications/active/ipsci-2026/submissions/v3-revision/manuscript-v3.md,References,576,not yet mapped: numeric token,10.48550,PENDING — SC-3 stopped traceability review,ambiguous,AMBIGUOUS,"[20] R. Bloomfield and J. Rushby, *Assurance of AI Systems from a Dependability Perspective*, SRI Technical Report SRI-CSL-2024-02R3, SRI International, 2025. doi: 10.48550/arXiv.2407.13948","Numeric extraction only; may be citation, date, identifier, illustration or result; semantic inventory incomplete."
publications/active/ipsci-2026/submissions/v3-revision/manuscript-v3.md,References,576,not yet mapped: numeric token,2407.13948,PENDING — SC-3 stopped traceability review,ambiguous,AMBIGUOUS,"[20] R. Bloomfield and J. Rushby, *Assurance of AI Systems from a Dependability Perspective*, SRI Technical Report SRI-CSL-2024-02R3, SRI International, 2025. doi: 10.48550/arXiv.2407.13948","Numeric extraction only; may be citation, date, identifier, illustration or result; semantic inventory incomplete."
publications/active/ipsci-2026/submissions/v3-revision/manuscript-v3.md,References,578,not yet mapped: numeric token,21,PENDING — SC-3 stopped traceability review,ambiguous,AMBIGUOUS,"[21] J. Perez-Cerrolaza, J. Abella, M. Borg, C. Donzella, J. Cerquides, F. J. Cazorla, C. Englund, M. Tauber, G. Nikolakopoulos, and J. L. Flores, ""Artificial intelligence for safety-critical systems in industrial and transportation domains: A survey,"" *ACM Computing Surveys*, vol. 56, no. 7, article 176, 2024. doi: 10.1145/3626314","Numeric extraction only; may be citation, date, identifier, illustration or result; semantic inventory incomplete."
publications/active/ipsci-2026/submissions/v3-revision/manuscript-v3.md,References,578,not yet mapped: numeric token,56,PENDING — SC-3 stopped traceability review,ambiguous,AMBIGUOUS,"[21] J. Perez-Cerrolaza, J. Abella, M. Borg, C. Donzella, J. Cerquides, F. J. Cazorla, C. Englund, M. Tauber, G. Nikolakopoulos, and J. L. Flores, ""Artificial intelligence for safety-critical systems in industrial and transportation domains: A survey,"" *ACM Computing Surveys*, vol. 56, no. 7, article 176, 2024. doi: 10.1145/3626314","Numeric extraction only; may be citation, date, identifier, illustration or result; semantic inventory incomplete."
publications/active/ipsci-2026/submissions/v3-revision/manuscript-v3.md,References,578,not yet mapped: numeric token,7,PENDING — SC-3 stopped traceability review,ambiguous,AMBIGUOUS,"[21] J. Perez-Cerrolaza, J. Abella, M. Borg, C. Donzella, J. Cerquides, F. J. Cazorla, C. Englund, M. Tauber, G. Nikolakopoulos, and J. L. Flores, ""Artificial intelligence for safety-critical systems in industrial and transportation domains: A survey,"" *ACM Computing Surveys*, vol. 56, no. 7, article 176, 2024. doi: 10.1145/3626314","Numeric extraction only; may be citation, date, identifier, illustration or result; semantic inventory incomplete."
publications/active/ipsci-2026/submissions/v3-revision/manuscript-v3.md,References,578,not yet mapped: numeric token,176,PENDING — SC-3 stopped traceability review,ambiguous,AMBIGUOUS,"[21] J. Perez-Cerrolaza, J. Abella, M. Borg, C. Donzella, J. Cerquides, F. J. Cazorla, C. Englund, M. Tauber, G. Nikolakopoulos, and J. L. Flores, ""Artificial intelligence for safety-critical systems in industrial and transportation domains: A survey,"" *ACM Computing Surveys*, vol. 56, no. 7, article 176, 2024. doi: 10.1145/3626314","Numeric extraction only; may be citation, date, identifier, illustration or result; semantic inventory incomplete."
publications/active/ipsci-2026/submissions/v3-revision/manuscript-v3.md,References,578,not yet mapped: numeric token,2024,PENDING — SC-3 stopped traceability review,ambiguous,AMBIGUOUS,"[21] J. Perez-Cerrolaza, J. Abella, M. Borg, C. Donzella, J. Cerquides, F. J. Cazorla, C. Englund, M. Tauber, G. Nikolakopoulos, and J. L. Flores, ""Artificial intelligence for safety-critical systems in industrial and transportation domains: A survey,"" *ACM Computing Surveys*, vol. 56, no. 7, article 176, 2024. doi: 10.1145/3626314","Numeric extraction only; may be citation, date, identifier, illustration or result; semantic inventory incomplete."
publications/active/ipsci-2026/submissions/v3-revision/manuscript-v3.md,References,578,not yet mapped: numeric token,10.1145,PENDING — SC-3 stopped traceability review,ambiguous,AMBIGUOUS,"[21] J. Perez-Cerrolaza, J. Abella, M. Borg, C. Donzella, J. Cerquides, F. J. Cazorla, C. Englund, M. Tauber, G. Nikolakopoulos, and J. L. Flores, ""Artificial intelligence for safety-critical systems in industrial and transportation domains: A survey,"" *ACM Computing Surveys*, vol. 56, no. 7, article 176, 2024. doi: 10.1145/3626314","Numeric extraction only; may be citation, date, identifier, illustration or result; semantic inventory incomplete."
publications/active/ipsci-2026/submissions/v3-revision/manuscript-v3.md,References,578,not yet mapped: numeric token,3626314,PENDING — SC-3 stopped traceability review,ambiguous,AMBIGUOUS,"[21] J. Perez-Cerrolaza, J. Abella, M. Borg, C. Donzella, J. Cerquides, F. J. Cazorla, C. Englund, M. Tauber, G. Nikolakopoulos, and J. L. Flores, ""Artificial intelligence for safety-critical systems in industrial and transportation domains: A survey,"" *ACM Computing Surveys*, vol. 56, no. 7, article 176, 2024. doi: 10.1145/3626314","Numeric extraction only; may be citation, date, identifier, illustration or result; semantic inventory incomplete."
publications/active/ipsci-2026/submissions/v3-revision/manuscript-v3.md,References,580,not yet mapped: numeric token,22,PENDING — SC-3 stopped traceability review,ambiguous,AMBIGUOUS,"[22] R. Kang, ""Governed AI-assisted engineering: Graduated human oversight for agentic code generation in regulated domains,"" *arXiv preprint* arXiv:2606.22484v2 [cs.HC], Jul. 2026.","Numeric extraction only; may be citation, date, identifier, illustration or result; semantic inventory incomplete."
publications/active/ipsci-2026/submissions/v3-revision/manuscript-v3.md,References,580,not yet mapped: numeric token,2606.22484,PENDING — SC-3 stopped traceability review,ambiguous,AMBIGUOUS,"[22] R. Kang, ""Governed AI-assisted engineering: Graduated human oversight for agentic code generation in regulated domains,"" *arXiv preprint* arXiv:2606.22484v2 [cs.HC], Jul. 2026.","Numeric extraction only; may be citation, date, identifier, illustration or result; semantic inventory incomplete."
publications/active/ipsci-2026/submissions/v3-revision/manuscript-v3.md,References,580,not yet mapped: numeric token,2026,PENDING — SC-3 stopped traceability review,ambiguous,AMBIGUOUS,"[22] R. Kang, ""Governed AI-assisted engineering: Graduated human oversight for agentic code generation in regulated domains,"" *arXiv preprint* arXiv:2606.22484v2 [cs.HC], Jul. 2026.","Numeric extraction only; may be citation, date, identifier, illustration or result; semantic inventory incomplete."
publications/active/ipsci-2026/submissions/v3-revision/manuscript-v3.md,References,582,not yet mapped: numeric token,23,PENDING — SC-3 stopped traceability review,ambiguous,AMBIGUOUS,"[23] S. Sahoo, ""The controllability trap: A governance framework for military AI agents,"" in *Proc. ICLR 2026 Workshop on Agents in the Wild*, Mar. 2026. arXiv:2603.03515.","Numeric extraction only; may be citation, date, identifier, illustration or result; semantic inventory incomplete."
publications/active/ipsci-2026/submissions/v3-revision/manuscript-v3.md,References,582,not yet mapped: numeric token,2026,PENDING — SC-3 stopped traceability review,ambiguous,AMBIGUOUS,"[23] S. Sahoo, ""The controllability trap: A governance framework for military AI agents,"" in *Proc. ICLR 2026 Workshop on Agents in the Wild*, Mar. 2026. arXiv:2603.03515.","Numeric extraction only; may be citation, date, identifier, illustration or result; semantic inventory incomplete."
publications/active/ipsci-2026/submissions/v3-revision/manuscript-v3.md,References,582,not yet mapped: numeric token,2026,PENDING — SC-3 stopped traceability review,ambiguous,AMBIGUOUS,"[23] S. Sahoo, ""The controllability trap: A governance framework for military AI agents,"" in *Proc. ICLR 2026 Workshop on Agents in the Wild*, Mar. 2026. arXiv:2603.03515.","Numeric extraction only; may be citation, date, identifier, illustration or result; semantic inventory incomplete."
publications/active/ipsci-2026/submissions/v3-revision/manuscript-v3.md,References,582,not yet mapped: numeric token,2603.03515,PENDING — SC-3 stopped traceability review,ambiguous,AMBIGUOUS,"[23] S. Sahoo, ""The controllability trap: A governance framework for military AI agents,"" in *Proc. ICLR 2026 Workshop on Agents in the Wild*, Mar. 2026. arXiv:2603.03515.","Numeric extraction only; may be citation, date, identifier, illustration or result; semantic inventory incomplete."
publications/active/ipsci-2026/submissions/v3-revision/manuscript-v3.md,References,584,not yet mapped: numeric token,24,PENDING — SC-3 stopped traceability review,ambiguous,AMBIGUOUS,"[24] A. M. Ghaleb, A. S. Allahloh, S. Mejjaouli, M. A. H. Ali, and A. Al-Shayea, ""Uncertainty-calibrated safety gating for vision–language–action manipulation under domain shift: Reliability gains and intervention–efficiency trade-offs,"" *Sensors*, vol. 26, no. 10, p. 3140, May 2026. doi: 10.3390/s26103140","Numeric extraction only; may be citation, date, identifier, illustration or result; semantic inventory incomplete."
publications/active/ipsci-2026/submissions/v3-revision/manuscript-v3.md,References,584,not yet mapped: numeric token,26,PENDING — SC-3 stopped traceability review,ambiguous,AMBIGUOUS,"[24] A. M. Ghaleb, A. S. Allahloh, S. Mejjaouli, M. A. H. Ali, and A. Al-Shayea, ""Uncertainty-calibrated safety gating for vision–language–action manipulation under domain shift: Reliability gains and intervention–efficiency trade-offs,"" *Sensors*, vol. 26, no. 10, p. 3140, May 2026. doi: 10.3390/s26103140","Numeric extraction only; may be citation, date, identifier, illustration or result; semantic inventory incomplete."
publications/active/ipsci-2026/submissions/v3-revision/manuscript-v3.md,References,584,not yet mapped: numeric token,10,PENDING — SC-3 stopped traceability review,ambiguous,AMBIGUOUS,"[24] A. M. Ghaleb, A. S. Allahloh, S. Mejjaouli, M. A. H. Ali, and A. Al-Shayea, ""Uncertainty-calibrated safety gating for vision–language–action manipulation under domain shift: Reliability gains and intervention–efficiency trade-offs,"" *Sensors*, vol. 26, no. 10, p. 3140, May 2026. doi: 10.3390/s26103140","Numeric extraction only; may be citation, date, identifier, illustration or result; semantic inventory incomplete."
publications/active/ipsci-2026/submissions/v3-revision/manuscript-v3.md,References,584,not yet mapped: numeric token,3140,PENDING — SC-3 stopped traceability review,ambiguous,AMBIGUOUS,"[24] A. M. Ghaleb, A. S. Allahloh, S. Mejjaouli, M. A. H. Ali, and A. Al-Shayea, ""Uncertainty-calibrated safety gating for vision–language–action manipulation under domain shift: Reliability gains and intervention–efficiency trade-offs,"" *Sensors*, vol. 26, no. 10, p. 3140, May 2026. doi: 10.3390/s26103140","Numeric extraction only; may be citation, date, identifier, illustration or result; semantic inventory incomplete."
publications/active/ipsci-2026/submissions/v3-revision/manuscript-v3.md,References,584,not yet mapped: numeric token,2026,PENDING — SC-3 stopped traceability review,ambiguous,AMBIGUOUS,"[24] A. M. Ghaleb, A. S. Allahloh, S. Mejjaouli, M. A. H. Ali, and A. Al-Shayea, ""Uncertainty-calibrated safety gating for vision–language–action manipulation under domain shift: Reliability gains and intervention–efficiency trade-offs,"" *Sensors*, vol. 26, no. 10, p. 3140, May 2026. doi: 10.3390/s26103140","Numeric extraction only; may be citation, date, identifier, illustration or result; semantic inventory incomplete."
publications/active/ipsci-2026/submissions/v3-revision/manuscript-v3.md,References,584,not yet mapped: numeric token,10.3390,PENDING — SC-3 stopped traceability review,ambiguous,AMBIGUOUS,"[24] A. M. Ghaleb, A. S. Allahloh, S. Mejjaouli, M. A. H. Ali, and A. Al-Shayea, ""Uncertainty-calibrated safety gating for vision–language–action manipulation under domain shift: Reliability gains and intervention–efficiency trade-offs,"" *Sensors*, vol. 26, no. 10, p. 3140, May 2026. doi: 10.3390/s26103140","Numeric extraction only; may be citation, date, identifier, illustration or result; semantic inventory incomplete."
publications/active/ipsci-2026/submissions/v3-revision/manuscript-v3.md,References,586,not yet mapped: numeric token,25,PENDING — SC-3 stopped traceability review,ambiguous,AMBIGUOUS,"[25] A. K. Kamath, R. Prabhu, J. Mohan, S. Peter, R. Ramjee, and A. Panwar, ""POD-Attention: Unlocking full prefill-decode overlap for faster LLM inference,"" in *Proc. 30th ACM Int. Conf. Architectural Support for Programming Languages and Operating Systems, Volume 2 (ASPLOS '25)*, Rotterdam, Netherlands, 2025, pp. 897–912. doi: 10.1145/3676641.3715996","Numeric extraction only; may be citation, date, identifier, illustration or result; semantic inventory incomplete."
publications/active/ipsci-2026/submissions/v3-revision/manuscript-v3.md,References,586,not yet mapped: numeric token,30,PENDING — SC-3 stopped traceability review,ambiguous,AMBIGUOUS,"[25] A. K. Kamath, R. Prabhu, J. Mohan, S. Peter, R. Ramjee, and A. Panwar, ""POD-Attention: Unlocking full prefill-decode overlap for faster LLM inference,"" in *Proc. 30th ACM Int. Conf. Architectural Support for Programming Languages and Operating Systems, Volume 2 (ASPLOS '25)*, Rotterdam, Netherlands, 2025, pp. 897–912. doi: 10.1145/3676641.3715996","Numeric extraction only; may be citation, date, identifier, illustration or result; semantic inventory incomplete."
publications/active/ipsci-2026/submissions/v3-revision/manuscript-v3.md,References,586,not yet mapped: numeric token,2,PENDING — SC-3 stopped traceability review,ambiguous,AMBIGUOUS,"[25] A. K. Kamath, R. Prabhu, J. Mohan, S. Peter, R. Ramjee, and A. Panwar, ""POD-Attention: Unlocking full prefill-decode overlap for faster LLM inference,"" in *Proc. 30th ACM Int. Conf. Architectural Support for Programming Languages and Operating Systems, Volume 2 (ASPLOS '25)*, Rotterdam, Netherlands, 2025, pp. 897–912. doi: 10.1145/3676641.3715996","Numeric extraction only; may be citation, date, identifier, illustration or result; semantic inventory incomplete."
publications/active/ipsci-2026/submissions/v3-revision/manuscript-v3.md,References,586,not yet mapped: numeric token,25,PENDING — SC-3 stopped traceability review,ambiguous,AMBIGUOUS,"[25] A. K. Kamath, R. Prabhu, J. Mohan, S. Peter, R. Ramjee, and A. Panwar, ""POD-Attention: Unlocking full prefill-decode overlap for faster LLM inference,"" in *Proc. 30th ACM Int. Conf. Architectural Support for Programming Languages and Operating Systems, Volume 2 (ASPLOS '25)*, Rotterdam, Netherlands, 2025, pp. 897–912. doi: 10.1145/3676641.3715996","Numeric extraction only; may be citation, date, identifier, illustration or result; semantic inventory incomplete."
publications/active/ipsci-2026/submissions/v3-revision/manuscript-v3.md,References,586,not yet mapped: numeric token,2025,PENDING — SC-3 stopped traceability review,ambiguous,AMBIGUOUS,"[25] A. K. Kamath, R. Prabhu, J. Mohan, S. Peter, R. Ramjee, and A. Panwar, ""POD-Attention: Unlocking full prefill-decode overlap for faster LLM inference,"" in *Proc. 30th ACM Int. Conf. Architectural Support for Programming Languages and Operating Systems, Volume 2 (ASPLOS '25)*, Rotterdam, Netherlands, 2025, pp. 897–912. doi: 10.1145/3676641.3715996","Numeric extraction only; may be citation, date, identifier, illustration or result; semantic inventory incomplete."
publications/active/ipsci-2026/submissions/v3-revision/manuscript-v3.md,References,586,not yet mapped: numeric token,897,PENDING — SC-3 stopped traceability review,ambiguous,AMBIGUOUS,"[25] A. K. Kamath, R. Prabhu, J. Mohan, S. Peter, R. Ramjee, and A. Panwar, ""POD-Attention: Unlocking full prefill-decode overlap for faster LLM inference,"" in *Proc. 30th ACM Int. Conf. Architectural Support for Programming Languages and Operating Systems, Volume 2 (ASPLOS '25)*, Rotterdam, Netherlands, 2025, pp. 897–912. doi: 10.1145/3676641.3715996","Numeric extraction only; may be citation, date, identifier, illustration or result; semantic inventory incomplete."
publications/active/ipsci-2026/submissions/v3-revision/manuscript-v3.md,References,586,not yet mapped: numeric token,912,PENDING — SC-3 stopped traceability review,ambiguous,AMBIGUOUS,"[25] A. K. Kamath, R. Prabhu, J. Mohan, S. Peter, R. Ramjee, and A. Panwar, ""POD-Attention: Unlocking full prefill-decode overlap for faster LLM inference,"" in *Proc. 30th ACM Int. Conf. Architectural Support for Programming Languages and Operating Systems, Volume 2 (ASPLOS '25)*, Rotterdam, Netherlands, 2025, pp. 897–912. doi: 10.1145/3676641.3715996","Numeric extraction only; may be citation, date, identifier, illustration or result; semantic inventory incomplete."
publications/active/ipsci-2026/submissions/v3-revision/manuscript-v3.md,References,586,not yet mapped: numeric token,10.1145,PENDING — SC-3 stopped traceability review,ambiguous,AMBIGUOUS,"[25] A. K. Kamath, R. Prabhu, J. Mohan, S. Peter, R. Ramjee, and A. Panwar, ""POD-Attention: Unlocking full prefill-decode overlap for faster LLM inference,"" in *Proc. 30th ACM Int. Conf. Architectural Support for Programming Languages and Operating Systems, Volume 2 (ASPLOS '25)*, Rotterdam, Netherlands, 2025, pp. 897–912. doi: 10.1145/3676641.3715996","Numeric extraction only; may be citation, date, identifier, illustration or result; semantic inventory incomplete."
publications/active/ipsci-2026/submissions/v3-revision/manuscript-v3.md,References,586,not yet mapped: numeric token,3676641.3715996,PENDING — SC-3 stopped traceability review,ambiguous,AMBIGUOUS,"[25] A. K. Kamath, R. Prabhu, J. Mohan, S. Peter, R. Ramjee, and A. Panwar, ""POD-Attention: Unlocking full prefill-decode overlap for faster LLM inference,"" in *Proc. 30th ACM Int. Conf. Architectural Support for Programming Languages and Operating Systems, Volume 2 (ASPLOS '25)*, Rotterdam, Netherlands, 2025, pp. 897–912. doi: 10.1145/3676641.3715996","Numeric extraction only; may be citation, date, identifier, illustration or result; semantic inventory incomplete."
publications/active/ipsci-2026/submissions/v3-revision/manuscript-v3.md,References,588,not yet mapped: numeric token,26,PENDING — SC-3 stopped traceability review,ambiguous,AMBIGUOUS,"[26] C. Wu, J. Lu, Z. Ren, G. Hu, Z. Wu, D. Dai, and H. Wu, ""LLMs are single-threaded reasoners: Demystifying the working mechanism of soft thinking,"" *arXiv preprint* arXiv:2508.03440, 2025.","Numeric extraction only; may be citation, date, identifier, illustration or result; semantic inventory incomplete."
publications/active/ipsci-2026/submissions/v3-revision/manuscript-v3.md,References,588,not yet mapped: numeric token,2508.03440,PENDING — SC-3 stopped traceability review,ambiguous,AMBIGUOUS,"[26] C. Wu, J. Lu, Z. Ren, G. Hu, Z. Wu, D. Dai, and H. Wu, ""LLMs are single-threaded reasoners: Demystifying the working mechanism of soft thinking,"" *arXiv preprint* arXiv:2508.03440, 2025.","Numeric extraction only; may be citation, date, identifier, illustration or result; semantic inventory incomplete."
publications/active/ipsci-2026/submissions/v3-revision/manuscript-v3.md,References,588,not yet mapped: numeric token,2025,PENDING — SC-3 stopped traceability review,ambiguous,AMBIGUOUS,"[26] C. Wu, J. Lu, Z. Ren, G. Hu, Z. Wu, D. Dai, and H. Wu, ""LLMs are single-threaded reasoners: Demystifying the working mechanism of soft thinking,"" *arXiv preprint* arXiv:2508.03440, 2025.","Numeric extraction only; may be citation, date, identifier, illustration or result; semantic inventory incomplete."
publications/active/ipsci-2026/submissions/v3-revision/manuscript-v3.md,References,590,not yet mapped: numeric token,27,PENDING — SC-3 stopped traceability review,ambiguous,AMBIGUOUS,"[27] T. N. Cash, D. M. Oppenheimer, S. Christie, and M. Devgan, ""Quantifying uncert-AI-nty: Testing the accuracy of LLMs' confidence judgments,"" *Memory & Cognition*, vol. 54, pp. 375–400, 2025. doi: 10.3758/s13421-025-01755-4","Numeric extraction only; may be citation, date, identifier, illustration or result; semantic inventory incomplete."
publications/active/ipsci-2026/submissions/v3-revision/manuscript-v3.md,References,590,not yet mapped: numeric token,54,PENDING — SC-3 stopped traceability review,ambiguous,AMBIGUOUS,"[27] T. N. Cash, D. M. Oppenheimer, S. Christie, and M. Devgan, ""Quantifying uncert-AI-nty: Testing the accuracy of LLMs' confidence judgments,"" *Memory & Cognition*, vol. 54, pp. 375–400, 2025. doi: 10.3758/s13421-025-01755-4","Numeric extraction only; may be citation, date, identifier, illustration or result; semantic inventory incomplete."
publications/active/ipsci-2026/submissions/v3-revision/manuscript-v3.md,References,590,not yet mapped: numeric token,375,PENDING — SC-3 stopped traceability review,ambiguous,AMBIGUOUS,"[27] T. N. Cash, D. M. Oppenheimer, S. Christie, and M. Devgan, ""Quantifying uncert-AI-nty: Testing the accuracy of LLMs' confidence judgments,"" *Memory & Cognition*, vol. 54, pp. 375–400, 2025. doi: 10.3758/s13421-025-01755-4","Numeric extraction only; may be citation, date, identifier, illustration or result; semantic inventory incomplete."
publications/active/ipsci-2026/submissions/v3-revision/manuscript-v3.md,References,590,not yet mapped: numeric token,400,PENDING — SC-3 stopped traceability review,ambiguous,AMBIGUOUS,"[27] T. N. Cash, D. M. Oppenheimer, S. Christie, and M. Devgan, ""Quantifying uncert-AI-nty: Testing the accuracy of LLMs' confidence judgments,"" *Memory & Cognition*, vol. 54, pp. 375–400, 2025. doi: 10.3758/s13421-025-01755-4","Numeric extraction only; may be citation, date, identifier, illustration or result; semantic inventory incomplete."
publications/active/ipsci-2026/submissions/v3-revision/manuscript-v3.md,References,590,not yet mapped: numeric token,2025,PENDING — SC-3 stopped traceability review,ambiguous,AMBIGUOUS,"[27] T. N. Cash, D. M. Oppenheimer, S. Christie, and M. Devgan, ""Quantifying uncert-AI-nty: Testing the accuracy of LLMs' confidence judgments,"" *Memory & Cognition*, vol. 54, pp. 375–400, 2025. doi: 10.3758/s13421-025-01755-4","Numeric extraction only; may be citation, date, identifier, illustration or result; semantic inventory incomplete."
publications/active/ipsci-2026/submissions/v3-revision/manuscript-v3.md,References,590,not yet mapped: numeric token,10.3758,PENDING — SC-3 stopped traceability review,ambiguous,AMBIGUOUS,"[27] T. N. Cash, D. M. Oppenheimer, S. Christie, and M. Devgan, ""Quantifying uncert-AI-nty: Testing the accuracy of LLMs' confidence judgments,"" *Memory & Cognition*, vol. 54, pp. 375–400, 2025. doi: 10.3758/s13421-025-01755-4","Numeric extraction only; may be citation, date, identifier, illustration or result; semantic inventory incomplete."
publications/active/ipsci-2026/submissions/v3-revision/manuscript-v3.md,References,590,not yet mapped: numeric token,025,PENDING — SC-3 stopped traceability review,ambiguous,AMBIGUOUS,"[27] T. N. Cash, D. M. Oppenheimer, S. Christie, and M. Devgan, ""Quantifying uncert-AI-nty: Testing the accuracy of LLMs' confidence judgments,"" *Memory & Cognition*, vol. 54, pp. 375–400, 2025. doi: 10.3758/s13421-025-01755-4","Numeric extraction only; may be citation, date, identifier, illustration or result; semantic inventory incomplete."
publications/active/ipsci-2026/submissions/v3-revision/manuscript-v3.md,References,590,not yet mapped: numeric token,01755,PENDING — SC-3 stopped traceability review,ambiguous,AMBIGUOUS,"[27] T. N. Cash, D. M. Oppenheimer, S. Christie, and M. Devgan, ""Quantifying uncert-AI-nty: Testing the accuracy of LLMs' confidence judgments,"" *Memory & Cognition*, vol. 54, pp. 375–400, 2025. doi: 10.3758/s13421-025-01755-4","Numeric extraction only; may be citation, date, identifier, illustration or result; semantic inventory incomplete."
publications/active/ipsci-2026/submissions/v3-revision/manuscript-v3.md,References,590,not yet mapped: numeric token,4,PENDING — SC-3 stopped traceability review,ambiguous,AMBIGUOUS,"[27] T. N. Cash, D. M. Oppenheimer, S. Christie, and M. Devgan, ""Quantifying uncert-AI-nty: Testing the accuracy of LLMs' confidence judgments,"" *Memory & Cognition*, vol. 54, pp. 375–400, 2025. doi: 10.3758/s13421-025-01755-4","Numeric extraction only; may be citation, date, identifier, illustration or result; semantic inventory incomplete."
publications/active/ipsci-2026/submissions/v3-revision/manuscript-v3.md,References,592,not yet mapped: numeric token,28,PENDING — SC-3 stopped traceability review,ambiguous,AMBIGUOUS,"[28] A. Reuel, P. Connolly, K. J. Meimandi, S. Tewari, J. Wiatrak, D. Venkatesh, and M. Kochenderfer, ""Responsible AI in the global context: Maturity model and survey,"" in *Proc. 2025 ACM Conf. Fairness, Accountability, and Transparency (FAccT '25)*, Athens, Greece, 2025, pp. 2505–2541. doi: 10.1145/3715275.3732165","Numeric extraction only; may be citation, date, identifier, illustration or result; semantic inventory incomplete."
publications/active/ipsci-2026/submissions/v3-revision/manuscript-v3.md,References,592,not yet mapped: numeric token,2025,PENDING — SC-3 stopped traceability review,ambiguous,AMBIGUOUS,"[28] A. Reuel, P. Connolly, K. J. Meimandi, S. Tewari, J. Wiatrak, D. Venkatesh, and M. Kochenderfer, ""Responsible AI in the global context: Maturity model and survey,"" in *Proc. 2025 ACM Conf. Fairness, Accountability, and Transparency (FAccT '25)*, Athens, Greece, 2025, pp. 2505–2541. doi: 10.1145/3715275.3732165","Numeric extraction only; may be citation, date, identifier, illustration or result; semantic inventory incomplete."
publications/active/ipsci-2026/submissions/v3-revision/manuscript-v3.md,References,592,not yet mapped: numeric token,25,PENDING — SC-3 stopped traceability review,ambiguous,AMBIGUOUS,"[28] A. Reuel, P. Connolly, K. J. Meimandi, S. Tewari, J. Wiatrak, D. Venkatesh, and M. Kochenderfer, ""Responsible AI in the global context: Maturity model and survey,"" in *Proc. 2025 ACM Conf. Fairness, Accountability, and Transparency (FAccT '25)*, Athens, Greece, 2025, pp. 2505–2541. doi: 10.1145/3715275.3732165","Numeric extraction only; may be citation, date, identifier, illustration or result; semantic inventory incomplete."
publications/active/ipsci-2026/submissions/v3-revision/manuscript-v3.md,References,592,not yet mapped: numeric token,2025,PENDING — SC-3 stopped traceability review,ambiguous,AMBIGUOUS,"[28] A. Reuel, P. Connolly, K. J. Meimandi, S. Tewari, J. Wiatrak, D. Venkatesh, and M. Kochenderfer, ""Responsible AI in the global context: Maturity model and survey,"" in *Proc. 2025 ACM Conf. Fairness, Accountability, and Transparency (FAccT '25)*, Athens, Greece, 2025, pp. 2505–2541. doi: 10.1145/3715275.3732165","Numeric extraction only; may be citation, date, identifier, illustration or result; semantic inventory incomplete."
publications/active/ipsci-2026/submissions/v3-revision/manuscript-v3.md,References,592,not yet mapped: numeric token,2505,PENDING — SC-3 stopped traceability review,ambiguous,AMBIGUOUS,"[28] A. Reuel, P. Connolly, K. J. Meimandi, S. Tewari, J. Wiatrak, D. Venkatesh, and M. Kochenderfer, ""Responsible AI in the global context: Maturity model and survey,"" in *Proc. 2025 ACM Conf. Fairness, Accountability, and Transparency (FAccT '25)*, Athens, Greece, 2025, pp. 2505–2541. doi: 10.1145/3715275.3732165","Numeric extraction only; may be citation, date, identifier, illustration or result; semantic inventory incomplete."
publications/active/ipsci-2026/submissions/v3-revision/manuscript-v3.md,References,592,not yet mapped: numeric token,2541,PENDING — SC-3 stopped traceability review,ambiguous,AMBIGUOUS,"[28] A. Reuel, P. Connolly, K. J. Meimandi, S. Tewari, J. Wiatrak, D. Venkatesh, and M. Kochenderfer, ""Responsible AI in the global context: Maturity model and survey,"" in *Proc. 2025 ACM Conf. Fairness, Accountability, and Transparency (FAccT '25)*, Athens, Greece, 2025, pp. 2505–2541. doi: 10.1145/3715275.3732165","Numeric extraction only; may be citation, date, identifier, illustration or result; semantic inventory incomplete."
publications/active/ipsci-2026/submissions/v3-revision/manuscript-v3.md,References,592,not yet mapped: numeric token,10.1145,PENDING — SC-3 stopped traceability review,ambiguous,AMBIGUOUS,"[28] A. Reuel, P. Connolly, K. J. Meimandi, S. Tewari, J. Wiatrak, D. Venkatesh, and M. Kochenderfer, ""Responsible AI in the global context: Maturity model and survey,"" in *Proc. 2025 ACM Conf. Fairness, Accountability, and Transparency (FAccT '25)*, Athens, Greece, 2025, pp. 2505–2541. doi: 10.1145/3715275.3732165","Numeric extraction only; may be citation, date, identifier, illustration or result; semantic inventory incomplete."
publications/active/ipsci-2026/submissions/v3-revision/manuscript-v3.md,References,592,not yet mapped: numeric token,3715275.3732165,PENDING — SC-3 stopped traceability review,ambiguous,AMBIGUOUS,"[28] A. Reuel, P. Connolly, K. J. Meimandi, S. Tewari, J. Wiatrak, D. Venkatesh, and M. Kochenderfer, ""Responsible AI in the global context: Maturity model and survey,"" in *Proc. 2025 ACM Conf. Fairness, Accountability, and Transparency (FAccT '25)*, Athens, Greece, 2025, pp. 2505–2541. doi: 10.1145/3715275.3732165","Numeric extraction only; may be citation, date, identifier, illustration or result; semantic inventory incomplete."
publications/active/ipsci-2026/submissions/v3-revision/manuscript-v3.md,References,594,not yet mapped: numeric token,29,PENDING — SC-3 stopped traceability review,ambiguous,AMBIGUOUS,"[29] Z. Engin and D. Hand, ""Towards adaptive categories: Dimensional governance for agentic AI,"" *arXiv preprint* arXiv:2505.11579, 2025.","Numeric extraction only; may be citation, date, identifier, illustration or result; semantic inventory incomplete."
publications/active/ipsci-2026/submissions/v3-revision/manuscript-v3.md,References,594,not yet mapped: numeric token,2505.11579,PENDING — SC-3 stopped traceability review,ambiguous,AMBIGUOUS,"[29] Z. Engin and D. Hand, ""Towards adaptive categories: Dimensional governance for agentic AI,"" *arXiv preprint* arXiv:2505.11579, 2025.","Numeric extraction only; may be citation, date, identifier, illustration or result; semantic inventory incomplete."
publications/active/ipsci-2026/submissions/v3-revision/manuscript-v3.md,References,594,not yet mapped: numeric token,2025,PENDING — SC-3 stopped traceability review,ambiguous,AMBIGUOUS,"[29] Z. Engin and D. Hand, ""Towards adaptive categories: Dimensional governance for agentic AI,"" *arXiv preprint* arXiv:2505.11579, 2025.","Numeric extraction only; may be citation, date, identifier, illustration or result; semantic inventory incomplete."
publications/active/ipsci-2026/submissions/v3-revision/manuscript-v3.md,References,596,not yet mapped: numeric token,30,PENDING — SC-3 stopped traceability review,ambiguous,AMBIGUOUS,"[30] M. Mussi et al., ""Human-AI interaction in safety-critical network infrastructures,"" *iScience*, vol. 28, p. 113400, 2025. doi: 10.1016/j.isci.2025.113400","Numeric extraction only; may be citation, date, identifier, illustration or result; semantic inventory incomplete."
publications/active/ipsci-2026/submissions/v3-revision/manuscript-v3.md,References,596,not yet mapped: numeric token,28,PENDING — SC-3 stopped traceability review,ambiguous,AMBIGUOUS,"[30] M. Mussi et al., ""Human-AI interaction in safety-critical network infrastructures,"" *iScience*, vol. 28, p. 113400, 2025. doi: 10.1016/j.isci.2025.113400","Numeric extraction only; may be citation, date, identifier, illustration or result; semantic inventory incomplete."
publications/active/ipsci-2026/submissions/v3-revision/manuscript-v3.md,References,596,not yet mapped: numeric token,113400,PENDING — SC-3 stopped traceability review,ambiguous,AMBIGUOUS,"[30] M. Mussi et al., ""Human-AI interaction in safety-critical network infrastructures,"" *iScience*, vol. 28, p. 113400, 2025. doi: 10.1016/j.isci.2025.113400","Numeric extraction only; may be citation, date, identifier, illustration or result; semantic inventory incomplete."
publications/active/ipsci-2026/submissions/v3-revision/manuscript-v3.md,References,596,not yet mapped: numeric token,2025,PENDING — SC-3 stopped traceability review,ambiguous,AMBIGUOUS,"[30] M. Mussi et al., ""Human-AI interaction in safety-critical network infrastructures,"" *iScience*, vol. 28, p. 113400, 2025. doi: 10.1016/j.isci.2025.113400","Numeric extraction only; may be citation, date, identifier, illustration or result; semantic inventory incomplete."
publications/active/ipsci-2026/submissions/v3-revision/manuscript-v3.md,References,596,not yet mapped: numeric token,10.1016,PENDING — SC-3 stopped traceability review,ambiguous,AMBIGUOUS,"[30] M. Mussi et al., ""Human-AI interaction in safety-critical network infrastructures,"" *iScience*, vol. 28, p. 113400, 2025. doi: 10.1016/j.isci.2025.113400","Numeric extraction only; may be citation, date, identifier, illustration or result; semantic inventory incomplete."
publications/active/ipsci-2026/submissions/v3-revision/manuscript-v3.md,References,596,not yet mapped: numeric token,2025.113400,PENDING — SC-3 stopped traceability review,ambiguous,AMBIGUOUS,"[30] M. Mussi et al., ""Human-AI interaction in safety-critical network infrastructures,"" *iScience*, vol. 28, p. 113400, 2025. doi: 10.1016/j.isci.2025.113400","Numeric extraction only; may be citation, date, identifier, illustration or result; semantic inventory incomplete."
publications/active/ipsci-2026/submissions/v3-revision/manuscript-v3.md,References,598,not yet mapped: numeric token,31,PENDING — SC-3 stopped traceability review,ambiguous,AMBIGUOUS,"[31] H. Wang, C. M. Poskitt, J. Sun, and J. Wei, ""Pro2Guard: Proactive runtime enforcement of LLM agent safety via probabilistic model checking,"" *arXiv preprint* arXiv:2508.00500, 2025.","Numeric extraction only; may be citation, date, identifier, illustration or result; semantic inventory incomplete."
publications/active/ipsci-2026/submissions/v3-revision/manuscript-v3.md,References,598,not yet mapped: numeric token,2508.00500,PENDING — SC-3 stopped traceability review,ambiguous,AMBIGUOUS,"[31] H. Wang, C. M. Poskitt, J. Sun, and J. Wei, ""Pro2Guard: Proactive runtime enforcement of LLM agent safety via probabilistic model checking,"" *arXiv preprint* arXiv:2508.00500, 2025.","Numeric extraction only; may be citation, date, identifier, illustration or result; semantic inventory incomplete."
publications/active/ipsci-2026/submissions/v3-revision/manuscript-v3.md,References,598,not yet mapped: numeric token,2025,PENDING — SC-3 stopped traceability review,ambiguous,AMBIGUOUS,"[31] H. Wang, C. M. Poskitt, J. Sun, and J. Wei, ""Pro2Guard: Proactive runtime enforcement of LLM agent safety via probabilistic model checking,"" *arXiv preprint* arXiv:2508.00500, 2025.","Numeric extraction only; may be citation, date, identifier, illustration or result; semantic inventory incomplete."
publications/active/ipsci-2026/submissions/v3-revision/manuscript-v3.md,References,600,not yet mapped: numeric token,32,PENDING — SC-3 stopped traceability review,ambiguous,AMBIGUOUS,"[32] N. Kolt, M. Shur-Ofry, and R. Cohen, ""Lessons from complex systems science for AI governance,"" *Patterns*, vol. 6, p. 101341, 2025. doi: 10.1016/j.patter.2025.101341","Numeric extraction only; may be citation, date, identifier, illustration or result; semantic inventory incomplete."
publications/active/ipsci-2026/submissions/v3-revision/manuscript-v3.md,References,600,not yet mapped: numeric token,6,PENDING — SC-3 stopped traceability review,ambiguous,AMBIGUOUS,"[32] N. Kolt, M. Shur-Ofry, and R. Cohen, ""Lessons from complex systems science for AI governance,"" *Patterns*, vol. 6, p. 101341, 2025. doi: 10.1016/j.patter.2025.101341","Numeric extraction only; may be citation, date, identifier, illustration or result; semantic inventory incomplete."
publications/active/ipsci-2026/submissions/v3-revision/manuscript-v3.md,References,600,not yet mapped: numeric token,101341,PENDING — SC-3 stopped traceability review,ambiguous,AMBIGUOUS,"[32] N. Kolt, M. Shur-Ofry, and R. Cohen, ""Lessons from complex systems science for AI governance,"" *Patterns*, vol. 6, p. 101341, 2025. doi: 10.1016/j.patter.2025.101341","Numeric extraction only; may be citation, date, identifier, illustration or result; semantic inventory incomplete."
publications/active/ipsci-2026/submissions/v3-revision/manuscript-v3.md,References,600,not yet mapped: numeric token,2025,PENDING — SC-3 stopped traceability review,ambiguous,AMBIGUOUS,"[32] N. Kolt, M. Shur-Ofry, and R. Cohen, ""Lessons from complex systems science for AI governance,"" *Patterns*, vol. 6, p. 101341, 2025. doi: 10.1016/j.patter.2025.101341","Numeric extraction only; may be citation, date, identifier, illustration or result; semantic inventory incomplete."
publications/active/ipsci-2026/submissions/v3-revision/manuscript-v3.md,References,600,not yet mapped: numeric token,10.1016,PENDING — SC-3 stopped traceability review,ambiguous,AMBIGUOUS,"[32] N. Kolt, M. Shur-Ofry, and R. Cohen, ""Lessons from complex systems science for AI governance,"" *Patterns*, vol. 6, p. 101341, 2025. doi: 10.1016/j.patter.2025.101341","Numeric extraction only; may be citation, date, identifier, illustration or result; semantic inventory incomplete."
publications/active/ipsci-2026/submissions/v3-revision/manuscript-v3.md,References,600,not yet mapped: numeric token,2025.101341,PENDING — SC-3 stopped traceability review,ambiguous,AMBIGUOUS,"[32] N. Kolt, M. Shur-Ofry, and R. Cohen, ""Lessons from complex systems science for AI governance,"" *Patterns*, vol. 6, p. 101341, 2025. doi: 10.1016/j.patter.2025.101341","Numeric extraction only; may be citation, date, identifier, illustration or result; semantic inventory incomplete."
publications/active/ipsci-2026/submissions/v3-revision/manuscript-v3.md,References,602,not yet mapped: numeric token,33,PENDING — SC-3 stopped traceability review,ambiguous,AMBIGUOUS,"[33] T. Gao, ""Mapping the Decision-Making Factors of Small-Scale Fishers: A Case Study of Penang,"" M.Sc. thesis, International Master of Science in Rural Development, University of Pisa / WorldFish (CGIAR), 2024. [Online]. Available: https://hdl.handle.net/10568/152289","Numeric extraction only; may be citation, date, identifier, illustration or result; semantic inventory incomplete."
publications/active/ipsci-2026/submissions/v3-revision/manuscript-v3.md,References,602,not yet mapped: numeric token,2024,PENDING — SC-3 stopped traceability review,ambiguous,AMBIGUOUS,"[33] T. Gao, ""Mapping the Decision-Making Factors of Small-Scale Fishers: A Case Study of Penang,"" M.Sc. thesis, International Master of Science in Rural Development, University of Pisa / WorldFish (CGIAR), 2024. [Online]. Available: https://hdl.handle.net/10568/152289","Numeric extraction only; may be citation, date, identifier, illustration or result; semantic inventory incomplete."
publications/active/ipsci-2026/submissions/v3-revision/manuscript-v3.md,References,602,not yet mapped: numeric token,10568,PENDING — SC-3 stopped traceability review,ambiguous,AMBIGUOUS,"[33] T. Gao, ""Mapping the Decision-Making Factors of Small-Scale Fishers: A Case Study of Penang,"" M.Sc. thesis, International Master of Science in Rural Development, University of Pisa / WorldFish (CGIAR), 2024. [Online]. Available: https://hdl.handle.net/10568/152289","Numeric extraction only; may be citation, date, identifier, illustration or result; semantic inventory incomplete."
publications/active/ipsci-2026/submissions/v3-revision/manuscript-v3.md,References,602,not yet mapped: numeric token,152289,PENDING — SC-3 stopped traceability review,ambiguous,AMBIGUOUS,"[33] T. Gao, ""Mapping the Decision-Making Factors of Small-Scale Fishers: A Case Study of Penang,"" M.Sc. thesis, International Master of Science in Rural Development, University of Pisa / WorldFish (CGIAR), 2024. [Online]. Available: https://hdl.handle.net/10568/152289","Numeric extraction only; may be citation, date, identifier, illustration or result; semantic inventory incomplete."
publications/active/ipsci-2026/submissions/v3-revision/manuscript-v3.md,References,604,not yet mapped: numeric token,34,PENDING — SC-3 stopped traceability review,ambiguous,AMBIGUOUS,"[34] V. Belle, ""On the relevance of logic for artificial intelligence, and the promise of neurosymbolic learning,"" *Neurosymbolic Artificial Intelligence*, 2025. doi: 10.1177/29498732251339951","Numeric extraction only; may be citation, date, identifier, illustration or result; semantic inventory incomplete."
publications/active/ipsci-2026/submissions/v3-revision/manuscript-v3.md,References,604,not yet mapped: numeric token,2025,PENDING — SC-3 stopped traceability review,ambiguous,AMBIGUOUS,"[34] V. Belle, ""On the relevance of logic for artificial intelligence, and the promise of neurosymbolic learning,"" *Neurosymbolic Artificial Intelligence*, 2025. doi: 10.1177/29498732251339951","Numeric extraction only; may be citation, date, identifier, illustration or result; semantic inventory incomplete."
publications/active/ipsci-2026/submissions/v3-revision/manuscript-v3.md,References,604,not yet mapped: numeric token,10.1177,PENDING — SC-3 stopped traceability review,ambiguous,AMBIGUOUS,"[34] V. Belle, ""On the relevance of logic for artificial intelligence, and the promise of neurosymbolic learning,"" *Neurosymbolic Artificial Intelligence*, 2025. doi: 10.1177/29498732251339951","Numeric extraction only; may be citation, date, identifier, illustration or result; semantic inventory incomplete."
publications/active/ipsci-2026/submissions/v3-revision/manuscript-v3.md,References,604,not yet mapped: numeric token,29498732251339951,PENDING — SC-3 stopped traceability review,ambiguous,AMBIGUOUS,"[34] V. Belle, ""On the relevance of logic for artificial intelligence, and the promise of neurosymbolic learning,"" *Neurosymbolic Artificial Intelligence*, 2025. doi: 10.1177/29498732251339951","Numeric extraction only; may be citation, date, identifier, illustration or result; semantic inventory incomplete."
publications/active/ipsci-2026/submissions/v3-revision/manuscript-v3.md,References,606,not yet mapped: numeric token,35,PENDING — SC-3 stopped traceability review,ambiguous,AMBIGUOUS,"[35] National Institute of Standards and Technology, *Artificial Intelligence Risk Management Framework (AI RMF 1.0)*, NIST AI 100-1, Gaithersburg, MD: NIST, Jan. 2023. doi: 10.6028/NIST.AI.100-1","Numeric extraction only; may be citation, date, identifier, illustration or result; semantic inventory incomplete."
publications/active/ipsci-2026/submissions/v3-revision/manuscript-v3.md,References,606,not yet mapped: numeric token,1.0,PENDING — SC-3 stopped traceability review,ambiguous,AMBIGUOUS,"[35] National Institute of Standards and Technology, *Artificial Intelligence Risk Management Framework (AI RMF 1.0)*, NIST AI 100-1, Gaithersburg, MD: NIST, Jan. 2023. doi: 10.6028/NIST.AI.100-1","Numeric extraction only; may be citation, date, identifier, illustration or result; semantic inventory incomplete."
publications/active/ipsci-2026/submissions/v3-revision/manuscript-v3.md,References,606,not yet mapped: numeric token,100,PENDING — SC-3 stopped traceability review,ambiguous,AMBIGUOUS,"[35] National Institute of Standards and Technology, *Artificial Intelligence Risk Management Framework (AI RMF 1.0)*, NIST AI 100-1, Gaithersburg, MD: NIST, Jan. 2023. doi: 10.6028/NIST.AI.100-1","Numeric extraction only; may be citation, date, identifier, illustration or result; semantic inventory incomplete."
publications/active/ipsci-2026/submissions/v3-revision/manuscript-v3.md,References,606,not yet mapped: numeric token,1,PENDING — SC-3 stopped traceability review,ambiguous,AMBIGUOUS,"[35] National Institute of Standards and Technology, *Artificial Intelligence Risk Management Framework (AI RMF 1.0)*, NIST AI 100-1, Gaithersburg, MD: NIST, Jan. 2023. doi: 10.6028/NIST.AI.100-1","Numeric extraction only; may be citation, date, identifier, illustration or result; semantic inventory incomplete."
publications/active/ipsci-2026/submissions/v3-revision/manuscript-v3.md,References,606,not yet mapped: numeric token,2023,PENDING — SC-3 stopped traceability review,ambiguous,AMBIGUOUS,"[35] National Institute of Standards and Technology, *Artificial Intelligence Risk Management Framework (AI RMF 1.0)*, NIST AI 100-1, Gaithersburg, MD: NIST, Jan. 2023. doi: 10.6028/NIST.AI.100-1","Numeric extraction only; may be citation, date, identifier, illustration or result; semantic inventory incomplete."
publications/active/ipsci-2026/submissions/v3-revision/manuscript-v3.md,References,606,not yet mapped: numeric token,10.6028,PENDING — SC-3 stopped traceability review,ambiguous,AMBIGUOUS,"[35] National Institute of Standards and Technology, *Artificial Intelligence Risk Management Framework (AI RMF 1.0)*, NIST AI 100-1, Gaithersburg, MD: NIST, Jan. 2023. doi: 10.6028/NIST.AI.100-1","Numeric extraction only; may be citation, date, identifier, illustration or result; semantic inventory incomplete."
publications/active/ipsci-2026/submissions/v3-revision/manuscript-v3.md,References,606,not yet mapped: numeric token,100,PENDING — SC-3 stopped traceability review,ambiguous,AMBIGUOUS,"[35] National Institute of Standards and Technology, *Artificial Intelligence Risk Management Framework (AI RMF 1.0)*, NIST AI 100-1, Gaithersburg, MD: NIST, Jan. 2023. doi: 10.6028/NIST.AI.100-1","Numeric extraction only; may be citation, date, identifier, illustration or result; semantic inventory incomplete."
publications/active/ipsci-2026/submissions/v3-revision/manuscript-v3.md,References,606,not yet mapped: numeric token,1,PENDING — SC-3 stopped traceability review,ambiguous,AMBIGUOUS,"[35] National Institute of Standards and Technology, *Artificial Intelligence Risk Management Framework (AI RMF 1.0)*, NIST AI 100-1, Gaithersburg, MD: NIST, Jan. 2023. doi: 10.6028/NIST.AI.100-1","Numeric extraction only; may be citation, date, identifier, illustration or result; semantic inventory incomplete."
publications/active/journal-1/submissions/v1-initial-submission/manuscript.md,A Formally Verified Runtime AI Governance Architecture Based on Graduated Safety-State Gating,3,not yet mapped: numeric token,001,PENDING — SC-3 stopped traceability review,ambiguous,AMBIGUOUS,"> **⚠️ SDR-001 APPLIED 2026-09-08 — active working manuscript.** `g_t` is the canonical solar-event classifier: **SAFE sunrise ≤ t < sunset, UNSAFE otherwise**, `g_t(⊥) = UNSAFE`, and it emits **no CAUTION**. The fixed clock 06:00 / 17:00 / 19:00 and its 17:00–19:00 CAUTION band are superseded. **""Daylight"" means sunrise ≤ t < sunset.** Canonical figures: Level 2 binds **5.81% / 4.48%**; prediction register **15 CONFIRMED / 9 REFUTED**. Earlier values (7.72% / 5.98%, 22/2, 5,416 / 70 / 6.2%) are provenance only. Submitted and archived versions are historical and are not edited. See `report-c8-migration-2026-09-08.md`.","Numeric extraction only; may be citation, date, identifier, illustration or result; semantic inventory incomplete."
publications/active/journal-1/submissions/v1-initial-submission/manuscript.md,A Formally Verified Runtime AI Governance Architecture Based on Graduated Safety-State Gating,3,not yet mapped: numeric token,2026,PENDING — SC-3 stopped traceability review,ambiguous,AMBIGUOUS,"> **⚠️ SDR-001 APPLIED 2026-09-08 — active working manuscript.** `g_t` is the canonical solar-event classifier: **SAFE sunrise ≤ t < sunset, UNSAFE otherwise**, `g_t(⊥) = UNSAFE`, and it emits **no CAUTION**. The fixed clock 06:00 / 17:00 / 19:00 and its 17:00–19:00 CAUTION band are superseded. **""Daylight"" means sunrise ≤ t < sunset.** Canonical figures: Level 2 binds **5.81% / 4.48%**; prediction register **15 CONFIRMED / 9 REFUTED**. Earlier values (7.72% / 5.98%, 22/2, 5,416 / 70 / 6.2%) are provenance only. Submitted and archived versions are historical and are not edited. See `report-c8-migration-2026-09-08.md`.","Numeric extraction only; may be citation, date, identifier, illustration or result; semantic inventory incomplete."
publications/active/journal-1/submissions/v1-initial-submission/manuscript.md,A Formally Verified Runtime AI Governance Architecture Based on Graduated Safety-State Gating,3,not yet mapped: numeric token,09,PENDING — SC-3 stopped traceability review,ambiguous,AMBIGUOUS,"> **⚠️ SDR-001 APPLIED 2026-09-08 — active working manuscript.** `g_t` is the canonical solar-event classifier: **SAFE sunrise ≤ t < sunset, UNSAFE otherwise**, `g_t(⊥) = UNSAFE`, and it emits **no CAUTION**. The fixed clock 06:00 / 17:00 / 19:00 and its 17:00–19:00 CAUTION band are superseded. **""Daylight"" means sunrise ≤ t < sunset.** Canonical figures: Level 2 binds **5.81% / 4.48%**; prediction register **15 CONFIRMED / 9 REFUTED**. Earlier values (7.72% / 5.98%, 22/2, 5,416 / 70 / 6.2%) are provenance only. Submitted and archived versions are historical and are not edited. See `report-c8-migration-2026-09-08.md`.","Numeric extraction only; may be citation, date, identifier, illustration or result; semantic inventory incomplete."
publications/active/journal-1/submissions/v1-initial-submission/manuscript.md,A Formally Verified Runtime AI Governance Architecture Based on Graduated Safety-State Gating,3,not yet mapped: numeric token,08,PENDING — SC-3 stopped traceability review,ambiguous,AMBIGUOUS,"> **⚠️ SDR-001 APPLIED 2026-09-08 — active working manuscript.** `g_t` is the canonical solar-event classifier: **SAFE sunrise ≤ t < sunset, UNSAFE otherwise**, `g_t(⊥) = UNSAFE`, and it emits **no CAUTION**. The fixed clock 06:00 / 17:00 / 19:00 and its 17:00–19:00 CAUTION band are superseded. **""Daylight"" means sunrise ≤ t < sunset.** Canonical figures: Level 2 binds **5.81% / 4.48%**; prediction register **15 CONFIRMED / 9 REFUTED**. Earlier values (7.72% / 5.98%, 22/2, 5,416 / 70 / 6.2%) are provenance only. Submitted and archived versions are historical and are not edited. See `report-c8-migration-2026-09-08.md`.","Numeric extraction only; may be citation, date, identifier, illustration or result; semantic inventory incomplete."
publications/active/journal-1/submissions/v1-initial-submission/manuscript.md,A Formally Verified Runtime AI Governance Architecture Based on Graduated Safety-State Gating,3,not yet mapped: numeric token,06,PENDING — SC-3 stopped traceability review,ambiguous,AMBIGUOUS,"> **⚠️ SDR-001 APPLIED 2026-09-08 — active working manuscript.** `g_t` is the canonical solar-event classifier: **SAFE sunrise ≤ t < sunset, UNSAFE otherwise**, `g_t(⊥) = UNSAFE`, and it emits **no CAUTION**. The fixed clock 06:00 / 17:00 / 19:00 and its 17:00–19:00 CAUTION band are superseded. **""Daylight"" means sunrise ≤ t < sunset.** Canonical figures: Level 2 binds **5.81% / 4.48%**; prediction register **15 CONFIRMED / 9 REFUTED**. Earlier values (7.72% / 5.98%, 22/2, 5,416 / 70 / 6.2%) are provenance only. Submitted and archived versions are historical and are not edited. See `report-c8-migration-2026-09-08.md`.","Numeric extraction only; may be citation, date, identifier, illustration or result; semantic inventory incomplete."
publications/active/journal-1/submissions/v1-initial-submission/manuscript.md,A Formally Verified Runtime AI Governance Architecture Based on Graduated Safety-State Gating,3,not yet mapped: numeric token,00,PENDING — SC-3 stopped traceability review,ambiguous,AMBIGUOUS,"> **⚠️ SDR-001 APPLIED 2026-09-08 — active working manuscript.** `g_t` is the canonical solar-event classifier: **SAFE sunrise ≤ t < sunset, UNSAFE otherwise**, `g_t(⊥) = UNSAFE`, and it emits **no CAUTION**. The fixed clock 06:00 / 17:00 / 19:00 and its 17:00–19:00 CAUTION band are superseded. **""Daylight"" means sunrise ≤ t < sunset.** Canonical figures: Level 2 binds **5.81% / 4.48%**; prediction register **15 CONFIRMED / 9 REFUTED**. Earlier values (7.72% / 5.98%, 22/2, 5,416 / 70 / 6.2%) are provenance only. Submitted and archived versions are historical and are not edited. See `report-c8-migration-2026-09-08.md`.","Numeric extraction only; may be citation, date, identifier, illustration or result; semantic inventory incomplete."
publications/active/journal-1/submissions/v1-initial-submission/manuscript.md,A Formally Verified Runtime AI Governance Architecture Based on Graduated Safety-State Gating,3,not yet mapped: numeric token,17,PENDING — SC-3 stopped traceability review,ambiguous,AMBIGUOUS,"> **⚠️ SDR-001 APPLIED 2026-09-08 — active working manuscript.** `g_t` is the canonical solar-event classifier: **SAFE sunrise ≤ t < sunset, UNSAFE otherwise**, `g_t(⊥) = UNSAFE`, and it emits **no CAUTION**. The fixed clock 06:00 / 17:00 / 19:00 and its 17:00–19:00 CAUTION band are superseded. **""Daylight"" means sunrise ≤ t < sunset.** Canonical figures: Level 2 binds **5.81% / 4.48%**; prediction register **15 CONFIRMED / 9 REFUTED**. Earlier values (7.72% / 5.98%, 22/2, 5,416 / 70 / 6.2%) are provenance only. Submitted and archived versions are historical and are not edited. See `report-c8-migration-2026-09-08.md`.","Numeric extraction only; may be citation, date, identifier, illustration or result; semantic inventory incomplete."
publications/active/journal-1/submissions/v1-initial-submission/manuscript.md,A Formally Verified Runtime AI Governance Architecture Based on Graduated Safety-State Gating,3,not yet mapped: numeric token,00,PENDING — SC-3 stopped traceability review,ambiguous,AMBIGUOUS,"> **⚠️ SDR-001 APPLIED 2026-09-08 — active working manuscript.** `g_t` is the canonical solar-event classifier: **SAFE sunrise ≤ t < sunset, UNSAFE otherwise**, `g_t(⊥) = UNSAFE`, and it emits **no CAUTION**. The fixed clock 06:00 / 17:00 / 19:00 and its 17:00–19:00 CAUTION band are superseded. **""Daylight"" means sunrise ≤ t < sunset.** Canonical figures: Level 2 binds **5.81% / 4.48%**; prediction register **15 CONFIRMED / 9 REFUTED**. Earlier values (7.72% / 5.98%, 22/2, 5,416 / 70 / 6.2%) are provenance only. Submitted and archived versions are historical and are not edited. See `report-c8-migration-2026-09-08.md`.","Numeric extraction only; may be citation, date, identifier, illustration or result; semantic inventory incomplete."
publications/active/journal-1/submissions/v1-initial-submission/manuscript.md,A Formally Verified Runtime AI Governance Architecture Based on Graduated Safety-State Gating,3,not yet mapped: numeric token,19,PENDING — SC-3 stopped traceability review,ambiguous,AMBIGUOUS,"> **⚠️ SDR-001 APPLIED 2026-09-08 — active working manuscript.** `g_t` is the canonical solar-event classifier: **SAFE sunrise ≤ t < sunset, UNSAFE otherwise**, `g_t(⊥) = UNSAFE`, and it emits **no CAUTION**. The fixed clock 06:00 / 17:00 / 19:00 and its 17:00–19:00 CAUTION band are superseded. **""Daylight"" means sunrise ≤ t < sunset.** Canonical figures: Level 2 binds **5.81% / 4.48%**; prediction register **15 CONFIRMED / 9 REFUTED**. Earlier values (7.72% / 5.98%, 22/2, 5,416 / 70 / 6.2%) are provenance only. Submitted and archived versions are historical and are not edited. See `report-c8-migration-2026-09-08.md`.","Numeric extraction only; may be citation, date, identifier, illustration or result; semantic inventory incomplete."
publications/active/journal-1/submissions/v1-initial-submission/manuscript.md,A Formally Verified Runtime AI Governance Architecture Based on Graduated Safety-State Gating,3,not yet mapped: numeric token,00,PENDING — SC-3 stopped traceability review,ambiguous,AMBIGUOUS,"> **⚠️ SDR-001 APPLIED 2026-09-08 — active working manuscript.** `g_t` is the canonical solar-event classifier: **SAFE sunrise ≤ t < sunset, UNSAFE otherwise**, `g_t(⊥) = UNSAFE`, and it emits **no CAUTION**. The fixed clock 06:00 / 17:00 / 19:00 and its 17:00–19:00 CAUTION band are superseded. **""Daylight"" means sunrise ≤ t < sunset.** Canonical figures: Level 2 binds **5.81% / 4.48%**; prediction register **15 CONFIRMED / 9 REFUTED**. Earlier values (7.72% / 5.98%, 22/2, 5,416 / 70 / 6.2%) are provenance only. Submitted and archived versions are historical and are not edited. See `report-c8-migration-2026-09-08.md`.","Numeric extraction only; may be citation, date, identifier, illustration or result; semantic inventory incomplete."
publications/active/journal-1/submissions/v1-initial-submission/manuscript.md,A Formally Verified Runtime AI Governance Architecture Based on Graduated Safety-State Gating,3,not yet mapped: numeric token,17,PENDING — SC-3 stopped traceability review,ambiguous,AMBIGUOUS,"> **⚠️ SDR-001 APPLIED 2026-09-08 — active working manuscript.** `g_t` is the canonical solar-event classifier: **SAFE sunrise ≤ t < sunset, UNSAFE otherwise**, `g_t(⊥) = UNSAFE`, and it emits **no CAUTION**. The fixed clock 06:00 / 17:00 / 19:00 and its 17:00–19:00 CAUTION band are superseded. **""Daylight"" means sunrise ≤ t < sunset.** Canonical figures: Level 2 binds **5.81% / 4.48%**; prediction register **15 CONFIRMED / 9 REFUTED**. Earlier values (7.72% / 5.98%, 22/2, 5,416 / 70 / 6.2%) are provenance only. Submitted and archived versions are historical and are not edited. See `report-c8-migration-2026-09-08.md`.","Numeric extraction only; may be citation, date, identifier, illustration or result; semantic inventory incomplete."
publications/active/journal-1/submissions/v1-initial-submission/manuscript.md,A Formally Verified Runtime AI Governance Architecture Based on Graduated Safety-State Gating,3,not yet mapped: numeric token,00,PENDING — SC-3 stopped traceability review,ambiguous,AMBIGUOUS,"> **⚠️ SDR-001 APPLIED 2026-09-08 — active working manuscript.** `g_t` is the canonical solar-event classifier: **SAFE sunrise ≤ t < sunset, UNSAFE otherwise**, `g_t(⊥) = UNSAFE`, and it emits **no CAUTION**. The fixed clock 06:00 / 17:00 / 19:00 and its 17:00–19:00 CAUTION band are superseded. **""Daylight"" means sunrise ≤ t < sunset.** Canonical figures: Level 2 binds **5.81% / 4.48%**; prediction register **15 CONFIRMED / 9 REFUTED**. Earlier values (7.72% / 5.98%, 22/2, 5,416 / 70 / 6.2%) are provenance only. Submitted and archived versions are historical and are not edited. See `report-c8-migration-2026-09-08.md`.","Numeric extraction only; may be citation, date, identifier, illustration or result; semantic inventory incomplete."
publications/active/journal-1/submissions/v1-initial-submission/manuscript.md,A Formally Verified Runtime AI Governance Architecture Based on Graduated Safety-State Gating,3,not yet mapped: numeric token,19,PENDING — SC-3 stopped traceability review,ambiguous,AMBIGUOUS,"> **⚠️ SDR-001 APPLIED 2026-09-08 — active working manuscript.** `g_t` is the canonical solar-event classifier: **SAFE sunrise ≤ t < sunset, UNSAFE otherwise**, `g_t(⊥) = UNSAFE`, and it emits **no CAUTION**. The fixed clock 06:00 / 17:00 / 19:00 and its 17:00–19:00 CAUTION band are superseded. **""Daylight"" means sunrise ≤ t < sunset.** Canonical figures: Level 2 binds **5.81% / 4.48%**; prediction register **15 CONFIRMED / 9 REFUTED**. Earlier values (7.72% / 5.98%, 22/2, 5,416 / 70 / 6.2%) are provenance only. Submitted and archived versions are historical and are not edited. See `report-c8-migration-2026-09-08.md`.","Numeric extraction only; may be citation, date, identifier, illustration or result; semantic inventory incomplete."
publications/active/journal-1/submissions/v1-initial-submission/manuscript.md,A Formally Verified Runtime AI Governance Architecture Based on Graduated Safety-State Gating,3,not yet mapped: numeric token,00,PENDING — SC-3 stopped traceability review,ambiguous,AMBIGUOUS,"> **⚠️ SDR-001 APPLIED 2026-09-08 — active working manuscript.** `g_t` is the canonical solar-event classifier: **SAFE sunrise ≤ t < sunset, UNSAFE otherwise**, `g_t(⊥) = UNSAFE`, and it emits **no CAUTION**. The fixed clock 06:00 / 17:00 / 19:00 and its 17:00–19:00 CAUTION band are superseded. **""Daylight"" means sunrise ≤ t < sunset.** Canonical figures: Level 2 binds **5.81% / 4.48%**; prediction register **15 CONFIRMED / 9 REFUTED**. Earlier values (7.72% / 5.98%, 22/2, 5,416 / 70 / 6.2%) are provenance only. Submitted and archived versions are historical and are not edited. See `report-c8-migration-2026-09-08.md`.","Numeric extraction only; may be citation, date, identifier, illustration or result; semantic inventory incomplete."
publications/active/journal-1/submissions/v1-initial-submission/manuscript.md,A Formally Verified Runtime AI Governance Architecture Based on Graduated Safety-State Gating,3,not yet mapped: numeric token,2,PENDING — SC-3 stopped traceability review,ambiguous,AMBIGUOUS,"> **⚠️ SDR-001 APPLIED 2026-09-08 — active working manuscript.** `g_t` is the canonical solar-event classifier: **SAFE sunrise ≤ t < sunset, UNSAFE otherwise**, `g_t(⊥) = UNSAFE`, and it emits **no CAUTION**. The fixed clock 06:00 / 17:00 / 19:00 and its 17:00–19:00 CAUTION band are superseded. **""Daylight"" means sunrise ≤ t < sunset.** Canonical figures: Level 2 binds **5.81% / 4.48%**; prediction register **15 CONFIRMED / 9 REFUTED**. Earlier values (7.72% / 5.98%, 22/2, 5,416 / 70 / 6.2%) are provenance only. Submitted and archived versions are historical and are not edited. See `report-c8-migration-2026-09-08.md`.","Numeric extraction only; may be citation, date, identifier, illustration or result; semantic inventory incomplete."
publications/active/journal-1/submissions/v1-initial-submission/manuscript.md,A Formally Verified Runtime AI Governance Architecture Based on Graduated Safety-State Gating,3,not yet mapped: numeric token,5.81%,PENDING — SC-3 stopped traceability review,ambiguous,AMBIGUOUS,"> **⚠️ SDR-001 APPLIED 2026-09-08 — active working manuscript.** `g_t` is the canonical solar-event classifier: **SAFE sunrise ≤ t < sunset, UNSAFE otherwise**, `g_t(⊥) = UNSAFE`, and it emits **no CAUTION**. The fixed clock 06:00 / 17:00 / 19:00 and its 17:00–19:00 CAUTION band are superseded. **""Daylight"" means sunrise ≤ t < sunset.** Canonical figures: Level 2 binds **5.81% / 4.48%**; prediction register **15 CONFIRMED / 9 REFUTED**. Earlier values (7.72% / 5.98%, 22/2, 5,416 / 70 / 6.2%) are provenance only. Submitted and archived versions are historical and are not edited. See `report-c8-migration-2026-09-08.md`.","Numeric extraction only; may be citation, date, identifier, illustration or result; semantic inventory incomplete."
publications/active/journal-1/submissions/v1-initial-submission/manuscript.md,A Formally Verified Runtime AI Governance Architecture Based on Graduated Safety-State Gating,3,not yet mapped: numeric token,4.48%,PENDING — SC-3 stopped traceability review,ambiguous,AMBIGUOUS,"> **⚠️ SDR-001 APPLIED 2026-09-08 — active working manuscript.** `g_t` is the canonical solar-event classifier: **SAFE sunrise ≤ t < sunset, UNSAFE otherwise**, `g_t(⊥) = UNSAFE`, and it emits **no CAUTION**. The fixed clock 06:00 / 17:00 / 19:00 and its 17:00–19:00 CAUTION band are superseded. **""Daylight"" means sunrise ≤ t < sunset.** Canonical figures: Level 2 binds **5.81% / 4.48%**; prediction register **15 CONFIRMED / 9 REFUTED**. Earlier values (7.72% / 5.98%, 22/2, 5,416 / 70 / 6.2%) are provenance only. Submitted and archived versions are historical and are not edited. See `report-c8-migration-2026-09-08.md`.","Numeric extraction only; may be citation, date, identifier, illustration or result; semantic inventory incomplete."
publications/active/journal-1/submissions/v1-initial-submission/manuscript.md,A Formally Verified Runtime AI Governance Architecture Based on Graduated Safety-State Gating,3,not yet mapped: numeric token,15,PENDING — SC-3 stopped traceability review,ambiguous,AMBIGUOUS,"> **⚠️ SDR-001 APPLIED 2026-09-08 — active working manuscript.** `g_t` is the canonical solar-event classifier: **SAFE sunrise ≤ t < sunset, UNSAFE otherwise**, `g_t(⊥) = UNSAFE`, and it emits **no CAUTION**. The fixed clock 06:00 / 17:00 / 19:00 and its 17:00–19:00 CAUTION band are superseded. **""Daylight"" means sunrise ≤ t < sunset.** Canonical figures: Level 2 binds **5.81% / 4.48%**; prediction register **15 CONFIRMED / 9 REFUTED**. Earlier values (7.72% / 5.98%, 22/2, 5,416 / 70 / 6.2%) are provenance only. Submitted and archived versions are historical and are not edited. See `report-c8-migration-2026-09-08.md`.","Numeric extraction only; may be citation, date, identifier, illustration or result; semantic inventory incomplete."
publications/active/journal-1/submissions/v1-initial-submission/manuscript.md,A Formally Verified Runtime AI Governance Architecture Based on Graduated Safety-State Gating,3,not yet mapped: numeric token,9,PENDING — SC-3 stopped traceability review,ambiguous,AMBIGUOUS,"> **⚠️ SDR-001 APPLIED 2026-09-08 — active working manuscript.** `g_t` is the canonical solar-event classifier: **SAFE sunrise ≤ t < sunset, UNSAFE otherwise**, `g_t(⊥) = UNSAFE`, and it emits **no CAUTION**. The fixed clock 06:00 / 17:00 / 19:00 and its 17:00–19:00 CAUTION band are superseded. **""Daylight"" means sunrise ≤ t < sunset.** Canonical figures: Level 2 binds **5.81% / 4.48%**; prediction register **15 CONFIRMED / 9 REFUTED**. Earlier values (7.72% / 5.98%, 22/2, 5,416 / 70 / 6.2%) are provenance only. Submitted and archived versions are historical and are not edited. See `report-c8-migration-2026-09-08.md`.","Numeric extraction only; may be citation, date, identifier, illustration or result; semantic inventory incomplete."
publications/active/journal-1/submissions/v1-initial-submission/manuscript.md,A Formally Verified Runtime AI Governance Architecture Based on Graduated Safety-State Gating,3,not yet mapped: numeric token,7.72%,PENDING — SC-3 stopped traceability review,ambiguous,AMBIGUOUS,"> **⚠️ SDR-001 APPLIED 2026-09-08 — active working manuscript.** `g_t` is the canonical solar-event classifier: **SAFE sunrise ≤ t < sunset, UNSAFE otherwise**, `g_t(⊥) = UNSAFE`, and it emits **no CAUTION**. The fixed clock 06:00 / 17:00 / 19:00 and its 17:00–19:00 CAUTION band are superseded. **""Daylight"" means sunrise ≤ t < sunset.** Canonical figures: Level 2 binds **5.81% / 4.48%**; prediction register **15 CONFIRMED / 9 REFUTED**. Earlier values (7.72% / 5.98%, 22/2, 5,416 / 70 / 6.2%) are provenance only. Submitted and archived versions are historical and are not edited. See `report-c8-migration-2026-09-08.md`.","Numeric extraction only; may be citation, date, identifier, illustration or result; semantic inventory incomplete."
publications/active/journal-1/submissions/v1-initial-submission/manuscript.md,A Formally Verified Runtime AI Governance Architecture Based on Graduated Safety-State Gating,3,not yet mapped: numeric token,5.98%,PENDING — SC-3 stopped traceability review,ambiguous,AMBIGUOUS,"> **⚠️ SDR-001 APPLIED 2026-09-08 — active working manuscript.** `g_t` is the canonical solar-event classifier: **SAFE sunrise ≤ t < sunset, UNSAFE otherwise**, `g_t(⊥) = UNSAFE`, and it emits **no CAUTION**. The fixed clock 06:00 / 17:00 / 19:00 and its 17:00–19:00 CAUTION band are superseded. **""Daylight"" means sunrise ≤ t < sunset.** Canonical figures: Level 2 binds **5.81% / 4.48%**; prediction register **15 CONFIRMED / 9 REFUTED**. Earlier values (7.72% / 5.98%, 22/2, 5,416 / 70 / 6.2%) are provenance only. Submitted and archived versions are historical and are not edited. See `report-c8-migration-2026-09-08.md`.","Numeric extraction only; may be citation, date, identifier, illustration or result; semantic inventory incomplete."
publications/active/journal-1/submissions/v1-initial-submission/manuscript.md,A Formally Verified Runtime AI Governance Architecture Based on Graduated Safety-State Gating,3,not yet mapped: numeric token,22,PENDING — SC-3 stopped traceability review,ambiguous,AMBIGUOUS,"> **⚠️ SDR-001 APPLIED 2026-09-08 — active working manuscript.** `g_t` is the canonical solar-event classifier: **SAFE sunrise ≤ t < sunset, UNSAFE otherwise**, `g_t(⊥) = UNSAFE`, and it emits **no CAUTION**. The fixed clock 06:00 / 17:00 / 19:00 and its 17:00–19:00 CAUTION band are superseded. **""Daylight"" means sunrise ≤ t < sunset.** Canonical figures: Level 2 binds **5.81% / 4.48%**; prediction register **15 CONFIRMED / 9 REFUTED**. Earlier values (7.72% / 5.98%, 22/2, 5,416 / 70 / 6.2%) are provenance only. Submitted and archived versions are historical and are not edited. See `report-c8-migration-2026-09-08.md`.","Numeric extraction only; may be citation, date, identifier, illustration or result; semantic inventory incomplete."
publications/active/journal-1/submissions/v1-initial-submission/manuscript.md,A Formally Verified Runtime AI Governance Architecture Based on Graduated Safety-State Gating,3,not yet mapped: numeric token,2,PENDING — SC-3 stopped traceability review,ambiguous,AMBIGUOUS,"> **⚠️ SDR-001 APPLIED 2026-09-08 — active working manuscript.** `g_t` is the canonical solar-event classifier: **SAFE sunrise ≤ t < sunset, UNSAFE otherwise**, `g_t(⊥) = UNSAFE`, and it emits **no CAUTION**. The fixed clock 06:00 / 17:00 / 19:00 and its 17:00–19:00 CAUTION band are superseded. **""Daylight"" means sunrise ≤ t < sunset.** Canonical figures: Level 2 binds **5.81% / 4.48%**; prediction register **15 CONFIRMED / 9 REFUTED**. Earlier values (7.72% / 5.98%, 22/2, 5,416 / 70 / 6.2%) are provenance only. Submitted and archived versions are historical and are not edited. See `report-c8-migration-2026-09-08.md`.","Numeric extraction only; may be citation, date, identifier, illustration or result; semantic inventory incomplete."
publications/active/journal-1/submissions/v1-initial-submission/manuscript.md,A Formally Verified Runtime AI Governance Architecture Based on Graduated Safety-State Gating,3,not yet mapped: numeric token,"5,416",PENDING — SC-3 stopped traceability review,ambiguous,AMBIGUOUS,"> **⚠️ SDR-001 APPLIED 2026-09-08 — active working manuscript.** `g_t` is the canonical solar-event classifier: **SAFE sunrise ≤ t < sunset, UNSAFE otherwise**, `g_t(⊥) = UNSAFE`, and it emits **no CAUTION**. The fixed clock 06:00 / 17:00 / 19:00 and its 17:00–19:00 CAUTION band are superseded. **""Daylight"" means sunrise ≤ t < sunset.** Canonical figures: Level 2 binds **5.81% / 4.48%**; prediction register **15 CONFIRMED / 9 REFUTED**. Earlier values (7.72% / 5.98%, 22/2, 5,416 / 70 / 6.2%) are provenance only. Submitted and archived versions are historical and are not edited. See `report-c8-migration-2026-09-08.md`.","Numeric extraction only; may be citation, date, identifier, illustration or result; semantic inventory incomplete."
publications/active/journal-1/submissions/v1-initial-submission/manuscript.md,A Formally Verified Runtime AI Governance Architecture Based on Graduated Safety-State Gating,3,not yet mapped: numeric token,70,PENDING — SC-3 stopped traceability review,ambiguous,AMBIGUOUS,"> **⚠️ SDR-001 APPLIED 2026-09-08 — active working manuscript.** `g_t` is the canonical solar-event classifier: **SAFE sunrise ≤ t < sunset, UNSAFE otherwise**, `g_t(⊥) = UNSAFE`, and it emits **no CAUTION**. The fixed clock 06:00 / 17:00 / 19:00 and its 17:00–19:00 CAUTION band are superseded. **""Daylight"" means sunrise ≤ t < sunset.** Canonical figures: Level 2 binds **5.81% / 4.48%**; prediction register **15 CONFIRMED / 9 REFUTED**. Earlier values (7.72% / 5.98%, 22/2, 5,416 / 70 / 6.2%) are provenance only. Submitted and archived versions are historical and are not edited. See `report-c8-migration-2026-09-08.md`.","Numeric extraction only; may be citation, date, identifier, illustration or result; semantic inventory incomplete."
publications/active/journal-1/submissions/v1-initial-submission/manuscript.md,A Formally Verified Runtime AI Governance Architecture Based on Graduated Safety-State Gating,3,not yet mapped: numeric token,6.2%,PENDING — SC-3 stopped traceability review,ambiguous,AMBIGUOUS,"> **⚠️ SDR-001 APPLIED 2026-09-08 — active working manuscript.** `g_t` is the canonical solar-event classifier: **SAFE sunrise ≤ t < sunset, UNSAFE otherwise**, `g_t(⊥) = UNSAFE`, and it emits **no CAUTION**. The fixed clock 06:00 / 17:00 / 19:00 and its 17:00–19:00 CAUTION band are superseded. **""Daylight"" means sunrise ≤ t < sunset.** Canonical figures: Level 2 binds **5.81% / 4.48%**; prediction register **15 CONFIRMED / 9 REFUTED**. Earlier values (7.72% / 5.98%, 22/2, 5,416 / 70 / 6.2%) are provenance only. Submitted and archived versions are historical and are not edited. See `report-c8-migration-2026-09-08.md`.","Numeric extraction only; may be citation, date, identifier, illustration or result; semantic inventory incomplete."
publications/active/journal-1/submissions/v1-initial-submission/manuscript.md,A Formally Verified Runtime AI Governance Architecture Based on Graduated Safety-State Gating,3,not yet mapped: numeric token,2026,PENDING — SC-3 stopped traceability review,ambiguous,AMBIGUOUS,"> **⚠️ SDR-001 APPLIED 2026-09-08 — active working manuscript.** `g_t` is the canonical solar-event classifier: **SAFE sunrise ≤ t < sunset, UNSAFE otherwise**, `g_t(⊥) = UNSAFE`, and it emits **no CAUTION**. The fixed clock 06:00 / 17:00 / 19:00 and its 17:00–19:00 CAUTION band are superseded. **""Daylight"" means sunrise ≤ t < sunset.** Canonical figures: Level 2 binds **5.81% / 4.48%**; prediction register **15 CONFIRMED / 9 REFUTED**. Earlier values (7.72% / 5.98%, 22/2, 5,416 / 70 / 6.2%) are provenance only. Submitted and archived versions are historical and are not edited. See `report-c8-migration-2026-09-08.md`.","Numeric extraction only; may be citation, date, identifier, illustration or result; semantic inventory incomplete."
publications/active/journal-1/submissions/v1-initial-submission/manuscript.md,A Formally Verified Runtime AI Governance Architecture Based on Graduated Safety-State Gating,3,not yet mapped: numeric token,09,PENDING — SC-3 stopped traceability review,ambiguous,AMBIGUOUS,"> **⚠️ SDR-001 APPLIED 2026-09-08 — active working manuscript.** `g_t` is the canonical solar-event classifier: **SAFE sunrise ≤ t < sunset, UNSAFE otherwise**, `g_t(⊥) = UNSAFE`, and it emits **no CAUTION**. The fixed clock 06:00 / 17:00 / 19:00 and its 17:00–19:00 CAUTION band are superseded. **""Daylight"" means sunrise ≤ t < sunset.** Canonical figures: Level 2 binds **5.81% / 4.48%**; prediction register **15 CONFIRMED / 9 REFUTED**. Earlier values (7.72% / 5.98%, 22/2, 5,416 / 70 / 6.2%) are provenance only. Submitted and archived versions are historical and are not edited. See `report-c8-migration-2026-09-08.md`.","Numeric extraction only; may be citation, date, identifier, illustration or result; semantic inventory incomplete."
publications/active/journal-1/submissions/v1-initial-submission/manuscript.md,A Formally Verified Runtime AI Governance Architecture Based on Graduated Safety-State Gating,3,not yet mapped: numeric token,08,PENDING — SC-3 stopped traceability review,ambiguous,AMBIGUOUS,"> **⚠️ SDR-001 APPLIED 2026-09-08 — active working manuscript.** `g_t` is the canonical solar-event classifier: **SAFE sunrise ≤ t < sunset, UNSAFE otherwise**, `g_t(⊥) = UNSAFE`, and it emits **no CAUTION**. The fixed clock 06:00 / 17:00 / 19:00 and its 17:00–19:00 CAUTION band are superseded. **""Daylight"" means sunrise ≤ t < sunset.** Canonical figures: Level 2 binds **5.81% / 4.48%**; prediction register **15 CONFIRMED / 9 REFUTED**. Earlier values (7.72% / 5.98%, 22/2, 5,416 / 70 / 6.2%) are provenance only. Submitted and archived versions are historical and are not edited. See `report-c8-migration-2026-09-08.md`.","Numeric extraction only; may be citation, date, identifier, illustration or result; semantic inventory incomplete."
publications/active/journal-1/submissions/v1-initial-submission/manuscript.md,A Formally Verified Runtime AI Governance Architecture Based on Graduated Safety-State Gating,10,not yet mapped: numeric token,2026,PENDING — SC-3 stopped traceability review,ambiguous,AMBIGUOUS,**Date started:** 2026-08-06  ,"Numeric extraction only; may be citation, date, identifier, illustration or result; semantic inventory incomplete."
publications/active/journal-1/submissions/v1-initial-submission/manuscript.md,A Formally Verified Runtime AI Governance Architecture Based on Graduated Safety-State Gating,10,not yet mapped: numeric token,08,PENDING — SC-3 stopped traceability review,ambiguous,AMBIGUOUS,**Date started:** 2026-08-06  ,"Numeric extraction only; may be citation, date, identifier, illustration or result; semantic inventory incomplete."
publications/active/journal-1/submissions/v1-initial-submission/manuscript.md,A Formally Verified Runtime AI Governance Architecture Based on Graduated Safety-State Gating,10,not yet mapped: numeric token,06,PENDING — SC-3 stopped traceability review,ambiguous,AMBIGUOUS,**Date started:** 2026-08-06  ,"Numeric extraction only; may be citation, date, identifier, illustration or result; semantic inventory incomplete."
publications/active/journal-1/submissions/v1-initial-submission/manuscript.md,A Formally Verified Runtime AI Governance Architecture Based on Graduated Safety-State Gating,11,not yet mapped: numeric token,2027,PENDING — SC-3 stopped traceability review,ambiguous,AMBIGUOUS,**Target submission:** Early 2027,"Numeric extraction only; may be citation, date, identifier, illustration or result; semantic inventory incomplete."
publications/active/journal-1/submissions/v1-initial-submission/manuscript.md,A Formally Verified Runtime AI Governance Architecture Based on Graduated Safety-State Gating,17,not yet mapped: numeric token,2026,PENDING — SC-3 stopped traceability review,ambiguous,AMBIGUOUS,> The IPSci 2026 conference paper (AMICT) introduced the graduated safety-state-gated architecture and established the binary governance gap through a structured literature review. That paper is submitted and complete.,"Numeric extraction only; may be citation, date, identifier, illustration or result; semantic inventory incomplete."
publications/active/journal-1/submissions/v1-initial-submission/manuscript.md,A Formally Verified Runtime AI Governance Architecture Based on Graduated Safety-State Gating,19,not yet mapped: numeric token,1,PENDING — SC-3 stopped traceability review,ambiguous,AMBIGUOUS,"> This journal paper is an independent research contribution. It shares the same architecture but treats it as the subject of formal analysis, algorithmic specification, prototype implementation, and experimental validation — objectives that are distinct from the conference contribution. Approximately Sections 1–5 overlap significantly with the conference paper in topic; Sections 6–14 are essentially new research.","Numeric extraction only; may be citation, date, identifier, illustration or result; semantic inventory incomplete."
publications/active/journal-1/submissions/v1-initial-submission/manuscript.md,A Formally Verified Runtime AI Governance Architecture Based on Graduated Safety-State Gating,19,not yet mapped: numeric token,5,PENDING — SC-3 stopped traceability review,ambiguous,AMBIGUOUS,"> This journal paper is an independent research contribution. It shares the same architecture but treats it as the subject of formal analysis, algorithmic specification, prototype implementation, and experimental validation — objectives that are distinct from the conference contribution. Approximately Sections 1–5 overlap significantly with the conference paper in topic; Sections 6–14 are essentially new research.","Numeric extraction only; may be citation, date, identifier, illustration or result; semantic inventory incomplete."
publications/active/journal-1/submissions/v1-initial-submission/manuscript.md,A Formally Verified Runtime AI Governance Architecture Based on Graduated Safety-State Gating,19,not yet mapped: numeric token,6,PENDING — SC-3 stopped traceability review,ambiguous,AMBIGUOUS,"> This journal paper is an independent research contribution. It shares the same architecture but treats it as the subject of formal analysis, algorithmic specification, prototype implementation, and experimental validation — objectives that are distinct from the conference contribution. Approximately Sections 1–5 overlap significantly with the conference paper in topic; Sections 6–14 are essentially new research.","Numeric extraction only; may be citation, date, identifier, illustration or result; semantic inventory incomplete."
publications/active/journal-1/submissions/v1-initial-submission/manuscript.md,A Formally Verified Runtime AI Governance Architecture Based on Graduated Safety-State Gating,19,not yet mapped: numeric token,14,PENDING — SC-3 stopped traceability review,ambiguous,AMBIGUOUS,"> This journal paper is an independent research contribution. It shares the same architecture but treats it as the subject of formal analysis, algorithmic specification, prototype implementation, and experimental validation — objectives that are distinct from the conference contribution. Approximately Sections 1–5 overlap significantly with the conference paper in topic; Sections 6–14 are essentially new research.","Numeric extraction only; may be citation, date, identifier, illustration or result; semantic inventory incomplete."
publications/active/journal-1/submissions/v1-initial-submission/manuscript.md,Keywords,42,not yet mapped: numeric token,5,PENDING — SC-3 stopped traceability review,ambiguous,AMBIGUOUS,*(5–8 keywords — draft after abstract)*,"Numeric extraction only; may be citation, date, identifier, illustration or result; semantic inventory incomplete."
publications/active/journal-1/submissions/v1-initial-submission/manuscript.md,Keywords,42,not yet mapped: numeric token,8,PENDING — SC-3 stopped traceability review,ambiguous,AMBIGUOUS,*(5–8 keywords — draft after abstract)*,"Numeric extraction only; may be citation, date, identifier, illustration or result; semantic inventory incomplete."
publications/active/journal-1/submissions/v1-initial-submission/manuscript.md,1. Introduction,46,not yet mapped: numeric token,1,PENDING — SC-3 stopped traceability review,ambiguous,AMBIGUOUS,## 1. Introduction,"Numeric extraction only; may be citation, date, identifier, illustration or result; semantic inventory incomplete."
publications/active/journal-1/submissions/v1-initial-submission/manuscript.md,2. Related Work,60,not yet mapped: numeric token,2,PENDING — SC-3 stopped traceability review,ambiguous,AMBIGUOUS,## 2. Related Work,"Numeric extraction only; may be citation, date, identifier, illustration or result; semantic inventory incomplete."
publications/active/journal-1/submissions/v1-initial-submission/manuscript.md,2. Related Work,66,not yet mapped: numeric token,26262,PENDING — SC-3 stopped traceability review,ambiguous,AMBIGUOUS,"- Governance standards context: ISO 26262, IEC 61508, ICAO SAL levels, maritime safety standards","Numeric extraction only; may be citation, date, identifier, illustration or result; semantic inventory incomplete."
publications/active/journal-1/submissions/v1-initial-submission/manuscript.md,2. Related Work,66,not yet mapped: numeric token,61508,PENDING — SC-3 stopped traceability review,ambiguous,AMBIGUOUS,"- Governance standards context: ISO 26262, IEC 61508, ICAO SAL levels, maritime safety standards","Numeric extraction only; may be citation, date, identifier, illustration or result; semantic inventory incomplete."
publications/active/journal-1/submissions/v1-initial-submission/manuscript.md,3. AI Governance Foundations,76,not yet mapped: numeric token,3,PENDING — SC-3 stopped traceability review,ambiguous,AMBIGUOUS,## 3. AI Governance Foundations,"Numeric extraction only; may be citation, date, identifier, illustration or result; semantic inventory incomplete."
publications/active/journal-1/submissions/v1-initial-submission/manuscript.md,3. AI Governance Foundations,82,not yet mapped: numeric token,61508,PENDING — SC-3 stopped traceability review,ambiguous,AMBIGUOUS,"- Relevant standards: IEC 61508 SIL levels, ISO 26262 ASIL, maritime safety regulations (SOLAS, COLREGS)","Numeric extraction only; may be citation, date, identifier, illustration or result; semantic inventory incomplete."
publications/active/journal-1/submissions/v1-initial-submission/manuscript.md,3. AI Governance Foundations,82,not yet mapped: numeric token,26262,PENDING — SC-3 stopped traceability review,ambiguous,AMBIGUOUS,"- Relevant standards: IEC 61508 SIL levels, ISO 26262 ASIL, maritime safety regulations (SOLAS, COLREGS)","Numeric extraction only; may be citation, date, identifier, illustration or result; semantic inventory incomplete."
publications/active/journal-1/submissions/v1-initial-submission/manuscript.md,4. Problem Formulation,90,not yet mapped: numeric token,4,PENDING — SC-3 stopped traceability review,ambiguous,AMBIGUOUS,## 4. Problem Formulation,"Numeric extraction only; may be citation, date, identifier, illustration or result; semantic inventory incomplete."
publications/active/journal-1/submissions/v1-initial-submission/manuscript.md,4. Problem Formulation,99,not yet mapped: numeric token,1,PENDING — SC-3 stopped traceability review,ambiguous,AMBIGUOUS,> **Source:** `docs/canonical/appendix-c-formalisation.md` Sections C.1–C.4,"Numeric extraction only; may be citation, date, identifier, illustration or result; semantic inventory incomplete."
publications/active/journal-1/submissions/v1-initial-submission/manuscript.md,4. Problem Formulation,99,not yet mapped: numeric token,4,PENDING — SC-3 stopped traceability review,ambiguous,AMBIGUOUS,> **Source:** `docs/canonical/appendix-c-formalisation.md` Sections C.1–C.4,"Numeric extraction only; may be citation, date, identifier, illustration or result; semantic inventory incomplete."
publications/active/journal-1/submissions/v1-initial-submission/manuscript.md,5. Formal Architecture,105,not yet mapped: numeric token,5,PENDING — SC-3 stopped traceability review,ambiguous,AMBIGUOUS,## 5. Formal Architecture,"Numeric extraction only; may be citation, date, identifier, illustration or result; semantic inventory incomplete."
publications/active/journal-1/submissions/v1-initial-submission/manuscript.md,5.1 Architecture Overview,107,not yet mapped: numeric token,5.1,PENDING — SC-3 stopped traceability review,ambiguous,AMBIGUOUS,### 5.1 Architecture Overview,"Numeric extraction only; may be citation, date, identifier, illustration or result; semantic inventory incomplete."
publications/active/journal-1/submissions/v1-initial-submission/manuscript.md,5.1 Architecture Overview,117,not yet mapped: numeric token,1,PENDING — SC-3 stopped traceability review,ambiguous,AMBIGUOUS,"The architectural contribution resides in the governance pair (G(S), A_AI(S)). Prior governance architectures implement only a participation gate G(S): the AI is either enabled (G = 1) or disabled (G = 0). The proposed architecture adds a second governance level A_AI(S) that constrains the AI's advisory scope independently of whether it participates. Under the CAUTION state — the novel intermediate mode that binary architectures cannot express — the AI remains active (G(S) = 1) but operates within a formally restricted recommendation space. Binary architectures have no mechanism to distinguish CAUTION from SAFE: their G(S) returns 1 for both states, leaving scope entirely unconstrained in marginal conditions. The governance pair makes a formally distinct third governance position possible.","Numeric extraction only; may be citation, date, identifier, illustration or result; semantic inventory incomplete."
publications/active/journal-1/submissions/v1-initial-submission/manuscript.md,5.1 Architecture Overview,117,not yet mapped: numeric token,0,PENDING — SC-3 stopped traceability review,ambiguous,AMBIGUOUS,"The architectural contribution resides in the governance pair (G(S), A_AI(S)). Prior governance architectures implement only a participation gate G(S): the AI is either enabled (G = 1) or disabled (G = 0). The proposed architecture adds a second governance level A_AI(S) that constrains the AI's advisory scope independently of whether it participates. Under the CAUTION state — the novel intermediate mode that binary architectures cannot express — the AI remains active (G(S) = 1) but operates within a formally restricted recommendation space. Binary architectures have no mechanism to distinguish CAUTION from SAFE: their G(S) returns 1 for both states, leaving scope entirely unconstrained in marginal conditions. The governance pair makes a formally distinct third governance position possible.","Numeric extraction only; may be citation, date, identifier, illustration or result; semantic inventory incomplete."
publications/active/journal-1/submissions/v1-initial-submission/manuscript.md,5.1 Architecture Overview,117,not yet mapped: numeric token,1,PENDING — SC-3 stopped traceability review,ambiguous,AMBIGUOUS,"The architectural contribution resides in the governance pair (G(S), A_AI(S)). Prior governance architectures implement only a participation gate G(S): the AI is either enabled (G = 1) or disabled (G = 0). The proposed architecture adds a second governance level A_AI(S) that constrains the AI's advisory scope independently of whether it participates. Under the CAUTION state — the novel intermediate mode that binary architectures cannot express — the AI remains active (G(S) = 1) but operates within a formally restricted recommendation space. Binary architectures have no mechanism to distinguish CAUTION from SAFE: their G(S) returns 1 for both states, leaving scope entirely unconstrained in marginal conditions. The governance pair makes a formally distinct third governance position possible.","Numeric extraction only; may be citation, date, identifier, illustration or result; semantic inventory incomplete."
publications/active/journal-1/submissions/v1-initial-submission/manuscript.md,5.1 Architecture Overview,117,not yet mapped: numeric token,1,PENDING — SC-3 stopped traceability review,ambiguous,AMBIGUOUS,"The architectural contribution resides in the governance pair (G(S), A_AI(S)). Prior governance architectures implement only a participation gate G(S): the AI is either enabled (G = 1) or disabled (G = 0). The proposed architecture adds a second governance level A_AI(S) that constrains the AI's advisory scope independently of whether it participates. Under the CAUTION state — the novel intermediate mode that binary architectures cannot express — the AI remains active (G(S) = 1) but operates within a formally restricted recommendation space. Binary architectures have no mechanism to distinguish CAUTION from SAFE: their G(S) returns 1 for both states, leaving scope entirely unconstrained in marginal conditions. The governance pair makes a formally distinct third governance position possible.","Numeric extraction only; may be citation, date, identifier, illustration or result; semantic inventory incomplete."
publications/active/journal-1/submissions/v1-initial-submission/manuscript.md,5.1 Architecture Overview,119,not yet mapped: numeric token,5.6,PENDING — SC-3 stopped traceability review,ambiguous,AMBIGUOUS,"The four-step pipeline is implemented across four computationally distinct layers, described in Section 5.6. Sections 5.2–5.5 define each component of the pipeline formally. Section 6 proves the formal properties the architecture satisfies.","Numeric extraction only; may be citation, date, identifier, illustration or result; semantic inventory incomplete."
publications/active/journal-1/submissions/v1-initial-submission/manuscript.md,5.1 Architecture Overview,119,not yet mapped: numeric token,5.2,PENDING — SC-3 stopped traceability review,ambiguous,AMBIGUOUS,"The four-step pipeline is implemented across four computationally distinct layers, described in Section 5.6. Sections 5.2–5.5 define each component of the pipeline formally. Section 6 proves the formal properties the architecture satisfies.","Numeric extraction only; may be citation, date, identifier, illustration or result; semantic inventory incomplete."
publications/active/journal-1/submissions/v1-initial-submission/manuscript.md,5.1 Architecture Overview,119,not yet mapped: numeric token,5.5,PENDING — SC-3 stopped traceability review,ambiguous,AMBIGUOUS,"The four-step pipeline is implemented across four computationally distinct layers, described in Section 5.6. Sections 5.2–5.5 define each component of the pipeline formally. Section 6 proves the formal properties the architecture satisfies.","Numeric extraction only; may be citation, date, identifier, illustration or result; semantic inventory incomplete."
publications/active/journal-1/submissions/v1-initial-submission/manuscript.md,5.1 Architecture Overview,119,not yet mapped: numeric token,6,PENDING — SC-3 stopped traceability review,ambiguous,AMBIGUOUS,"The four-step pipeline is implemented across four computationally distinct layers, described in Section 5.6. Sections 5.2–5.5 define each component of the pipeline formally. Section 6 proves the formal properties the architecture satisfies.","Numeric extraction only; may be citation, date, identifier, illustration or result; semantic inventory incomplete."
publications/active/journal-1/submissions/v1-initial-submission/manuscript.md,5.2 Environmental State Representation,123,not yet mapped: numeric token,5.2,PENDING — SC-3 stopped traceability review,ambiguous,AMBIGUOUS,### 5.2 Environmental State Representation,"Numeric extraction only; may be citation, date, identifier, illustration or result; semantic inventory incomplete."
publications/active/journal-1/submissions/v1-initial-submission/manuscript.md,5.2 Environmental State Representation,127,not yet mapped: numeric token,5.1,PENDING — SC-3 stopped traceability review,ambiguous,AMBIGUOUS,**Definition 5.1 (Environmental State Vector).** The environmental–operational state vector is:,"Numeric extraction only; may be citation, date, identifier, illustration or result; semantic inventory incomplete."
publications/active/journal-1/submissions/v1-initial-submission/manuscript.md,5.2 Environmental State Representation,135,not yet mapped: numeric token,0,PENDING — SC-3 stopped traceability review,ambiguous,AMBIGUOUS,"| w | ℝ≥0 | [0, ∞) | Wind speed (sustained, knots) |","Numeric extraction only; may be citation, date, identifier, illustration or result; semantic inventory incomplete."
publications/active/journal-1/submissions/v1-initial-submission/manuscript.md,5.2 Environmental State Representation,135,not yet mapped: numeric token,0,PENDING — SC-3 stopped traceability review,ambiguous,AMBIGUOUS,"| w | ℝ≥0 | [0, ∞) | Wind speed (sustained, knots) |","Numeric extraction only; may be citation, date, identifier, illustration or result; semantic inventory incomplete."
publications/active/journal-1/submissions/v1-initial-submission/manuscript.md,5.2 Environmental State Representation,138,not yet mapped: numeric token,0,PENDING — SC-3 stopped traceability review,ambiguous,AMBIGUOUS,"| o | ℝ≥0 | [0, ∞) | Significant wave height (metres) |","Numeric extraction only; may be citation, date, identifier, illustration or result; semantic inventory incomplete."
publications/active/journal-1/submissions/v1-initial-submission/manuscript.md,5.2 Environmental State Representation,138,not yet mapped: numeric token,0,PENDING — SC-3 stopped traceability review,ambiguous,AMBIGUOUS,"| o | ℝ≥0 | [0, ∞) | Significant wave height (metres) |","Numeric extraction only; may be citation, date, identifier, illustration or result; semantic inventory incomplete."
publications/active/journal-1/submissions/v1-initial-submission/manuscript.md,5.2 Environmental State Representation,140,not yet mapped: numeric token,0,PENDING — SC-3 stopped traceability review,ambiguous,AMBIGUOUS,"| t | ℝ | [0, 24) | Time of day (hour, 24-hour clock) |","Numeric extraction only; may be citation, date, identifier, illustration or result; semantic inventory incomplete."
publications/active/journal-1/submissions/v1-initial-submission/manuscript.md,5.2 Environmental State Representation,140,not yet mapped: numeric token,24,PENDING — SC-3 stopped traceability review,ambiguous,AMBIGUOUS,"| t | ℝ | [0, 24) | Time of day (hour, 24-hour clock) |","Numeric extraction only; may be citation, date, identifier, illustration or result; semantic inventory incomplete."
publications/active/journal-1/submissions/v1-initial-submission/manuscript.md,5.2 Environmental State Representation,140,not yet mapped: numeric token,24,PENDING — SC-3 stopped traceability review,ambiguous,AMBIGUOUS,"| t | ℝ | [0, 24) | Time of day (hour, 24-hour clock) |","Numeric extraction only; may be citation, date, identifier, illustration or result; semantic inventory incomplete."
publications/active/journal-1/submissions/v1-initial-submission/manuscript.md,5.2 Environmental State Representation,142,not yet mapped: numeric token,2007,PENDING — SC-3 stopped traceability review,ambiguous,AMBIGUOUS,"Vessel category is defined by gross registered tonnage following the Malaysian small boat classification of Yunus (2007), reproduced by Yaakob et al. (2015): small < 10 GRT, medium 10–25 GRT, big > 25 GRT. Tonnage rather than length overall is the discriminating variable because the length bands in that classification overlap — a 12 m vessel falls within both the medium and large length ranges — whereas the tonnage bands are disjoint and exhaustive.","Numeric extraction only; may be citation, date, identifier, illustration or result; semantic inventory incomplete."
publications/active/journal-1/submissions/v1-initial-submission/manuscript.md,5.2 Environmental State Representation,142,not yet mapped: numeric token,2015,PENDING — SC-3 stopped traceability review,ambiguous,AMBIGUOUS,"Vessel category is defined by gross registered tonnage following the Malaysian small boat classification of Yunus (2007), reproduced by Yaakob et al. (2015): small < 10 GRT, medium 10–25 GRT, big > 25 GRT. Tonnage rather than length overall is the discriminating variable because the length bands in that classification overlap — a 12 m vessel falls within both the medium and large length ranges — whereas the tonnage bands are disjoint and exhaustive.","Numeric extraction only; may be citation, date, identifier, illustration or result; semantic inventory incomplete."
publications/active/journal-1/submissions/v1-initial-submission/manuscript.md,5.2 Environmental State Representation,142,not yet mapped: numeric token,10,PENDING — SC-3 stopped traceability review,ambiguous,AMBIGUOUS,"Vessel category is defined by gross registered tonnage following the Malaysian small boat classification of Yunus (2007), reproduced by Yaakob et al. (2015): small < 10 GRT, medium 10–25 GRT, big > 25 GRT. Tonnage rather than length overall is the discriminating variable because the length bands in that classification overlap — a 12 m vessel falls within both the medium and large length ranges — whereas the tonnage bands are disjoint and exhaustive.","Numeric extraction only; may be citation, date, identifier, illustration or result; semantic inventory incomplete."
publications/active/journal-1/submissions/v1-initial-submission/manuscript.md,5.2 Environmental State Representation,142,not yet mapped: numeric token,10,PENDING — SC-3 stopped traceability review,ambiguous,AMBIGUOUS,"Vessel category is defined by gross registered tonnage following the Malaysian small boat classification of Yunus (2007), reproduced by Yaakob et al. (2015): small < 10 GRT, medium 10–25 GRT, big > 25 GRT. Tonnage rather than length overall is the discriminating variable because the length bands in that classification overlap — a 12 m vessel falls within both the medium and large length ranges — whereas the tonnage bands are disjoint and exhaustive.","Numeric extraction only; may be citation, date, identifier, illustration or result; semantic inventory incomplete."
publications/active/journal-1/submissions/v1-initial-submission/manuscript.md,5.2 Environmental State Representation,142,not yet mapped: numeric token,25,PENDING — SC-3 stopped traceability review,ambiguous,AMBIGUOUS,"Vessel category is defined by gross registered tonnage following the Malaysian small boat classification of Yunus (2007), reproduced by Yaakob et al. (2015): small < 10 GRT, medium 10–25 GRT, big > 25 GRT. Tonnage rather than length overall is the discriminating variable because the length bands in that classification overlap — a 12 m vessel falls within both the medium and large length ranges — whereas the tonnage bands are disjoint and exhaustive.","Numeric extraction only; may be citation, date, identifier, illustration or result; semantic inventory incomplete."
publications/active/journal-1/submissions/v1-initial-submission/manuscript.md,5.2 Environmental State Representation,142,not yet mapped: numeric token,25,PENDING — SC-3 stopped traceability review,ambiguous,AMBIGUOUS,"Vessel category is defined by gross registered tonnage following the Malaysian small boat classification of Yunus (2007), reproduced by Yaakob et al. (2015): small < 10 GRT, medium 10–25 GRT, big > 25 GRT. Tonnage rather than length overall is the discriminating variable because the length bands in that classification overlap — a 12 m vessel falls within both the medium and large length ranges — whereas the tonnage bands are disjoint and exhaustive.","Numeric extraction only; may be citation, date, identifier, illustration or result; semantic inventory incomplete."
publications/active/journal-1/submissions/v1-initial-submission/manuscript.md,5.2 Environmental State Representation,142,not yet mapped: numeric token,12,PENDING — SC-3 stopped traceability review,ambiguous,AMBIGUOUS,"Vessel category is defined by gross registered tonnage following the Malaysian small boat classification of Yunus (2007), reproduced by Yaakob et al. (2015): small < 10 GRT, medium 10–25 GRT, big > 25 GRT. Tonnage rather than length overall is the discriminating variable because the length bands in that classification overlap — a 12 m vessel falls within both the medium and large length ranges — whereas the tonnage bands are disjoint and exhaustive.","Numeric extraction only; may be citation, date, identifier, illustration or result; semantic inventory incomplete."
publications/active/journal-1/submissions/v1-initial-submission/manuscript.md,5.2 Environmental State Representation,144,not yet mapped: numeric token,9,PENDING — SC-3 stopped traceability review,ambiguous,AMBIGUOUS,"The first four parameters (w, r, m, o) are dynamic: they vary over time and are sourced from external meteorological and marine data feeds. The specific data products, update frequencies, and spatial resolutions for each variable are implementation-level concerns addressed in Section 9. The parameter t is derived from the system clock.","Numeric extraction only; may be citation, date, identifier, illustration or result; semantic inventory incomplete."
publications/active/journal-1/submissions/v1-initial-submission/manuscript.md,5.2 Environmental State Representation,146,not yet mapped: numeric token,5.3,PENDING — SC-3 stopped traceability review,ambiguous,AMBIGUOUS,"The parameter v differs in kind from the other five. It is not a time-varying condition but a fixed attribute of the operator, constant across every decision episode for a given vessel. This distinction is not merely descriptive: it determines how v enters the classification. Whereas each of the five condition parameters is classified independently and contributes a term to the worst-case aggregation, v is a **conditioning parameter** — it selects the threshold set applied to wave height, rather than producing a classification of its own. Section 5.3.2 gives the formal treatment and the reasoning behind it.","Numeric extraction only; may be citation, date, identifier, illustration or result; semantic inventory incomplete."
publications/active/journal-1/submissions/v1-initial-submission/manuscript.md,5.2 Environmental State Representation,146,not yet mapped: numeric token,2,PENDING — SC-3 stopped traceability review,ambiguous,AMBIGUOUS,"The parameter v differs in kind from the other five. It is not a time-varying condition but a fixed attribute of the operator, constant across every decision episode for a given vessel. This distinction is not merely descriptive: it determines how v enters the classification. Whereas each of the five condition parameters is classified independently and contributes a term to the worst-case aggregation, v is a **conditioning parameter** — it selects the threshold set applied to wave height, rather than producing a classification of its own. Section 5.3.2 gives the formal treatment and the reasoning behind it.","Numeric extraction only; may be citation, date, identifier, illustration or result; semantic inventory incomplete."
publications/active/journal-1/submissions/v1-initial-submission/manuscript.md,5.2 Environmental State Representation,148,not yet mapped: numeric token,5.2,PENDING — SC-3 stopped traceability review,ambiguous,AMBIGUOUS,"**Definition 5.2 (Governance Independence).** The computation of S = f(E) and the governance pair (G(S), A_AI(S)) at Layer 2 must not depend on any output or internal state of Layer 3. All six components of E must be observable independently of the AI advisory engine.","Numeric extraction only; may be citation, date, identifier, illustration or result; semantic inventory incomplete."
publications/active/journal-1/submissions/v1-initial-submission/manuscript.md,5.2 Environmental State Representation,148,not yet mapped: numeric token,2,PENDING — SC-3 stopped traceability review,ambiguous,AMBIGUOUS,"**Definition 5.2 (Governance Independence).** The computation of S = f(E) and the governance pair (G(S), A_AI(S)) at Layer 2 must not depend on any output or internal state of Layer 3. All six components of E must be observable independently of the AI advisory engine.","Numeric extraction only; may be citation, date, identifier, illustration or result; semantic inventory incomplete."
publications/active/journal-1/submissions/v1-initial-submission/manuscript.md,5.2 Environmental State Representation,148,not yet mapped: numeric token,3,PENDING — SC-3 stopped traceability review,ambiguous,AMBIGUOUS,"**Definition 5.2 (Governance Independence).** The computation of S = f(E) and the governance pair (G(S), A_AI(S)) at Layer 2 must not depend on any output or internal state of Layer 3. All six components of E must be observable independently of the AI advisory engine.","Numeric extraction only; may be citation, date, identifier, illustration or result; semantic inventory incomplete."
publications/active/journal-1/submissions/v1-initial-submission/manuscript.md,5.2 Environmental State Representation,150,not yet mapped: numeric token,3,PENDING — SC-3 stopped traceability review,ambiguous,AMBIGUOUS,"This is a stronger requirement than simply noting that the inputs are sensor-derived. It is a formal constraint on the causal structure of the architecture: Layer 3 must not influence its own governance configuration, directly or indirectly. A governance layer whose classification could be affected by Layer 3's predictions, outputs, or learned representations would not constitute a formal safety constraint — f(E) would then be defined partly in terms of the system it is intended to govern, creating a feedback path that could undermine the Safety Dominance Property (Property 5.3). In the current architecture, all six components of E are sourced from external meteorological feeds, vessel registry records, and the system clock — none require Layer 3 participation.","Numeric extraction only; may be citation, date, identifier, illustration or result; semantic inventory incomplete."
publications/active/journal-1/submissions/v1-initial-submission/manuscript.md,5.2 Environmental State Representation,150,not yet mapped: numeric token,3,PENDING — SC-3 stopped traceability review,ambiguous,AMBIGUOUS,"This is a stronger requirement than simply noting that the inputs are sensor-derived. It is a formal constraint on the causal structure of the architecture: Layer 3 must not influence its own governance configuration, directly or indirectly. A governance layer whose classification could be affected by Layer 3's predictions, outputs, or learned representations would not constitute a formal safety constraint — f(E) would then be defined partly in terms of the system it is intended to govern, creating a feedback path that could undermine the Safety Dominance Property (Property 5.3). In the current architecture, all six components of E are sourced from external meteorological feeds, vessel registry records, and the system clock — none require Layer 3 participation.","Numeric extraction only; may be citation, date, identifier, illustration or result; semantic inventory incomplete."
publications/active/journal-1/submissions/v1-initial-submission/manuscript.md,5.2 Environmental State Representation,150,not yet mapped: numeric token,5.3,PENDING — SC-3 stopped traceability review,ambiguous,AMBIGUOUS,"This is a stronger requirement than simply noting that the inputs are sensor-derived. It is a formal constraint on the causal structure of the architecture: Layer 3 must not influence its own governance configuration, directly or indirectly. A governance layer whose classification could be affected by Layer 3's predictions, outputs, or learned representations would not constitute a formal safety constraint — f(E) would then be defined partly in terms of the system it is intended to govern, creating a feedback path that could undermine the Safety Dominance Property (Property 5.3). In the current architecture, all six components of E are sourced from external meteorological feeds, vessel registry records, and the system clock — none require Layer 3 participation.","Numeric extraction only; may be citation, date, identifier, illustration or result; semantic inventory incomplete."
publications/active/journal-1/submissions/v1-initial-submission/manuscript.md,5.2 Environmental State Representation,150,not yet mapped: numeric token,3,PENDING — SC-3 stopped traceability review,ambiguous,AMBIGUOUS,"This is a stronger requirement than simply noting that the inputs are sensor-derived. It is a formal constraint on the causal structure of the architecture: Layer 3 must not influence its own governance configuration, directly or indirectly. A governance layer whose classification could be affected by Layer 3's predictions, outputs, or learned representations would not constitute a formal safety constraint — f(E) would then be defined partly in terms of the system it is intended to govern, creating a feedback path that could undermine the Safety Dominance Property (Property 5.3). In the current architecture, all six components of E are sourced from external meteorological feeds, vessel registry records, and the system clock — none require Layer 3 participation.","Numeric extraction only; may be citation, date, identifier, illustration or result; semantic inventory incomplete."
publications/active/journal-1/submissions/v1-initial-submission/manuscript.md,5.2 Environmental State Representation,152,not yet mapped: numeric token,0,PENDING — SC-3 stopped traceability review,ambiguous,AMBIGUOUS,"*Note on the representation of t.* Time of day is encoded as a real number in [0, 24), but clock time is cyclically structured: 23:59 and 00:01 are numerically far apart while operationally adjacent. In the current architecture, Layer 2 applies only explicit interval rules to t (e.g., t ≥ 19 ∨ t < 6 for the UNSAFE partition), so the numeric discontinuity at midnight does not affect classification correctness — the partition [6, 17), [17, 19), [19, 24) ∪ [0, 6) handles the wrap-around explicitly. However, if E is used downstream in any computation involving distances, scores, or similarity measures — for example, nearest-neighbour retrieval of historical decision scenarios — t must be re-encoded as a pair of cyclic coordinates: t_sin = sin(2πt/24), t_cos = cos(2πt/24). The linear representation in Definition 5.1 is appropriate for Layer 2's threshold-based classification and must not be carried forward to any distance-based computation without this transformation.","Numeric extraction only; may be citation, date, identifier, illustration or result; semantic inventory incomplete."
publications/active/journal-1/submissions/v1-initial-submission/manuscript.md,5.2 Environmental State Representation,152,not yet mapped: numeric token,24,PENDING — SC-3 stopped traceability review,ambiguous,AMBIGUOUS,"*Note on the representation of t.* Time of day is encoded as a real number in [0, 24), but clock time is cyclically structured: 23:59 and 00:01 are numerically far apart while operationally adjacent. In the current architecture, Layer 2 applies only explicit interval rules to t (e.g., t ≥ 19 ∨ t < 6 for the UNSAFE partition), so the numeric discontinuity at midnight does not affect classification correctness — the partition [6, 17), [17, 19), [19, 24) ∪ [0, 6) handles the wrap-around explicitly. However, if E is used downstream in any computation involving distances, scores, or similarity measures — for example, nearest-neighbour retrieval of historical decision scenarios — t must be re-encoded as a pair of cyclic coordinates: t_sin = sin(2πt/24), t_cos = cos(2πt/24). The linear representation in Definition 5.1 is appropriate for Layer 2's threshold-based classification and must not be carried forward to any distance-based computation without this transformation.","Numeric extraction only; may be citation, date, identifier, illustration or result; semantic inventory incomplete."
publications/active/journal-1/submissions/v1-initial-submission/manuscript.md,5.2 Environmental State Representation,152,not yet mapped: numeric token,23,PENDING — SC-3 stopped traceability review,ambiguous,AMBIGUOUS,"*Note on the representation of t.* Time of day is encoded as a real number in [0, 24), but clock time is cyclically structured: 23:59 and 00:01 are numerically far apart while operationally adjacent. In the current architecture, Layer 2 applies only explicit interval rules to t (e.g., t ≥ 19 ∨ t < 6 for the UNSAFE partition), so the numeric discontinuity at midnight does not affect classification correctness — the partition [6, 17), [17, 19), [19, 24) ∪ [0, 6) handles the wrap-around explicitly. However, if E is used downstream in any computation involving distances, scores, or similarity measures — for example, nearest-neighbour retrieval of historical decision scenarios — t must be re-encoded as a pair of cyclic coordinates: t_sin = sin(2πt/24), t_cos = cos(2πt/24). The linear representation in Definition 5.1 is appropriate for Layer 2's threshold-based classification and must not be carried forward to any distance-based computation without this transformation.","Numeric extraction only; may be citation, date, identifier, illustration or result; semantic inventory incomplete."
publications/active/journal-1/submissions/v1-initial-submission/manuscript.md,5.2 Environmental State Representation,152,not yet mapped: numeric token,59,PENDING — SC-3 stopped traceability review,ambiguous,AMBIGUOUS,"*Note on the representation of t.* Time of day is encoded as a real number in [0, 24), but clock time is cyclically structured: 23:59 and 00:01 are numerically far apart while operationally adjacent. In the current architecture, Layer 2 applies only explicit interval rules to t (e.g., t ≥ 19 ∨ t < 6 for the UNSAFE partition), so the numeric discontinuity at midnight does not affect classification correctness — the partition [6, 17), [17, 19), [19, 24) ∪ [0, 6) handles the wrap-around explicitly. However, if E is used downstream in any computation involving distances, scores, or similarity measures — for example, nearest-neighbour retrieval of historical decision scenarios — t must be re-encoded as a pair of cyclic coordinates: t_sin = sin(2πt/24), t_cos = cos(2πt/24). The linear representation in Definition 5.1 is appropriate for Layer 2's threshold-based classification and must not be carried forward to any distance-based computation without this transformation.","Numeric extraction only; may be citation, date, identifier, illustration or result; semantic inventory incomplete."
publications/active/journal-1/submissions/v1-initial-submission/manuscript.md,5.2 Environmental State Representation,152,not yet mapped: numeric token,00,PENDING — SC-3 stopped traceability review,ambiguous,AMBIGUOUS,"*Note on the representation of t.* Time of day is encoded as a real number in [0, 24), but clock time is cyclically structured: 23:59 and 00:01 are numerically far apart while operationally adjacent. In the current architecture, Layer 2 applies only explicit interval rules to t (e.g., t ≥ 19 ∨ t < 6 for the UNSAFE partition), so the numeric discontinuity at midnight does not affect classification correctness — the partition [6, 17), [17, 19), [19, 24) ∪ [0, 6) handles the wrap-around explicitly. However, if E is used downstream in any computation involving distances, scores, or similarity measures — for example, nearest-neighbour retrieval of historical decision scenarios — t must be re-encoded as a pair of cyclic coordinates: t_sin = sin(2πt/24), t_cos = cos(2πt/24). The linear representation in Definition 5.1 is appropriate for Layer 2's threshold-based classification and must not be carried forward to any distance-based computation without this transformation.","Numeric extraction only; may be citation, date, identifier, illustration or result; semantic inventory incomplete."
publications/active/journal-1/submissions/v1-initial-submission/manuscript.md,5.2 Environmental State Representation,152,not yet mapped: numeric token,01,PENDING — SC-3 stopped traceability review,ambiguous,AMBIGUOUS,"*Note on the representation of t.* Time of day is encoded as a real number in [0, 24), but clock time is cyclically structured: 23:59 and 00:01 are numerically far apart while operationally adjacent. In the current architecture, Layer 2 applies only explicit interval rules to t (e.g., t ≥ 19 ∨ t < 6 for the UNSAFE partition), so the numeric discontinuity at midnight does not affect classification correctness — the partition [6, 17), [17, 19), [19, 24) ∪ [0, 6) handles the wrap-around explicitly. However, if E is used downstream in any computation involving distances, scores, or similarity measures — for example, nearest-neighbour retrieval of historical decision scenarios — t must be re-encoded as a pair of cyclic coordinates: t_sin = sin(2πt/24), t_cos = cos(2πt/24). The linear representation in Definition 5.1 is appropriate for Layer 2's threshold-based classification and must not be carried forward to any distance-based computation without this transformation.","Numeric extraction only; may be citation, date, identifier, illustration or result; semantic inventory incomplete."
publications/active/journal-1/submissions/v1-initial-submission/manuscript.md,5.2 Environmental State Representation,152,not yet mapped: numeric token,2,PENDING — SC-3 stopped traceability review,ambiguous,AMBIGUOUS,"*Note on the representation of t.* Time of day is encoded as a real number in [0, 24), but clock time is cyclically structured: 23:59 and 00:01 are numerically far apart while operationally adjacent. In the current architecture, Layer 2 applies only explicit interval rules to t (e.g., t ≥ 19 ∨ t < 6 for the UNSAFE partition), so the numeric discontinuity at midnight does not affect classification correctness — the partition [6, 17), [17, 19), [19, 24) ∪ [0, 6) handles the wrap-around explicitly. However, if E is used downstream in any computation involving distances, scores, or similarity measures — for example, nearest-neighbour retrieval of historical decision scenarios — t must be re-encoded as a pair of cyclic coordinates: t_sin = sin(2πt/24), t_cos = cos(2πt/24). The linear representation in Definition 5.1 is appropriate for Layer 2's threshold-based classification and must not be carried forward to any distance-based computation without this transformation.","Numeric extraction only; may be citation, date, identifier, illustration or result; semantic inventory incomplete."
publications/active/journal-1/submissions/v1-initial-submission/manuscript.md,5.2 Environmental State Representation,152,not yet mapped: numeric token,19,PENDING — SC-3 stopped traceability review,ambiguous,AMBIGUOUS,"*Note on the representation of t.* Time of day is encoded as a real number in [0, 24), but clock time is cyclically structured: 23:59 and 00:01 are numerically far apart while operationally adjacent. In the current architecture, Layer 2 applies only explicit interval rules to t (e.g., t ≥ 19 ∨ t < 6 for the UNSAFE partition), so the numeric discontinuity at midnight does not affect classification correctness — the partition [6, 17), [17, 19), [19, 24) ∪ [0, 6) handles the wrap-around explicitly. However, if E is used downstream in any computation involving distances, scores, or similarity measures — for example, nearest-neighbour retrieval of historical decision scenarios — t must be re-encoded as a pair of cyclic coordinates: t_sin = sin(2πt/24), t_cos = cos(2πt/24). The linear representation in Definition 5.1 is appropriate for Layer 2's threshold-based classification and must not be carried forward to any distance-based computation without this transformation.","Numeric extraction only; may be citation, date, identifier, illustration or result; semantic inventory incomplete."
publications/active/journal-1/submissions/v1-initial-submission/manuscript.md,5.2 Environmental State Representation,152,not yet mapped: numeric token,6,PENDING — SC-3 stopped traceability review,ambiguous,AMBIGUOUS,"*Note on the representation of t.* Time of day is encoded as a real number in [0, 24), but clock time is cyclically structured: 23:59 and 00:01 are numerically far apart while operationally adjacent. In the current architecture, Layer 2 applies only explicit interval rules to t (e.g., t ≥ 19 ∨ t < 6 for the UNSAFE partition), so the numeric discontinuity at midnight does not affect classification correctness — the partition [6, 17), [17, 19), [19, 24) ∪ [0, 6) handles the wrap-around explicitly. However, if E is used downstream in any computation involving distances, scores, or similarity measures — for example, nearest-neighbour retrieval of historical decision scenarios — t must be re-encoded as a pair of cyclic coordinates: t_sin = sin(2πt/24), t_cos = cos(2πt/24). The linear representation in Definition 5.1 is appropriate for Layer 2's threshold-based classification and must not be carried forward to any distance-based computation without this transformation.","Numeric extraction only; may be citation, date, identifier, illustration or result; semantic inventory incomplete."
publications/active/journal-1/submissions/v1-initial-submission/manuscript.md,5.2 Environmental State Representation,152,not yet mapped: numeric token,6,PENDING — SC-3 stopped traceability review,ambiguous,AMBIGUOUS,"*Note on the representation of t.* Time of day is encoded as a real number in [0, 24), but clock time is cyclically structured: 23:59 and 00:01 are numerically far apart while operationally adjacent. In the current architecture, Layer 2 applies only explicit interval rules to t (e.g., t ≥ 19 ∨ t < 6 for the UNSAFE partition), so the numeric discontinuity at midnight does not affect classification correctness — the partition [6, 17), [17, 19), [19, 24) ∪ [0, 6) handles the wrap-around explicitly. However, if E is used downstream in any computation involving distances, scores, or similarity measures — for example, nearest-neighbour retrieval of historical decision scenarios — t must be re-encoded as a pair of cyclic coordinates: t_sin = sin(2πt/24), t_cos = cos(2πt/24). The linear representation in Definition 5.1 is appropriate for Layer 2's threshold-based classification and must not be carried forward to any distance-based computation without this transformation.","Numeric extraction only; may be citation, date, identifier, illustration or result; semantic inventory incomplete."
publications/active/journal-1/submissions/v1-initial-submission/manuscript.md,5.2 Environmental State Representation,152,not yet mapped: numeric token,17,PENDING — SC-3 stopped traceability review,ambiguous,AMBIGUOUS,"*Note on the representation of t.* Time of day is encoded as a real number in [0, 24), but clock time is cyclically structured: 23:59 and 00:01 are numerically far apart while operationally adjacent. In the current architecture, Layer 2 applies only explicit interval rules to t (e.g., t ≥ 19 ∨ t < 6 for the UNSAFE partition), so the numeric discontinuity at midnight does not affect classification correctness — the partition [6, 17), [17, 19), [19, 24) ∪ [0, 6) handles the wrap-around explicitly. However, if E is used downstream in any computation involving distances, scores, or similarity measures — for example, nearest-neighbour retrieval of historical decision scenarios — t must be re-encoded as a pair of cyclic coordinates: t_sin = sin(2πt/24), t_cos = cos(2πt/24). The linear representation in Definition 5.1 is appropriate for Layer 2's threshold-based classification and must not be carried forward to any distance-based computation without this transformation.","Numeric extraction only; may be citation, date, identifier, illustration or result; semantic inventory incomplete."
publications/active/journal-1/submissions/v1-initial-submission/manuscript.md,5.2 Environmental State Representation,152,not yet mapped: numeric token,17,PENDING — SC-3 stopped traceability review,ambiguous,AMBIGUOUS,"*Note on the representation of t.* Time of day is encoded as a real number in [0, 24), but clock time is cyclically structured: 23:59 and 00:01 are numerically far apart while operationally adjacent. In the current architecture, Layer 2 applies only explicit interval rules to t (e.g., t ≥ 19 ∨ t < 6 for the UNSAFE partition), so the numeric discontinuity at midnight does not affect classification correctness — the partition [6, 17), [17, 19), [19, 24) ∪ [0, 6) handles the wrap-around explicitly. However, if E is used downstream in any computation involving distances, scores, or similarity measures — for example, nearest-neighbour retrieval of historical decision scenarios — t must be re-encoded as a pair of cyclic coordinates: t_sin = sin(2πt/24), t_cos = cos(2πt/24). The linear representation in Definition 5.1 is appropriate for Layer 2's threshold-based classification and must not be carried forward to any distance-based computation without this transformation.","Numeric extraction only; may be citation, date, identifier, illustration or result; semantic inventory incomplete."
publications/active/journal-1/submissions/v1-initial-submission/manuscript.md,5.2 Environmental State Representation,152,not yet mapped: numeric token,19,PENDING — SC-3 stopped traceability review,ambiguous,AMBIGUOUS,"*Note on the representation of t.* Time of day is encoded as a real number in [0, 24), but clock time is cyclically structured: 23:59 and 00:01 are numerically far apart while operationally adjacent. In the current architecture, Layer 2 applies only explicit interval rules to t (e.g., t ≥ 19 ∨ t < 6 for the UNSAFE partition), so the numeric discontinuity at midnight does not affect classification correctness — the partition [6, 17), [17, 19), [19, 24) ∪ [0, 6) handles the wrap-around explicitly. However, if E is used downstream in any computation involving distances, scores, or similarity measures — for example, nearest-neighbour retrieval of historical decision scenarios — t must be re-encoded as a pair of cyclic coordinates: t_sin = sin(2πt/24), t_cos = cos(2πt/24). The linear representation in Definition 5.1 is appropriate for Layer 2's threshold-based classification and must not be carried forward to any distance-based computation without this transformation.","Numeric extraction only; may be citation, date, identifier, illustration or result; semantic inventory incomplete."
publications/active/journal-1/submissions/v1-initial-submission/manuscript.md,5.2 Environmental State Representation,152,not yet mapped: numeric token,19,PENDING — SC-3 stopped traceability review,ambiguous,AMBIGUOUS,"*Note on the representation of t.* Time of day is encoded as a real number in [0, 24), but clock time is cyclically structured: 23:59 and 00:01 are numerically far apart while operationally adjacent. In the current architecture, Layer 2 applies only explicit interval rules to t (e.g., t ≥ 19 ∨ t < 6 for the UNSAFE partition), so the numeric discontinuity at midnight does not affect classification correctness — the partition [6, 17), [17, 19), [19, 24) ∪ [0, 6) handles the wrap-around explicitly. However, if E is used downstream in any computation involving distances, scores, or similarity measures — for example, nearest-neighbour retrieval of historical decision scenarios — t must be re-encoded as a pair of cyclic coordinates: t_sin = sin(2πt/24), t_cos = cos(2πt/24). The linear representation in Definition 5.1 is appropriate for Layer 2's threshold-based classification and must not be carried forward to any distance-based computation without this transformation.","Numeric extraction only; may be citation, date, identifier, illustration or result; semantic inventory incomplete."
publications/active/journal-1/submissions/v1-initial-submission/manuscript.md,5.2 Environmental State Representation,152,not yet mapped: numeric token,24,PENDING — SC-3 stopped traceability review,ambiguous,AMBIGUOUS,"*Note on the representation of t.* Time of day is encoded as a real number in [0, 24), but clock time is cyclically structured: 23:59 and 00:01 are numerically far apart while operationally adjacent. In the current architecture, Layer 2 applies only explicit interval rules to t (e.g., t ≥ 19 ∨ t < 6 for the UNSAFE partition), so the numeric discontinuity at midnight does not affect classification correctness — the partition [6, 17), [17, 19), [19, 24) ∪ [0, 6) handles the wrap-around explicitly. However, if E is used downstream in any computation involving distances, scores, or similarity measures — for example, nearest-neighbour retrieval of historical decision scenarios — t must be re-encoded as a pair of cyclic coordinates: t_sin = sin(2πt/24), t_cos = cos(2πt/24). The linear representation in Definition 5.1 is appropriate for Layer 2's threshold-based classification and must not be carried forward to any distance-based computation without this transformation.","Numeric extraction only; may be citation, date, identifier, illustration or result; semantic inventory incomplete."
publications/active/journal-1/submissions/v1-initial-submission/manuscript.md,5.2 Environmental State Representation,152,not yet mapped: numeric token,0,PENDING — SC-3 stopped traceability review,ambiguous,AMBIGUOUS,"*Note on the representation of t.* Time of day is encoded as a real number in [0, 24), but clock time is cyclically structured: 23:59 and 00:01 are numerically far apart while operationally adjacent. In the current architecture, Layer 2 applies only explicit interval rules to t (e.g., t ≥ 19 ∨ t < 6 for the UNSAFE partition), so the numeric discontinuity at midnight does not affect classification correctness — the partition [6, 17), [17, 19), [19, 24) ∪ [0, 6) handles the wrap-around explicitly. However, if E is used downstream in any computation involving distances, scores, or similarity measures — for example, nearest-neighbour retrieval of historical decision scenarios — t must be re-encoded as a pair of cyclic coordinates: t_sin = sin(2πt/24), t_cos = cos(2πt/24). The linear representation in Definition 5.1 is appropriate for Layer 2's threshold-based classification and must not be carried forward to any distance-based computation without this transformation.","Numeric extraction only; may be citation, date, identifier, illustration or result; semantic inventory incomplete."
publications/active/journal-1/submissions/v1-initial-submission/manuscript.md,5.2 Environmental State Representation,152,not yet mapped: numeric token,6,PENDING — SC-3 stopped traceability review,ambiguous,AMBIGUOUS,"*Note on the representation of t.* Time of day is encoded as a real number in [0, 24), but clock time is cyclically structured: 23:59 and 00:01 are numerically far apart while operationally adjacent. In the current architecture, Layer 2 applies only explicit interval rules to t (e.g., t ≥ 19 ∨ t < 6 for the UNSAFE partition), so the numeric discontinuity at midnight does not affect classification correctness — the partition [6, 17), [17, 19), [19, 24) ∪ [0, 6) handles the wrap-around explicitly. However, if E is used downstream in any computation involving distances, scores, or similarity measures — for example, nearest-neighbour retrieval of historical decision scenarios — t must be re-encoded as a pair of cyclic coordinates: t_sin = sin(2πt/24), t_cos = cos(2πt/24). The linear representation in Definition 5.1 is appropriate for Layer 2's threshold-based classification and must not be carried forward to any distance-based computation without this transformation.","Numeric extraction only; may be citation, date, identifier, illustration or result; semantic inventory incomplete."
publications/active/journal-1/submissions/v1-initial-submission/manuscript.md,5.2 Environmental State Representation,152,not yet mapped: numeric token,2,PENDING — SC-3 stopped traceability review,ambiguous,AMBIGUOUS,"*Note on the representation of t.* Time of day is encoded as a real number in [0, 24), but clock time is cyclically structured: 23:59 and 00:01 are numerically far apart while operationally adjacent. In the current architecture, Layer 2 applies only explicit interval rules to t (e.g., t ≥ 19 ∨ t < 6 for the UNSAFE partition), so the numeric discontinuity at midnight does not affect classification correctness — the partition [6, 17), [17, 19), [19, 24) ∪ [0, 6) handles the wrap-around explicitly. However, if E is used downstream in any computation involving distances, scores, or similarity measures — for example, nearest-neighbour retrieval of historical decision scenarios — t must be re-encoded as a pair of cyclic coordinates: t_sin = sin(2πt/24), t_cos = cos(2πt/24). The linear representation in Definition 5.1 is appropriate for Layer 2's threshold-based classification and must not be carried forward to any distance-based computation without this transformation.","Numeric extraction only; may be citation, date, identifier, illustration or result; semantic inventory incomplete."
publications/active/journal-1/submissions/v1-initial-submission/manuscript.md,5.2 Environmental State Representation,152,not yet mapped: numeric token,24,PENDING — SC-3 stopped traceability review,ambiguous,AMBIGUOUS,"*Note on the representation of t.* Time of day is encoded as a real number in [0, 24), but clock time is cyclically structured: 23:59 and 00:01 are numerically far apart while operationally adjacent. In the current architecture, Layer 2 applies only explicit interval rules to t (e.g., t ≥ 19 ∨ t < 6 for the UNSAFE partition), so the numeric discontinuity at midnight does not affect classification correctness — the partition [6, 17), [17, 19), [19, 24) ∪ [0, 6) handles the wrap-around explicitly. However, if E is used downstream in any computation involving distances, scores, or similarity measures — for example, nearest-neighbour retrieval of historical decision scenarios — t must be re-encoded as a pair of cyclic coordinates: t_sin = sin(2πt/24), t_cos = cos(2πt/24). The linear representation in Definition 5.1 is appropriate for Layer 2's threshold-based classification and must not be carried forward to any distance-based computation without this transformation.","Numeric extraction only; may be citation, date, identifier, illustration or result; semantic inventory incomplete."
publications/active/journal-1/submissions/v1-initial-submission/manuscript.md,5.2 Environmental State Representation,152,not yet mapped: numeric token,2,PENDING — SC-3 stopped traceability review,ambiguous,AMBIGUOUS,"*Note on the representation of t.* Time of day is encoded as a real number in [0, 24), but clock time is cyclically structured: 23:59 and 00:01 are numerically far apart while operationally adjacent. In the current architecture, Layer 2 applies only explicit interval rules to t (e.g., t ≥ 19 ∨ t < 6 for the UNSAFE partition), so the numeric discontinuity at midnight does not affect classification correctness — the partition [6, 17), [17, 19), [19, 24) ∪ [0, 6) handles the wrap-around explicitly. However, if E is used downstream in any computation involving distances, scores, or similarity measures — for example, nearest-neighbour retrieval of historical decision scenarios — t must be re-encoded as a pair of cyclic coordinates: t_sin = sin(2πt/24), t_cos = cos(2πt/24). The linear representation in Definition 5.1 is appropriate for Layer 2's threshold-based classification and must not be carried forward to any distance-based computation without this transformation.","Numeric extraction only; may be citation, date, identifier, illustration or result; semantic inventory incomplete."
publications/active/journal-1/submissions/v1-initial-submission/manuscript.md,5.2 Environmental State Representation,152,not yet mapped: numeric token,24,PENDING — SC-3 stopped traceability review,ambiguous,AMBIGUOUS,"*Note on the representation of t.* Time of day is encoded as a real number in [0, 24), but clock time is cyclically structured: 23:59 and 00:01 are numerically far apart while operationally adjacent. In the current architecture, Layer 2 applies only explicit interval rules to t (e.g., t ≥ 19 ∨ t < 6 for the UNSAFE partition), so the numeric discontinuity at midnight does not affect classification correctness — the partition [6, 17), [17, 19), [19, 24) ∪ [0, 6) handles the wrap-around explicitly. However, if E is used downstream in any computation involving distances, scores, or similarity measures — for example, nearest-neighbour retrieval of historical decision scenarios — t must be re-encoded as a pair of cyclic coordinates: t_sin = sin(2πt/24), t_cos = cos(2πt/24). The linear representation in Definition 5.1 is appropriate for Layer 2's threshold-based classification and must not be carried forward to any distance-based computation without this transformation.","Numeric extraction only; may be citation, date, identifier, illustration or result; semantic inventory incomplete."
publications/active/journal-1/submissions/v1-initial-submission/manuscript.md,5.2 Environmental State Representation,152,not yet mapped: numeric token,5.1,PENDING — SC-3 stopped traceability review,ambiguous,AMBIGUOUS,"*Note on the representation of t.* Time of day is encoded as a real number in [0, 24), but clock time is cyclically structured: 23:59 and 00:01 are numerically far apart while operationally adjacent. In the current architecture, Layer 2 applies only explicit interval rules to t (e.g., t ≥ 19 ∨ t < 6 for the UNSAFE partition), so the numeric discontinuity at midnight does not affect classification correctness — the partition [6, 17), [17, 19), [19, 24) ∪ [0, 6) handles the wrap-around explicitly. However, if E is used downstream in any computation involving distances, scores, or similarity measures — for example, nearest-neighbour retrieval of historical decision scenarios — t must be re-encoded as a pair of cyclic coordinates: t_sin = sin(2πt/24), t_cos = cos(2πt/24). The linear representation in Definition 5.1 is appropriate for Layer 2's threshold-based classification and must not be carried forward to any distance-based computation without this transformation.","Numeric extraction only; may be citation, date, identifier, illustration or result; semantic inventory incomplete."
publications/active/journal-1/submissions/v1-initial-submission/manuscript.md,5.2 Environmental State Representation,152,not yet mapped: numeric token,2,PENDING — SC-3 stopped traceability review,ambiguous,AMBIGUOUS,"*Note on the representation of t.* Time of day is encoded as a real number in [0, 24), but clock time is cyclically structured: 23:59 and 00:01 are numerically far apart while operationally adjacent. In the current architecture, Layer 2 applies only explicit interval rules to t (e.g., t ≥ 19 ∨ t < 6 for the UNSAFE partition), so the numeric discontinuity at midnight does not affect classification correctness — the partition [6, 17), [17, 19), [19, 24) ∪ [0, 6) handles the wrap-around explicitly. However, if E is used downstream in any computation involving distances, scores, or similarity measures — for example, nearest-neighbour retrieval of historical decision scenarios — t must be re-encoded as a pair of cyclic coordinates: t_sin = sin(2πt/24), t_cos = cos(2πt/24). The linear representation in Definition 5.1 is appropriate for Layer 2's threshold-based classification and must not be carried forward to any distance-based computation without this transformation.","Numeric extraction only; may be citation, date, identifier, illustration or result; semantic inventory incomplete."
publications/active/journal-1/submissions/v1-initial-submission/manuscript.md,5.2 Environmental State Representation,154,not yet mapped: numeric token,5.1,PENDING — SC-3 stopped traceability review,ambiguous,AMBIGUOUS,"*Fail-safe rule for missing or corrupted inputs.* Definition 5.1 assumes all six components of E are available. In low-resource coastal deployments, API calls may time out or sensor feeds may drop. To satisfy the conservative bias required of safety-critical governance, the following rule applies: if any component xᵢ ∈ E is undefined or corrupted (denoted xᵢ = ⊥), then f(E) = UNSAFE. This ensures the architecture fails toward maximum restriction rather than toward permissiveness when the information basis for classification is incomplete. The fail-safe rule is a precondition check applied before any gᵢ evaluation; it takes priority over all threshold comparisons.","Numeric extraction only; may be citation, date, identifier, illustration or result; semantic inventory incomplete."
publications/active/journal-1/submissions/v1-initial-submission/manuscript.md,5.2 Environmental State Representation,156,not yet mapped: numeric token,2024,PENDING — SC-3 stopped traceability review,ambiguous,AMBIGUOUS,"The inclusion of each parameter in E is empirically grounded: w and o are the primary meteorological departure risk factors identified across three independent fisher studies in the Malaysian coastal context (Rahim et al., 2024; Gao, 2024; Yamin et al., 2025); r and m encode MET Malaysia's structured warning system; v captures the well-documented vessel-size fatality gradient across 504 IMO maritime accident reports (Dominguez-Péry et al., 2023); and t reflects empirical findings that night navigation significantly elevates both accident probability and consequence severity for small-vessel operations (Atacan & Düzbastılar, 2023).","Numeric extraction only; may be citation, date, identifier, illustration or result; semantic inventory incomplete."
publications/active/journal-1/submissions/v1-initial-submission/manuscript.md,5.2 Environmental State Representation,156,not yet mapped: numeric token,2024,PENDING — SC-3 stopped traceability review,ambiguous,AMBIGUOUS,"The inclusion of each parameter in E is empirically grounded: w and o are the primary meteorological departure risk factors identified across three independent fisher studies in the Malaysian coastal context (Rahim et al., 2024; Gao, 2024; Yamin et al., 2025); r and m encode MET Malaysia's structured warning system; v captures the well-documented vessel-size fatality gradient across 504 IMO maritime accident reports (Dominguez-Péry et al., 2023); and t reflects empirical findings that night navigation significantly elevates both accident probability and consequence severity for small-vessel operations (Atacan & Düzbastılar, 2023).","Numeric extraction only; may be citation, date, identifier, illustration or result; semantic inventory incomplete."
publications/active/journal-1/submissions/v1-initial-submission/manuscript.md,5.2 Environmental State Representation,156,not yet mapped: numeric token,2025,PENDING — SC-3 stopped traceability review,ambiguous,AMBIGUOUS,"The inclusion of each parameter in E is empirically grounded: w and o are the primary meteorological departure risk factors identified across three independent fisher studies in the Malaysian coastal context (Rahim et al., 2024; Gao, 2024; Yamin et al., 2025); r and m encode MET Malaysia's structured warning system; v captures the well-documented vessel-size fatality gradient across 504 IMO maritime accident reports (Dominguez-Péry et al., 2023); and t reflects empirical findings that night navigation significantly elevates both accident probability and consequence severity for small-vessel operations (Atacan & Düzbastılar, 2023).","Numeric extraction only; may be citation, date, identifier, illustration or result; semantic inventory incomplete."
publications/active/journal-1/submissions/v1-initial-submission/manuscript.md,5.2 Environmental State Representation,156,not yet mapped: numeric token,504,PENDING — SC-3 stopped traceability review,ambiguous,AMBIGUOUS,"The inclusion of each parameter in E is empirically grounded: w and o are the primary meteorological departure risk factors identified across three independent fisher studies in the Malaysian coastal context (Rahim et al., 2024; Gao, 2024; Yamin et al., 2025); r and m encode MET Malaysia's structured warning system; v captures the well-documented vessel-size fatality gradient across 504 IMO maritime accident reports (Dominguez-Péry et al., 2023); and t reflects empirical findings that night navigation significantly elevates both accident probability and consequence severity for small-vessel operations (Atacan & Düzbastılar, 2023).","Numeric extraction only; may be citation, date, identifier, illustration or result; semantic inventory incomplete."
publications/active/journal-1/submissions/v1-initial-submission/manuscript.md,5.2 Environmental State Representation,156,not yet mapped: numeric token,2023,PENDING — SC-3 stopped traceability review,ambiguous,AMBIGUOUS,"The inclusion of each parameter in E is empirically grounded: w and o are the primary meteorological departure risk factors identified across three independent fisher studies in the Malaysian coastal context (Rahim et al., 2024; Gao, 2024; Yamin et al., 2025); r and m encode MET Malaysia's structured warning system; v captures the well-documented vessel-size fatality gradient across 504 IMO maritime accident reports (Dominguez-Péry et al., 2023); and t reflects empirical findings that night navigation significantly elevates both accident probability and consequence severity for small-vessel operations (Atacan & Düzbastılar, 2023).","Numeric extraction only; may be citation, date, identifier, illustration or result; semantic inventory incomplete."
publications/active/journal-1/submissions/v1-initial-submission/manuscript.md,5.2 Environmental State Representation,156,not yet mapped: numeric token,2023,PENDING — SC-3 stopped traceability review,ambiguous,AMBIGUOUS,"The inclusion of each parameter in E is empirically grounded: w and o are the primary meteorological departure risk factors identified across three independent fisher studies in the Malaysian coastal context (Rahim et al., 2024; Gao, 2024; Yamin et al., 2025); r and m encode MET Malaysia's structured warning system; v captures the well-documented vessel-size fatality gradient across 504 IMO maritime accident reports (Dominguez-Péry et al., 2023); and t reflects empirical findings that night navigation significantly elevates both accident probability and consequence severity for small-vessel operations (Atacan & Düzbastılar, 2023).","Numeric extraction only; may be citation, date, identifier, illustration or result; semantic inventory incomplete."
publications/active/journal-1/submissions/v1-initial-submission/manuscript.md,5.3 Safety State Classification Function,160,not yet mapped: numeric token,5.3,PENDING — SC-3 stopped traceability review,ambiguous,AMBIGUOUS,### 5.3 Safety State Classification Function,"Numeric extraction only; may be citation, date, identifier, illustration or result; semantic inventory incomplete."
publications/active/journal-1/submissions/v1-initial-submission/manuscript.md,5.3.1 Severity Order,162,not yet mapped: numeric token,5.3,PENDING — SC-3 stopped traceability review,ambiguous,AMBIGUOUS,#### 5.3.1 Severity Order,"Numeric extraction only; may be citation, date, identifier, illustration or result; semantic inventory incomplete."
publications/active/journal-1/submissions/v1-initial-submission/manuscript.md,5.3.1 Severity Order,162,not yet mapped: numeric token,1,PENDING — SC-3 stopped traceability review,ambiguous,AMBIGUOUS,#### 5.3.1 Severity Order,"Numeric extraction only; may be citation, date, identifier, illustration or result; semantic inventory incomplete."
publications/active/journal-1/submissions/v1-initial-submission/manuscript.md,5.3.1 Severity Order,164,not yet mapped: numeric token,5.3,PENDING — SC-3 stopped traceability review,ambiguous,AMBIGUOUS,"**Definition 5.3 (Severity Order).** Define a total strict order ≻ on the safety state set {SAFE, CAUTION, UNSAFE} as:","Numeric extraction only; may be citation, date, identifier, illustration or result; semantic inventory incomplete."
publications/active/journal-1/submissions/v1-initial-submission/manuscript.md,5.3.1 Severity Order,170,not yet mapped: numeric token,5.3,PENDING — SC-3 stopped traceability review,ambiguous,AMBIGUOUS,This ordering is the formal basis for the worst-case aggregation rule applied across the five condition classification functions (Section 5.3.3) and for the Monotonicity Theorem proved in Section 6.,"Numeric extraction only; may be citation, date, identifier, illustration or result; semantic inventory incomplete."
publications/active/journal-1/submissions/v1-initial-submission/manuscript.md,5.3.1 Severity Order,170,not yet mapped: numeric token,3,PENDING — SC-3 stopped traceability review,ambiguous,AMBIGUOUS,This ordering is the formal basis for the worst-case aggregation rule applied across the five condition classification functions (Section 5.3.3) and for the Monotonicity Theorem proved in Section 6.,"Numeric extraction only; may be citation, date, identifier, illustration or result; semantic inventory incomplete."
publications/active/journal-1/submissions/v1-initial-submission/manuscript.md,5.3.1 Severity Order,170,not yet mapped: numeric token,6,PENDING — SC-3 stopped traceability review,ambiguous,AMBIGUOUS,This ordering is the formal basis for the worst-case aggregation rule applied across the five condition classification functions (Section 5.3.3) and for the Monotonicity Theorem proved in Section 6.,"Numeric extraction only; may be citation, date, identifier, illustration or result; semantic inventory incomplete."
publications/active/journal-1/submissions/v1-initial-submission/manuscript.md,5.3.2 Per-Component Classification Functions,172,not yet mapped: numeric token,5.3,PENDING — SC-3 stopped traceability review,ambiguous,AMBIGUOUS,#### 5.3.2 Per-Component Classification Functions,"Numeric extraction only; may be citation, date, identifier, illustration or result; semantic inventory incomplete."
publications/active/journal-1/submissions/v1-initial-submission/manuscript.md,5.3.2 Per-Component Classification Functions,172,not yet mapped: numeric token,2,PENDING — SC-3 stopped traceability review,ambiguous,AMBIGUOUS,#### 5.3.2 Per-Component Classification Functions,"Numeric extraction only; may be citation, date, identifier, illustration or result; semantic inventory incomplete."
publications/active/journal-1/submissions/v1-initial-submission/manuscript.md,5.3.2 Per-Component Classification Functions,176,not yet mapped: numeric token,5.4,PENDING — SC-3 stopped traceability review,ambiguous,AMBIGUOUS,**Definition 5.4 (Classification Functions).** The five condition classification functions and their threshold values are:,"Numeric extraction only; may be citation, date, identifier, illustration or result; semantic inventory incomplete."
publications/active/journal-1/submissions/v1-initial-submission/manuscript.md,5.3.2 Per-Component Classification Functions,178,not yet mapped: numeric token,1,PENDING — SC-3 stopped traceability review,ambiguous,AMBIGUOUS,**Table 1. Condition classification thresholds.**,"Numeric extraction only; may be citation, date, identifier, illustration or result; semantic inventory incomplete."
publications/active/journal-1/submissions/v1-initial-submission/manuscript.md,5.3.2 Per-Component Classification Functions,182,not yet mapped: numeric token,22,PENDING — SC-3 stopped traceability review,ambiguous,AMBIGUOUS,| g_w(w) | w ≤ 22 kn | 22 < w ≤ 27 kn | w > 27 kn | MET Malaysia Category 1 onset 40 km/h (≈22 kn); Category 2 onset 50 km/h (≈27 kn) |,"Numeric extraction only; may be citation, date, identifier, illustration or result; semantic inventory incomplete."
publications/active/journal-1/submissions/v1-initial-submission/manuscript.md,5.3.2 Per-Component Classification Functions,182,not yet mapped: numeric token,22,PENDING — SC-3 stopped traceability review,ambiguous,AMBIGUOUS,| g_w(w) | w ≤ 22 kn | 22 < w ≤ 27 kn | w > 27 kn | MET Malaysia Category 1 onset 40 km/h (≈22 kn); Category 2 onset 50 km/h (≈27 kn) |,"Numeric extraction only; may be citation, date, identifier, illustration or result; semantic inventory incomplete."
publications/active/journal-1/submissions/v1-initial-submission/manuscript.md,5.3.2 Per-Component Classification Functions,182,not yet mapped: numeric token,27,PENDING — SC-3 stopped traceability review,ambiguous,AMBIGUOUS,| g_w(w) | w ≤ 22 kn | 22 < w ≤ 27 kn | w > 27 kn | MET Malaysia Category 1 onset 40 km/h (≈22 kn); Category 2 onset 50 km/h (≈27 kn) |,"Numeric extraction only; may be citation, date, identifier, illustration or result; semantic inventory incomplete."
publications/active/journal-1/submissions/v1-initial-submission/manuscript.md,5.3.2 Per-Component Classification Functions,182,not yet mapped: numeric token,27,PENDING — SC-3 stopped traceability review,ambiguous,AMBIGUOUS,| g_w(w) | w ≤ 22 kn | 22 < w ≤ 27 kn | w > 27 kn | MET Malaysia Category 1 onset 40 km/h (≈22 kn); Category 2 onset 50 km/h (≈27 kn) |,"Numeric extraction only; may be citation, date, identifier, illustration or result; semantic inventory incomplete."
publications/active/journal-1/submissions/v1-initial-submission/manuscript.md,5.3.2 Per-Component Classification Functions,182,not yet mapped: numeric token,1,PENDING — SC-3 stopped traceability review,ambiguous,AMBIGUOUS,| g_w(w) | w ≤ 22 kn | 22 < w ≤ 27 kn | w > 27 kn | MET Malaysia Category 1 onset 40 km/h (≈22 kn); Category 2 onset 50 km/h (≈27 kn) |,"Numeric extraction only; may be citation, date, identifier, illustration or result; semantic inventory incomplete."
publications/active/journal-1/submissions/v1-initial-submission/manuscript.md,5.3.2 Per-Component Classification Functions,182,not yet mapped: numeric token,40,PENDING — SC-3 stopped traceability review,ambiguous,AMBIGUOUS,| g_w(w) | w ≤ 22 kn | 22 < w ≤ 27 kn | w > 27 kn | MET Malaysia Category 1 onset 40 km/h (≈22 kn); Category 2 onset 50 km/h (≈27 kn) |,"Numeric extraction only; may be citation, date, identifier, illustration or result; semantic inventory incomplete."
publications/active/journal-1/submissions/v1-initial-submission/manuscript.md,5.3.2 Per-Component Classification Functions,182,not yet mapped: numeric token,22,PENDING — SC-3 stopped traceability review,ambiguous,AMBIGUOUS,| g_w(w) | w ≤ 22 kn | 22 < w ≤ 27 kn | w > 27 kn | MET Malaysia Category 1 onset 40 km/h (≈22 kn); Category 2 onset 50 km/h (≈27 kn) |,"Numeric extraction only; may be citation, date, identifier, illustration or result; semantic inventory incomplete."
publications/active/journal-1/submissions/v1-initial-submission/manuscript.md,5.3.2 Per-Component Classification Functions,182,not yet mapped: numeric token,2,PENDING — SC-3 stopped traceability review,ambiguous,AMBIGUOUS,| g_w(w) | w ≤ 22 kn | 22 < w ≤ 27 kn | w > 27 kn | MET Malaysia Category 1 onset 40 km/h (≈22 kn); Category 2 onset 50 km/h (≈27 kn) |,"Numeric extraction only; may be citation, date, identifier, illustration or result; semantic inventory incomplete."
publications/active/journal-1/submissions/v1-initial-submission/manuscript.md,5.3.2 Per-Component Classification Functions,182,not yet mapped: numeric token,50,PENDING — SC-3 stopped traceability review,ambiguous,AMBIGUOUS,| g_w(w) | w ≤ 22 kn | 22 < w ≤ 27 kn | w > 27 kn | MET Malaysia Category 1 onset 40 km/h (≈22 kn); Category 2 onset 50 km/h (≈27 kn) |,"Numeric extraction only; may be citation, date, identifier, illustration or result; semantic inventory incomplete."
publications/active/journal-1/submissions/v1-initial-submission/manuscript.md,5.3.2 Per-Component Classification Functions,182,not yet mapped: numeric token,27,PENDING — SC-3 stopped traceability review,ambiguous,AMBIGUOUS,| g_w(w) | w ≤ 22 kn | 22 < w ≤ 27 kn | w > 27 kn | MET Malaysia Category 1 onset 40 km/h (≈22 kn); Category 2 onset 50 km/h (≈27 kn) |,"Numeric extraction only; may be citation, date, identifier, illustration or result; semantic inventory incomplete."
publications/active/journal-1/submissions/v1-initial-submission/manuscript.md,5.3.2 Per-Component Classification Functions,185,not yet mapped: numeric token,1,PENDING — SC-3 stopped traceability review,ambiguous,AMBIGUOUS,"| g_o(o, v) | *vessel-conditional* | | | See Table 1b |","Numeric extraction only; may be citation, date, identifier, illustration or result; semantic inventory incomplete."
publications/active/journal-1/submissions/v1-initial-submission/manuscript.md,5.3.2 Per-Component Classification Functions,186,not yet mapped: numeric token,20,PENDING — SC-3 stopped traceability review,ambiguous,AMBIGUOUS,"| g_t(t, date) | sunrise(date) ≤ t < sunset(date) | *(none — g_t emits no CAUTION)* | otherwise; UNSAFE if t = ⊥ | **Boundary: COLREGs Rule 20(b), ""from sunset to sunrise"" (SDR-001, applied 2026-09-08).** Atacan & Düzbastılar (2023) establish elevated night risk, not the boundary |","Numeric extraction only; may be citation, date, identifier, illustration or result; semantic inventory incomplete."
publications/active/journal-1/submissions/v1-initial-submission/manuscript.md,5.3.2 Per-Component Classification Functions,186,not yet mapped: numeric token,001,PENDING — SC-3 stopped traceability review,ambiguous,AMBIGUOUS,"| g_t(t, date) | sunrise(date) ≤ t < sunset(date) | *(none — g_t emits no CAUTION)* | otherwise; UNSAFE if t = ⊥ | **Boundary: COLREGs Rule 20(b), ""from sunset to sunrise"" (SDR-001, applied 2026-09-08).** Atacan & Düzbastılar (2023) establish elevated night risk, not the boundary |","Numeric extraction only; may be citation, date, identifier, illustration or result; semantic inventory incomplete."
publications/active/journal-1/submissions/v1-initial-submission/manuscript.md,5.3.2 Per-Component Classification Functions,186,not yet mapped: numeric token,2026,PENDING — SC-3 stopped traceability review,ambiguous,AMBIGUOUS,"| g_t(t, date) | sunrise(date) ≤ t < sunset(date) | *(none — g_t emits no CAUTION)* | otherwise; UNSAFE if t = ⊥ | **Boundary: COLREGs Rule 20(b), ""from sunset to sunrise"" (SDR-001, applied 2026-09-08).** Atacan & Düzbastılar (2023) establish elevated night risk, not the boundary |","Numeric extraction only; may be citation, date, identifier, illustration or result; semantic inventory incomplete."
publications/active/journal-1/submissions/v1-initial-submission/manuscript.md,5.3.2 Per-Component Classification Functions,186,not yet mapped: numeric token,09,PENDING — SC-3 stopped traceability review,ambiguous,AMBIGUOUS,"| g_t(t, date) | sunrise(date) ≤ t < sunset(date) | *(none — g_t emits no CAUTION)* | otherwise; UNSAFE if t = ⊥ | **Boundary: COLREGs Rule 20(b), ""from sunset to sunrise"" (SDR-001, applied 2026-09-08).** Atacan & Düzbastılar (2023) establish elevated night risk, not the boundary |","Numeric extraction only; may be citation, date, identifier, illustration or result; semantic inventory incomplete."
publications/active/journal-1/submissions/v1-initial-submission/manuscript.md,5.3.2 Per-Component Classification Functions,186,not yet mapped: numeric token,08,PENDING — SC-3 stopped traceability review,ambiguous,AMBIGUOUS,"| g_t(t, date) | sunrise(date) ≤ t < sunset(date) | *(none — g_t emits no CAUTION)* | otherwise; UNSAFE if t = ⊥ | **Boundary: COLREGs Rule 20(b), ""from sunset to sunrise"" (SDR-001, applied 2026-09-08).** Atacan & Düzbastılar (2023) establish elevated night risk, not the boundary |","Numeric extraction only; may be citation, date, identifier, illustration or result; semantic inventory incomplete."
publications/active/journal-1/submissions/v1-initial-submission/manuscript.md,5.3.2 Per-Component Classification Functions,186,not yet mapped: numeric token,2023,PENDING — SC-3 stopped traceability review,ambiguous,AMBIGUOUS,"| g_t(t, date) | sunrise(date) ≤ t < sunset(date) | *(none — g_t emits no CAUTION)* | otherwise; UNSAFE if t = ⊥ | **Boundary: COLREGs Rule 20(b), ""from sunset to sunrise"" (SDR-001, applied 2026-09-08).** Atacan & Düzbastılar (2023) establish elevated night risk, not the boundary |","Numeric extraction only; may be citation, date, identifier, illustration or result; semantic inventory incomplete."
publications/active/journal-1/submissions/v1-initial-submission/manuscript.md,5.3.2 Per-Component Classification Functions,188,not yet mapped: numeric token,1,PENDING — SC-3 stopped traceability review,ambiguous,AMBIGUOUS,"**Table 1b. Vessel-conditional wave height thresholds, g_o(o, v).**","Numeric extraction only; may be citation, date, identifier, illustration or result; semantic inventory incomplete."
publications/active/journal-1/submissions/v1-initial-submission/manuscript.md,5.3.2 Per-Component Classification Functions,192,not yet mapped: numeric token,10,PENDING — SC-3 stopped traceability review,ambiguous,AMBIGUOUS,"| small (< 10) | o < 1.0 m | 1.0 ≤ o ≤ 1.25 m | o > 1.25 m | Jeong & Im (2023) Table 12 restriction for vessels ≤ 10 m LOA (CAUTION onset); Yaakob et al. (2015) **operational ceiling Hs ≈ 1.25 m** for a 6.54 m hull — top of Sea State 3, the highest band the vessel passes under NORDFORSK |","Numeric extraction only; may be citation, date, identifier, illustration or result; semantic inventory incomplete."
publications/active/journal-1/submissions/v1-initial-submission/manuscript.md,5.3.2 Per-Component Classification Functions,192,not yet mapped: numeric token,1.0,PENDING — SC-3 stopped traceability review,ambiguous,AMBIGUOUS,"| small (< 10) | o < 1.0 m | 1.0 ≤ o ≤ 1.25 m | o > 1.25 m | Jeong & Im (2023) Table 12 restriction for vessels ≤ 10 m LOA (CAUTION onset); Yaakob et al. (2015) **operational ceiling Hs ≈ 1.25 m** for a 6.54 m hull — top of Sea State 3, the highest band the vessel passes under NORDFORSK |","Numeric extraction only; may be citation, date, identifier, illustration or result; semantic inventory incomplete."
publications/active/journal-1/submissions/v1-initial-submission/manuscript.md,5.3.2 Per-Component Classification Functions,192,not yet mapped: numeric token,1.0,PENDING — SC-3 stopped traceability review,ambiguous,AMBIGUOUS,"| small (< 10) | o < 1.0 m | 1.0 ≤ o ≤ 1.25 m | o > 1.25 m | Jeong & Im (2023) Table 12 restriction for vessels ≤ 10 m LOA (CAUTION onset); Yaakob et al. (2015) **operational ceiling Hs ≈ 1.25 m** for a 6.54 m hull — top of Sea State 3, the highest band the vessel passes under NORDFORSK |","Numeric extraction only; may be citation, date, identifier, illustration or result; semantic inventory incomplete."
publications/active/journal-1/submissions/v1-initial-submission/manuscript.md,5.3.2 Per-Component Classification Functions,192,not yet mapped: numeric token,1.25,PENDING — SC-3 stopped traceability review,ambiguous,AMBIGUOUS,"| small (< 10) | o < 1.0 m | 1.0 ≤ o ≤ 1.25 m | o > 1.25 m | Jeong & Im (2023) Table 12 restriction for vessels ≤ 10 m LOA (CAUTION onset); Yaakob et al. (2015) **operational ceiling Hs ≈ 1.25 m** for a 6.54 m hull — top of Sea State 3, the highest band the vessel passes under NORDFORSK |","Numeric extraction only; may be citation, date, identifier, illustration or result; semantic inventory incomplete."
publications/active/journal-1/submissions/v1-initial-submission/manuscript.md,5.3.2 Per-Component Classification Functions,192,not yet mapped: numeric token,1.25,PENDING — SC-3 stopped traceability review,ambiguous,AMBIGUOUS,"| small (< 10) | o < 1.0 m | 1.0 ≤ o ≤ 1.25 m | o > 1.25 m | Jeong & Im (2023) Table 12 restriction for vessels ≤ 10 m LOA (CAUTION onset); Yaakob et al. (2015) **operational ceiling Hs ≈ 1.25 m** for a 6.54 m hull — top of Sea State 3, the highest band the vessel passes under NORDFORSK |","Numeric extraction only; may be citation, date, identifier, illustration or result; semantic inventory incomplete."
publications/active/journal-1/submissions/v1-initial-submission/manuscript.md,5.3.2 Per-Component Classification Functions,192,not yet mapped: numeric token,2023,PENDING — SC-3 stopped traceability review,ambiguous,AMBIGUOUS,"| small (< 10) | o < 1.0 m | 1.0 ≤ o ≤ 1.25 m | o > 1.25 m | Jeong & Im (2023) Table 12 restriction for vessels ≤ 10 m LOA (CAUTION onset); Yaakob et al. (2015) **operational ceiling Hs ≈ 1.25 m** for a 6.54 m hull — top of Sea State 3, the highest band the vessel passes under NORDFORSK |","Numeric extraction only; may be citation, date, identifier, illustration or result; semantic inventory incomplete."
publications/active/journal-1/submissions/v1-initial-submission/manuscript.md,5.3.2 Per-Component Classification Functions,192,not yet mapped: numeric token,12,PENDING — SC-3 stopped traceability review,ambiguous,AMBIGUOUS,"| small (< 10) | o < 1.0 m | 1.0 ≤ o ≤ 1.25 m | o > 1.25 m | Jeong & Im (2023) Table 12 restriction for vessels ≤ 10 m LOA (CAUTION onset); Yaakob et al. (2015) **operational ceiling Hs ≈ 1.25 m** for a 6.54 m hull — top of Sea State 3, the highest band the vessel passes under NORDFORSK |","Numeric extraction only; may be citation, date, identifier, illustration or result; semantic inventory incomplete."
publications/active/journal-1/submissions/v1-initial-submission/manuscript.md,5.3.2 Per-Component Classification Functions,192,not yet mapped: numeric token,10,PENDING — SC-3 stopped traceability review,ambiguous,AMBIGUOUS,"| small (< 10) | o < 1.0 m | 1.0 ≤ o ≤ 1.25 m | o > 1.25 m | Jeong & Im (2023) Table 12 restriction for vessels ≤ 10 m LOA (CAUTION onset); Yaakob et al. (2015) **operational ceiling Hs ≈ 1.25 m** for a 6.54 m hull — top of Sea State 3, the highest band the vessel passes under NORDFORSK |","Numeric extraction only; may be citation, date, identifier, illustration or result; semantic inventory incomplete."
publications/active/journal-1/submissions/v1-initial-submission/manuscript.md,5.3.2 Per-Component Classification Functions,192,not yet mapped: numeric token,2015,PENDING — SC-3 stopped traceability review,ambiguous,AMBIGUOUS,"| small (< 10) | o < 1.0 m | 1.0 ≤ o ≤ 1.25 m | o > 1.25 m | Jeong & Im (2023) Table 12 restriction for vessels ≤ 10 m LOA (CAUTION onset); Yaakob et al. (2015) **operational ceiling Hs ≈ 1.25 m** for a 6.54 m hull — top of Sea State 3, the highest band the vessel passes under NORDFORSK |","Numeric extraction only; may be citation, date, identifier, illustration or result; semantic inventory incomplete."
publications/active/journal-1/submissions/v1-initial-submission/manuscript.md,5.3.2 Per-Component Classification Functions,192,not yet mapped: numeric token,1.25,PENDING — SC-3 stopped traceability review,ambiguous,AMBIGUOUS,"| small (< 10) | o < 1.0 m | 1.0 ≤ o ≤ 1.25 m | o > 1.25 m | Jeong & Im (2023) Table 12 restriction for vessels ≤ 10 m LOA (CAUTION onset); Yaakob et al. (2015) **operational ceiling Hs ≈ 1.25 m** for a 6.54 m hull — top of Sea State 3, the highest band the vessel passes under NORDFORSK |","Numeric extraction only; may be citation, date, identifier, illustration or result; semantic inventory incomplete."
publications/active/journal-1/submissions/v1-initial-submission/manuscript.md,5.3.2 Per-Component Classification Functions,192,not yet mapped: numeric token,6.54,PENDING — SC-3 stopped traceability review,ambiguous,AMBIGUOUS,"| small (< 10) | o < 1.0 m | 1.0 ≤ o ≤ 1.25 m | o > 1.25 m | Jeong & Im (2023) Table 12 restriction for vessels ≤ 10 m LOA (CAUTION onset); Yaakob et al. (2015) **operational ceiling Hs ≈ 1.25 m** for a 6.54 m hull — top of Sea State 3, the highest band the vessel passes under NORDFORSK |","Numeric extraction only; may be citation, date, identifier, illustration or result; semantic inventory incomplete."
publications/active/journal-1/submissions/v1-initial-submission/manuscript.md,5.3.2 Per-Component Classification Functions,192,not yet mapped: numeric token,3,PENDING — SC-3 stopped traceability review,ambiguous,AMBIGUOUS,"| small (< 10) | o < 1.0 m | 1.0 ≤ o ≤ 1.25 m | o > 1.25 m | Jeong & Im (2023) Table 12 restriction for vessels ≤ 10 m LOA (CAUTION onset); Yaakob et al. (2015) **operational ceiling Hs ≈ 1.25 m** for a 6.54 m hull — top of Sea State 3, the highest band the vessel passes under NORDFORSK |","Numeric extraction only; may be citation, date, identifier, illustration or result; semantic inventory incomplete."
publications/active/journal-1/submissions/v1-initial-submission/manuscript.md,5.3.2 Per-Component Classification Functions,193,not yet mapped: numeric token,10,PENDING — SC-3 stopped traceability review,ambiguous,AMBIGUOUS,| medium (10–25) | o < 1.4 m | 1.4 ≤ o ≤ 2.8 m | o > 2.8 m | Hs_KIMO evaluated across 10–15 m LOA (1.13–1.48 m); UNSAFE boundary interpolated |,"Numeric extraction only; may be citation, date, identifier, illustration or result; semantic inventory incomplete."
publications/active/journal-1/submissions/v1-initial-submission/manuscript.md,5.3.2 Per-Component Classification Functions,193,not yet mapped: numeric token,25,PENDING — SC-3 stopped traceability review,ambiguous,AMBIGUOUS,| medium (10–25) | o < 1.4 m | 1.4 ≤ o ≤ 2.8 m | o > 2.8 m | Hs_KIMO evaluated across 10–15 m LOA (1.13–1.48 m); UNSAFE boundary interpolated |,"Numeric extraction only; may be citation, date, identifier, illustration or result; semantic inventory incomplete."
publications/active/journal-1/submissions/v1-initial-submission/manuscript.md,5.3.2 Per-Component Classification Functions,193,not yet mapped: numeric token,1.4,PENDING — SC-3 stopped traceability review,ambiguous,AMBIGUOUS,| medium (10–25) | o < 1.4 m | 1.4 ≤ o ≤ 2.8 m | o > 2.8 m | Hs_KIMO evaluated across 10–15 m LOA (1.13–1.48 m); UNSAFE boundary interpolated |,"Numeric extraction only; may be citation, date, identifier, illustration or result; semantic inventory incomplete."
publications/active/journal-1/submissions/v1-initial-submission/manuscript.md,5.3.2 Per-Component Classification Functions,193,not yet mapped: numeric token,1.4,PENDING — SC-3 stopped traceability review,ambiguous,AMBIGUOUS,| medium (10–25) | o < 1.4 m | 1.4 ≤ o ≤ 2.8 m | o > 2.8 m | Hs_KIMO evaluated across 10–15 m LOA (1.13–1.48 m); UNSAFE boundary interpolated |,"Numeric extraction only; may be citation, date, identifier, illustration or result; semantic inventory incomplete."
publications/active/journal-1/submissions/v1-initial-submission/manuscript.md,5.3.2 Per-Component Classification Functions,193,not yet mapped: numeric token,2.8,PENDING — SC-3 stopped traceability review,ambiguous,AMBIGUOUS,| medium (10–25) | o < 1.4 m | 1.4 ≤ o ≤ 2.8 m | o > 2.8 m | Hs_KIMO evaluated across 10–15 m LOA (1.13–1.48 m); UNSAFE boundary interpolated |,"Numeric extraction only; may be citation, date, identifier, illustration or result; semantic inventory incomplete."
publications/active/journal-1/submissions/v1-initial-submission/manuscript.md,5.3.2 Per-Component Classification Functions,193,not yet mapped: numeric token,2.8,PENDING — SC-3 stopped traceability review,ambiguous,AMBIGUOUS,| medium (10–25) | o < 1.4 m | 1.4 ≤ o ≤ 2.8 m | o > 2.8 m | Hs_KIMO evaluated across 10–15 m LOA (1.13–1.48 m); UNSAFE boundary interpolated |,"Numeric extraction only; may be citation, date, identifier, illustration or result; semantic inventory incomplete."
publications/active/journal-1/submissions/v1-initial-submission/manuscript.md,5.3.2 Per-Component Classification Functions,193,not yet mapped: numeric token,10,PENDING — SC-3 stopped traceability review,ambiguous,AMBIGUOUS,| medium (10–25) | o < 1.4 m | 1.4 ≤ o ≤ 2.8 m | o > 2.8 m | Hs_KIMO evaluated across 10–15 m LOA (1.13–1.48 m); UNSAFE boundary interpolated |,"Numeric extraction only; may be citation, date, identifier, illustration or result; semantic inventory incomplete."
publications/active/journal-1/submissions/v1-initial-submission/manuscript.md,5.3.2 Per-Component Classification Functions,193,not yet mapped: numeric token,15,PENDING — SC-3 stopped traceability review,ambiguous,AMBIGUOUS,| medium (10–25) | o < 1.4 m | 1.4 ≤ o ≤ 2.8 m | o > 2.8 m | Hs_KIMO evaluated across 10–15 m LOA (1.13–1.48 m); UNSAFE boundary interpolated |,"Numeric extraction only; may be citation, date, identifier, illustration or result; semantic inventory incomplete."
publications/active/journal-1/submissions/v1-initial-submission/manuscript.md,5.3.2 Per-Component Classification Functions,193,not yet mapped: numeric token,1.13,PENDING — SC-3 stopped traceability review,ambiguous,AMBIGUOUS,| medium (10–25) | o < 1.4 m | 1.4 ≤ o ≤ 2.8 m | o > 2.8 m | Hs_KIMO evaluated across 10–15 m LOA (1.13–1.48 m); UNSAFE boundary interpolated |,"Numeric extraction only; may be citation, date, identifier, illustration or result; semantic inventory incomplete."
publications/active/journal-1/submissions/v1-initial-submission/manuscript.md,5.3.2 Per-Component Classification Functions,193,not yet mapped: numeric token,1.48,PENDING — SC-3 stopped traceability review,ambiguous,AMBIGUOUS,| medium (10–25) | o < 1.4 m | 1.4 ≤ o ≤ 2.8 m | o > 2.8 m | Hs_KIMO evaluated across 10–15 m LOA (1.13–1.48 m); UNSAFE boundary interpolated |,"Numeric extraction only; may be citation, date, identifier, illustration or result; semantic inventory incomplete."
publications/active/journal-1/submissions/v1-initial-submission/manuscript.md,5.3.2 Per-Component Classification Functions,194,not yet mapped: numeric token,25,PENDING — SC-3 stopped traceability review,ambiguous,AMBIGUOUS,| big (> 25) | o < 1.5 m | 1.5 ≤ o ≤ 3.5 m | o > 3.5 m | MET Malaysia Category 1 maximum wave height 3.5 m; Hs_KIMO = 1.58 m at 16 m LOA |,"Numeric extraction only; may be citation, date, identifier, illustration or result; semantic inventory incomplete."
publications/active/journal-1/submissions/v1-initial-submission/manuscript.md,5.3.2 Per-Component Classification Functions,194,not yet mapped: numeric token,1.5,PENDING — SC-3 stopped traceability review,ambiguous,AMBIGUOUS,| big (> 25) | o < 1.5 m | 1.5 ≤ o ≤ 3.5 m | o > 3.5 m | MET Malaysia Category 1 maximum wave height 3.5 m; Hs_KIMO = 1.58 m at 16 m LOA |,"Numeric extraction only; may be citation, date, identifier, illustration or result; semantic inventory incomplete."
publications/active/journal-1/submissions/v1-initial-submission/manuscript.md,5.3.2 Per-Component Classification Functions,194,not yet mapped: numeric token,1.5,PENDING — SC-3 stopped traceability review,ambiguous,AMBIGUOUS,| big (> 25) | o < 1.5 m | 1.5 ≤ o ≤ 3.5 m | o > 3.5 m | MET Malaysia Category 1 maximum wave height 3.5 m; Hs_KIMO = 1.58 m at 16 m LOA |,"Numeric extraction only; may be citation, date, identifier, illustration or result; semantic inventory incomplete."
publications/active/journal-1/submissions/v1-initial-submission/manuscript.md,5.3.2 Per-Component Classification Functions,194,not yet mapped: numeric token,3.5,PENDING — SC-3 stopped traceability review,ambiguous,AMBIGUOUS,| big (> 25) | o < 1.5 m | 1.5 ≤ o ≤ 3.5 m | o > 3.5 m | MET Malaysia Category 1 maximum wave height 3.5 m; Hs_KIMO = 1.58 m at 16 m LOA |,"Numeric extraction only; may be citation, date, identifier, illustration or result; semantic inventory incomplete."
publications/active/journal-1/submissions/v1-initial-submission/manuscript.md,5.3.2 Per-Component Classification Functions,194,not yet mapped: numeric token,3.5,PENDING — SC-3 stopped traceability review,ambiguous,AMBIGUOUS,| big (> 25) | o < 1.5 m | 1.5 ≤ o ≤ 3.5 m | o > 3.5 m | MET Malaysia Category 1 maximum wave height 3.5 m; Hs_KIMO = 1.58 m at 16 m LOA |,"Numeric extraction only; may be citation, date, identifier, illustration or result; semantic inventory incomplete."
publications/active/journal-1/submissions/v1-initial-submission/manuscript.md,5.3.2 Per-Component Classification Functions,194,not yet mapped: numeric token,1,PENDING — SC-3 stopped traceability review,ambiguous,AMBIGUOUS,| big (> 25) | o < 1.5 m | 1.5 ≤ o ≤ 3.5 m | o > 3.5 m | MET Malaysia Category 1 maximum wave height 3.5 m; Hs_KIMO = 1.58 m at 16 m LOA |,"Numeric extraction only; may be citation, date, identifier, illustration or result; semantic inventory incomplete."
publications/active/journal-1/submissions/v1-initial-submission/manuscript.md,5.3.2 Per-Component Classification Functions,194,not yet mapped: numeric token,3.5,PENDING — SC-3 stopped traceability review,ambiguous,AMBIGUOUS,| big (> 25) | o < 1.5 m | 1.5 ≤ o ≤ 3.5 m | o > 3.5 m | MET Malaysia Category 1 maximum wave height 3.5 m; Hs_KIMO = 1.58 m at 16 m LOA |,"Numeric extraction only; may be citation, date, identifier, illustration or result; semantic inventory incomplete."
publications/active/journal-1/submissions/v1-initial-submission/manuscript.md,5.3.2 Per-Component Classification Functions,194,not yet mapped: numeric token,1.58,PENDING — SC-3 stopped traceability review,ambiguous,AMBIGUOUS,| big (> 25) | o < 1.5 m | 1.5 ≤ o ≤ 3.5 m | o > 3.5 m | MET Malaysia Category 1 maximum wave height 3.5 m; Hs_KIMO = 1.58 m at 16 m LOA |,"Numeric extraction only; may be citation, date, identifier, illustration or result; semantic inventory incomplete."
publications/active/journal-1/submissions/v1-initial-submission/manuscript.md,5.3.2 Per-Component Classification Functions,194,not yet mapped: numeric token,16,PENDING — SC-3 stopped traceability review,ambiguous,AMBIGUOUS,| big (> 25) | o < 1.5 m | 1.5 ≤ o ≤ 3.5 m | o > 3.5 m | MET Malaysia Category 1 maximum wave height 3.5 m; Hs_KIMO = 1.58 m at 16 m LOA |,"Numeric extraction only; may be citation, date, identifier, illustration or result; semantic inventory incomplete."
publications/active/journal-1/submissions/v1-initial-submission/manuscript.md,5.3.2 Per-Component Classification Functions,196,not yet mapped: numeric token,2026,PENDING — SC-3 stopped traceability review,ambiguous,AMBIGUOUS,"Thresholds for g_w are anchored to MET Malaysia's published Kriteria Amaran Angin Kencang dan Laut Bergelora (Strong Wind and Rough Seas Warning Criteria, verified August 2026). Note that g_w is defined over *sustained* wind speed; fisher-interview sources frequently report gust values, and the two must not be conflated when drawing empirical corroboration.","Numeric extraction only; may be citation, date, identifier, illustration or result; semantic inventory incomplete."
publications/active/journal-1/submissions/v1-initial-submission/manuscript.md,5.3.2 Per-Component Classification Functions,198,not yet mapped: numeric token,1,PENDING — SC-3 stopped traceability review,ambiguous,AMBIGUOUS,"The vessel-conditional thresholds for g_o are supported by a Three-Tier Triangulation, in which each tier contributes to a different row of Table 1b rather than to a single vessel-independent boundary.","Numeric extraction only; may be citation, date, identifier, illustration or result; semantic inventory incomplete."
publications/active/journal-1/submissions/v1-initial-submission/manuscript.md,5.3.2 Per-Component Classification Functions,200,not yet mapped: numeric token,1,PENDING — SC-3 stopped traceability review,ambiguous,AMBIGUOUS,"*Tier 1 — Hydrodynamics.* Yaakob et al. (2015), applying naval architecture methods (Maxsurf, JONSWAP spectrum, NORDFORSK 1987 criteria) to two traditional Malaysian small fishing boats from the Johor coast (LOA 5.03 and 6.54 m, both < 10 GRT), established vessel-specific operability limits: the 6.54 m hull remained within NORDFORSK limits to Sea State 3 (operational ceiling Hs ≈ 1.25 m) and exceeded them at Sea State 4 (Hs ≈ 1.875 m), while the 5.03 m hull remained within limits only to Sea State 2 (ceiling Hs ≈ 0.5 m). Both passed IMO static stability criteria at every loading condition, establishing that dynamic seakeeping rather than static stability is the binding constraint — and, critically, that the binding wave height differs by vessel. This grounds the small-vessel row.","Numeric extraction only; may be citation, date, identifier, illustration or result; semantic inventory incomplete."
publications/active/journal-1/submissions/v1-initial-submission/manuscript.md,5.3.2 Per-Component Classification Functions,200,not yet mapped: numeric token,2015,PENDING — SC-3 stopped traceability review,ambiguous,AMBIGUOUS,"*Tier 1 — Hydrodynamics.* Yaakob et al. (2015), applying naval architecture methods (Maxsurf, JONSWAP spectrum, NORDFORSK 1987 criteria) to two traditional Malaysian small fishing boats from the Johor coast (LOA 5.03 and 6.54 m, both < 10 GRT), established vessel-specific operability limits: the 6.54 m hull remained within NORDFORSK limits to Sea State 3 (operational ceiling Hs ≈ 1.25 m) and exceeded them at Sea State 4 (Hs ≈ 1.875 m), while the 5.03 m hull remained within limits only to Sea State 2 (ceiling Hs ≈ 0.5 m). Both passed IMO static stability criteria at every loading condition, establishing that dynamic seakeeping rather than static stability is the binding constraint — and, critically, that the binding wave height differs by vessel. This grounds the small-vessel row.","Numeric extraction only; may be citation, date, identifier, illustration or result; semantic inventory incomplete."
publications/active/journal-1/submissions/v1-initial-submission/manuscript.md,5.3.2 Per-Component Classification Functions,200,not yet mapped: numeric token,1987,PENDING — SC-3 stopped traceability review,ambiguous,AMBIGUOUS,"*Tier 1 — Hydrodynamics.* Yaakob et al. (2015), applying naval architecture methods (Maxsurf, JONSWAP spectrum, NORDFORSK 1987 criteria) to two traditional Malaysian small fishing boats from the Johor coast (LOA 5.03 and 6.54 m, both < 10 GRT), established vessel-specific operability limits: the 6.54 m hull remained within NORDFORSK limits to Sea State 3 (operational ceiling Hs ≈ 1.25 m) and exceeded them at Sea State 4 (Hs ≈ 1.875 m), while the 5.03 m hull remained within limits only to Sea State 2 (ceiling Hs ≈ 0.5 m). Both passed IMO static stability criteria at every loading condition, establishing that dynamic seakeeping rather than static stability is the binding constraint — and, critically, that the binding wave height differs by vessel. This grounds the small-vessel row.","Numeric extraction only; may be citation, date, identifier, illustration or result; semantic inventory incomplete."
publications/active/journal-1/submissions/v1-initial-submission/manuscript.md,5.3.2 Per-Component Classification Functions,200,not yet mapped: numeric token,5.03,PENDING — SC-3 stopped traceability review,ambiguous,AMBIGUOUS,"*Tier 1 — Hydrodynamics.* Yaakob et al. (2015), applying naval architecture methods (Maxsurf, JONSWAP spectrum, NORDFORSK 1987 criteria) to two traditional Malaysian small fishing boats from the Johor coast (LOA 5.03 and 6.54 m, both < 10 GRT), established vessel-specific operability limits: the 6.54 m hull remained within NORDFORSK limits to Sea State 3 (operational ceiling Hs ≈ 1.25 m) and exceeded them at Sea State 4 (Hs ≈ 1.875 m), while the 5.03 m hull remained within limits only to Sea State 2 (ceiling Hs ≈ 0.5 m). Both passed IMO static stability criteria at every loading condition, establishing that dynamic seakeeping rather than static stability is the binding constraint — and, critically, that the binding wave height differs by vessel. This grounds the small-vessel row.","Numeric extraction only; may be citation, date, identifier, illustration or result; semantic inventory incomplete."
publications/active/journal-1/submissions/v1-initial-submission/manuscript.md,5.3.2 Per-Component Classification Functions,200,not yet mapped: numeric token,6.54,PENDING — SC-3 stopped traceability review,ambiguous,AMBIGUOUS,"*Tier 1 — Hydrodynamics.* Yaakob et al. (2015), applying naval architecture methods (Maxsurf, JONSWAP spectrum, NORDFORSK 1987 criteria) to two traditional Malaysian small fishing boats from the Johor coast (LOA 5.03 and 6.54 m, both < 10 GRT), established vessel-specific operability limits: the 6.54 m hull remained within NORDFORSK limits to Sea State 3 (operational ceiling Hs ≈ 1.25 m) and exceeded them at Sea State 4 (Hs ≈ 1.875 m), while the 5.03 m hull remained within limits only to Sea State 2 (ceiling Hs ≈ 0.5 m). Both passed IMO static stability criteria at every loading condition, establishing that dynamic seakeeping rather than static stability is the binding constraint — and, critically, that the binding wave height differs by vessel. This grounds the small-vessel row.","Numeric extraction only; may be citation, date, identifier, illustration or result; semantic inventory incomplete."
publications/active/journal-1/submissions/v1-initial-submission/manuscript.md,5.3.2 Per-Component Classification Functions,200,not yet mapped: numeric token,10,PENDING — SC-3 stopped traceability review,ambiguous,AMBIGUOUS,"*Tier 1 — Hydrodynamics.* Yaakob et al. (2015), applying naval architecture methods (Maxsurf, JONSWAP spectrum, NORDFORSK 1987 criteria) to two traditional Malaysian small fishing boats from the Johor coast (LOA 5.03 and 6.54 m, both < 10 GRT), established vessel-specific operability limits: the 6.54 m hull remained within NORDFORSK limits to Sea State 3 (operational ceiling Hs ≈ 1.25 m) and exceeded them at Sea State 4 (Hs ≈ 1.875 m), while the 5.03 m hull remained within limits only to Sea State 2 (ceiling Hs ≈ 0.5 m). Both passed IMO static stability criteria at every loading condition, establishing that dynamic seakeeping rather than static stability is the binding constraint — and, critically, that the binding wave height differs by vessel. This grounds the small-vessel row.","Numeric extraction only; may be citation, date, identifier, illustration or result; semantic inventory incomplete."
publications/active/journal-1/submissions/v1-initial-submission/manuscript.md,5.3.2 Per-Component Classification Functions,200,not yet mapped: numeric token,6.54,PENDING — SC-3 stopped traceability review,ambiguous,AMBIGUOUS,"*Tier 1 — Hydrodynamics.* Yaakob et al. (2015), applying naval architecture methods (Maxsurf, JONSWAP spectrum, NORDFORSK 1987 criteria) to two traditional Malaysian small fishing boats from the Johor coast (LOA 5.03 and 6.54 m, both < 10 GRT), established vessel-specific operability limits: the 6.54 m hull remained within NORDFORSK limits to Sea State 3 (operational ceiling Hs ≈ 1.25 m) and exceeded them at Sea State 4 (Hs ≈ 1.875 m), while the 5.03 m hull remained within limits only to Sea State 2 (ceiling Hs ≈ 0.5 m). Both passed IMO static stability criteria at every loading condition, establishing that dynamic seakeeping rather than static stability is the binding constraint — and, critically, that the binding wave height differs by vessel. This grounds the small-vessel row.","Numeric extraction only; may be citation, date, identifier, illustration or result; semantic inventory incomplete."
publications/active/journal-1/submissions/v1-initial-submission/manuscript.md,5.3.2 Per-Component Classification Functions,200,not yet mapped: numeric token,3,PENDING — SC-3 stopped traceability review,ambiguous,AMBIGUOUS,"*Tier 1 — Hydrodynamics.* Yaakob et al. (2015), applying naval architecture methods (Maxsurf, JONSWAP spectrum, NORDFORSK 1987 criteria) to two traditional Malaysian small fishing boats from the Johor coast (LOA 5.03 and 6.54 m, both < 10 GRT), established vessel-specific operability limits: the 6.54 m hull remained within NORDFORSK limits to Sea State 3 (operational ceiling Hs ≈ 1.25 m) and exceeded them at Sea State 4 (Hs ≈ 1.875 m), while the 5.03 m hull remained within limits only to Sea State 2 (ceiling Hs ≈ 0.5 m). Both passed IMO static stability criteria at every loading condition, establishing that dynamic seakeeping rather than static stability is the binding constraint — and, critically, that the binding wave height differs by vessel. This grounds the small-vessel row.","Numeric extraction only; may be citation, date, identifier, illustration or result; semantic inventory incomplete."
publications/active/journal-1/submissions/v1-initial-submission/manuscript.md,5.3.2 Per-Component Classification Functions,200,not yet mapped: numeric token,1.25,PENDING — SC-3 stopped traceability review,ambiguous,AMBIGUOUS,"*Tier 1 — Hydrodynamics.* Yaakob et al. (2015), applying naval architecture methods (Maxsurf, JONSWAP spectrum, NORDFORSK 1987 criteria) to two traditional Malaysian small fishing boats from the Johor coast (LOA 5.03 and 6.54 m, both < 10 GRT), established vessel-specific operability limits: the 6.54 m hull remained within NORDFORSK limits to Sea State 3 (operational ceiling Hs ≈ 1.25 m) and exceeded them at Sea State 4 (Hs ≈ 1.875 m), while the 5.03 m hull remained within limits only to Sea State 2 (ceiling Hs ≈ 0.5 m). Both passed IMO static stability criteria at every loading condition, establishing that dynamic seakeeping rather than static stability is the binding constraint — and, critically, that the binding wave height differs by vessel. This grounds the small-vessel row.","Numeric extraction only; may be citation, date, identifier, illustration or result; semantic inventory incomplete."
publications/active/journal-1/submissions/v1-initial-submission/manuscript.md,5.3.2 Per-Component Classification Functions,200,not yet mapped: numeric token,4,PENDING — SC-3 stopped traceability review,ambiguous,AMBIGUOUS,"*Tier 1 — Hydrodynamics.* Yaakob et al. (2015), applying naval architecture methods (Maxsurf, JONSWAP spectrum, NORDFORSK 1987 criteria) to two traditional Malaysian small fishing boats from the Johor coast (LOA 5.03 and 6.54 m, both < 10 GRT), established vessel-specific operability limits: the 6.54 m hull remained within NORDFORSK limits to Sea State 3 (operational ceiling Hs ≈ 1.25 m) and exceeded them at Sea State 4 (Hs ≈ 1.875 m), while the 5.03 m hull remained within limits only to Sea State 2 (ceiling Hs ≈ 0.5 m). Both passed IMO static stability criteria at every loading condition, establishing that dynamic seakeeping rather than static stability is the binding constraint — and, critically, that the binding wave height differs by vessel. This grounds the small-vessel row.","Numeric extraction only; may be citation, date, identifier, illustration or result; semantic inventory incomplete."
publications/active/journal-1/submissions/v1-initial-submission/manuscript.md,5.3.2 Per-Component Classification Functions,200,not yet mapped: numeric token,1.875,PENDING — SC-3 stopped traceability review,ambiguous,AMBIGUOUS,"*Tier 1 — Hydrodynamics.* Yaakob et al. (2015), applying naval architecture methods (Maxsurf, JONSWAP spectrum, NORDFORSK 1987 criteria) to two traditional Malaysian small fishing boats from the Johor coast (LOA 5.03 and 6.54 m, both < 10 GRT), established vessel-specific operability limits: the 6.54 m hull remained within NORDFORSK limits to Sea State 3 (operational ceiling Hs ≈ 1.25 m) and exceeded them at Sea State 4 (Hs ≈ 1.875 m), while the 5.03 m hull remained within limits only to Sea State 2 (ceiling Hs ≈ 0.5 m). Both passed IMO static stability criteria at every loading condition, establishing that dynamic seakeeping rather than static stability is the binding constraint — and, critically, that the binding wave height differs by vessel. This grounds the small-vessel row.","Numeric extraction only; may be citation, date, identifier, illustration or result; semantic inventory incomplete."
publications/active/journal-1/submissions/v1-initial-submission/manuscript.md,5.3.2 Per-Component Classification Functions,200,not yet mapped: numeric token,5.03,PENDING — SC-3 stopped traceability review,ambiguous,AMBIGUOUS,"*Tier 1 — Hydrodynamics.* Yaakob et al. (2015), applying naval architecture methods (Maxsurf, JONSWAP spectrum, NORDFORSK 1987 criteria) to two traditional Malaysian small fishing boats from the Johor coast (LOA 5.03 and 6.54 m, both < 10 GRT), established vessel-specific operability limits: the 6.54 m hull remained within NORDFORSK limits to Sea State 3 (operational ceiling Hs ≈ 1.25 m) and exceeded them at Sea State 4 (Hs ≈ 1.875 m), while the 5.03 m hull remained within limits only to Sea State 2 (ceiling Hs ≈ 0.5 m). Both passed IMO static stability criteria at every loading condition, establishing that dynamic seakeeping rather than static stability is the binding constraint — and, critically, that the binding wave height differs by vessel. This grounds the small-vessel row.","Numeric extraction only; may be citation, date, identifier, illustration or result; semantic inventory incomplete."
publications/active/journal-1/submissions/v1-initial-submission/manuscript.md,5.3.2 Per-Component Classification Functions,200,not yet mapped: numeric token,2,PENDING — SC-3 stopped traceability review,ambiguous,AMBIGUOUS,"*Tier 1 — Hydrodynamics.* Yaakob et al. (2015), applying naval architecture methods (Maxsurf, JONSWAP spectrum, NORDFORSK 1987 criteria) to two traditional Malaysian small fishing boats from the Johor coast (LOA 5.03 and 6.54 m, both < 10 GRT), established vessel-specific operability limits: the 6.54 m hull remained within NORDFORSK limits to Sea State 3 (operational ceiling Hs ≈ 1.25 m) and exceeded them at Sea State 4 (Hs ≈ 1.875 m), while the 5.03 m hull remained within limits only to Sea State 2 (ceiling Hs ≈ 0.5 m). Both passed IMO static stability criteria at every loading condition, establishing that dynamic seakeeping rather than static stability is the binding constraint — and, critically, that the binding wave height differs by vessel. This grounds the small-vessel row.","Numeric extraction only; may be citation, date, identifier, illustration or result; semantic inventory incomplete."
publications/active/journal-1/submissions/v1-initial-submission/manuscript.md,5.3.2 Per-Component Classification Functions,200,not yet mapped: numeric token,0.5,PENDING — SC-3 stopped traceability review,ambiguous,AMBIGUOUS,"*Tier 1 — Hydrodynamics.* Yaakob et al. (2015), applying naval architecture methods (Maxsurf, JONSWAP spectrum, NORDFORSK 1987 criteria) to two traditional Malaysian small fishing boats from the Johor coast (LOA 5.03 and 6.54 m, both < 10 GRT), established vessel-specific operability limits: the 6.54 m hull remained within NORDFORSK limits to Sea State 3 (operational ceiling Hs ≈ 1.25 m) and exceeded them at Sea State 4 (Hs ≈ 1.875 m), while the 5.03 m hull remained within limits only to Sea State 2 (ceiling Hs ≈ 0.5 m). Both passed IMO static stability criteria at every loading condition, establishing that dynamic seakeeping rather than static stability is the binding constraint — and, critically, that the binding wave height differs by vessel. This grounds the small-vessel row.","Numeric extraction only; may be citation, date, identifier, illustration or result; semantic inventory incomplete."
publications/active/journal-1/submissions/v1-initial-submission/manuscript.md,5.3.2 Per-Component Classification Functions,202,not yet mapped: numeric token,2,PENDING — SC-3 stopped traceability review,ambiguous,AMBIGUOUS,"*Tier 2 — Empirical Risk.* Jeong & Im (2023), analysing 66 Korean small fishing vessel capsizing incidents over 23 years, show that 38% occurred at wave heights at or below 3 m, including incidents at Hs as low as 1.0 m. They derive a length-dependent departure restriction formula from the Wolfson Unit critical wave height framework — Hs_KIMO = √(1 + 0.4 × (0.88 × LOA)) − 1 — producing thresholds from 1.13 m at 10 m LOA to 2.07 m at 24 m LOA, and propose a graduated management scheme restricting vessels ≤ 10 m at Hs ≥ 1.0 m. Their central finding is that 82% of capsizing accidents between 2017 and 2022 occurred on days with no active weather warning, establishing that vessel-independent institutional thresholds systematically fail to capture small-vessel risk. This grounds the medium row and corroborates the small row.","Numeric extraction only; may be citation, date, identifier, illustration or result; semantic inventory incomplete."
publications/active/journal-1/submissions/v1-initial-submission/manuscript.md,5.3.2 Per-Component Classification Functions,202,not yet mapped: numeric token,2023,PENDING — SC-3 stopped traceability review,ambiguous,AMBIGUOUS,"*Tier 2 — Empirical Risk.* Jeong & Im (2023), analysing 66 Korean small fishing vessel capsizing incidents over 23 years, show that 38% occurred at wave heights at or below 3 m, including incidents at Hs as low as 1.0 m. They derive a length-dependent departure restriction formula from the Wolfson Unit critical wave height framework — Hs_KIMO = √(1 + 0.4 × (0.88 × LOA)) − 1 — producing thresholds from 1.13 m at 10 m LOA to 2.07 m at 24 m LOA, and propose a graduated management scheme restricting vessels ≤ 10 m at Hs ≥ 1.0 m. Their central finding is that 82% of capsizing accidents between 2017 and 2022 occurred on days with no active weather warning, establishing that vessel-independent institutional thresholds systematically fail to capture small-vessel risk. This grounds the medium row and corroborates the small row.","Numeric extraction only; may be citation, date, identifier, illustration or result; semantic inventory incomplete."
publications/active/journal-1/submissions/v1-initial-submission/manuscript.md,5.3.2 Per-Component Classification Functions,202,not yet mapped: numeric token,66,PENDING — SC-3 stopped traceability review,ambiguous,AMBIGUOUS,"*Tier 2 — Empirical Risk.* Jeong & Im (2023), analysing 66 Korean small fishing vessel capsizing incidents over 23 years, show that 38% occurred at wave heights at or below 3 m, including incidents at Hs as low as 1.0 m. They derive a length-dependent departure restriction formula from the Wolfson Unit critical wave height framework — Hs_KIMO = √(1 + 0.4 × (0.88 × LOA)) − 1 — producing thresholds from 1.13 m at 10 m LOA to 2.07 m at 24 m LOA, and propose a graduated management scheme restricting vessels ≤ 10 m at Hs ≥ 1.0 m. Their central finding is that 82% of capsizing accidents between 2017 and 2022 occurred on days with no active weather warning, establishing that vessel-independent institutional thresholds systematically fail to capture small-vessel risk. This grounds the medium row and corroborates the small row.","Numeric extraction only; may be citation, date, identifier, illustration or result; semantic inventory incomplete."
publications/active/journal-1/submissions/v1-initial-submission/manuscript.md,5.3.2 Per-Component Classification Functions,202,not yet mapped: numeric token,23,PENDING — SC-3 stopped traceability review,ambiguous,AMBIGUOUS,"*Tier 2 — Empirical Risk.* Jeong & Im (2023), analysing 66 Korean small fishing vessel capsizing incidents over 23 years, show that 38% occurred at wave heights at or below 3 m, including incidents at Hs as low as 1.0 m. They derive a length-dependent departure restriction formula from the Wolfson Unit critical wave height framework — Hs_KIMO = √(1 + 0.4 × (0.88 × LOA)) − 1 — producing thresholds from 1.13 m at 10 m LOA to 2.07 m at 24 m LOA, and propose a graduated management scheme restricting vessels ≤ 10 m at Hs ≥ 1.0 m. Their central finding is that 82% of capsizing accidents between 2017 and 2022 occurred on days with no active weather warning, establishing that vessel-independent institutional thresholds systematically fail to capture small-vessel risk. This grounds the medium row and corroborates the small row.","Numeric extraction only; may be citation, date, identifier, illustration or result; semantic inventory incomplete."
publications/active/journal-1/submissions/v1-initial-submission/manuscript.md,5.3.2 Per-Component Classification Functions,202,not yet mapped: numeric token,38%,PENDING — SC-3 stopped traceability review,ambiguous,AMBIGUOUS,"*Tier 2 — Empirical Risk.* Jeong & Im (2023), analysing 66 Korean small fishing vessel capsizing incidents over 23 years, show that 38% occurred at wave heights at or below 3 m, including incidents at Hs as low as 1.0 m. They derive a length-dependent departure restriction formula from the Wolfson Unit critical wave height framework — Hs_KIMO = √(1 + 0.4 × (0.88 × LOA)) − 1 — producing thresholds from 1.13 m at 10 m LOA to 2.07 m at 24 m LOA, and propose a graduated management scheme restricting vessels ≤ 10 m at Hs ≥ 1.0 m. Their central finding is that 82% of capsizing accidents between 2017 and 2022 occurred on days with no active weather warning, establishing that vessel-independent institutional thresholds systematically fail to capture small-vessel risk. This grounds the medium row and corroborates the small row.","Numeric extraction only; may be citation, date, identifier, illustration or result; semantic inventory incomplete."
publications/active/journal-1/submissions/v1-initial-submission/manuscript.md,5.3.2 Per-Component Classification Functions,202,not yet mapped: numeric token,3,PENDING — SC-3 stopped traceability review,ambiguous,AMBIGUOUS,"*Tier 2 — Empirical Risk.* Jeong & Im (2023), analysing 66 Korean small fishing vessel capsizing incidents over 23 years, show that 38% occurred at wave heights at or below 3 m, including incidents at Hs as low as 1.0 m. They derive a length-dependent departure restriction formula from the Wolfson Unit critical wave height framework — Hs_KIMO = √(1 + 0.4 × (0.88 × LOA)) − 1 — producing thresholds from 1.13 m at 10 m LOA to 2.07 m at 24 m LOA, and propose a graduated management scheme restricting vessels ≤ 10 m at Hs ≥ 1.0 m. Their central finding is that 82% of capsizing accidents between 2017 and 2022 occurred on days with no active weather warning, establishing that vessel-independent institutional thresholds systematically fail to capture small-vessel risk. This grounds the medium row and corroborates the small row.","Numeric extraction only; may be citation, date, identifier, illustration or result; semantic inventory incomplete."
publications/active/journal-1/submissions/v1-initial-submission/manuscript.md,5.3.2 Per-Component Classification Functions,202,not yet mapped: numeric token,1.0,PENDING — SC-3 stopped traceability review,ambiguous,AMBIGUOUS,"*Tier 2 — Empirical Risk.* Jeong & Im (2023), analysing 66 Korean small fishing vessel capsizing incidents over 23 years, show that 38% occurred at wave heights at or below 3 m, including incidents at Hs as low as 1.0 m. They derive a length-dependent departure restriction formula from the Wolfson Unit critical wave height framework — Hs_KIMO = √(1 + 0.4 × (0.88 × LOA)) − 1 — producing thresholds from 1.13 m at 10 m LOA to 2.07 m at 24 m LOA, and propose a graduated management scheme restricting vessels ≤ 10 m at Hs ≥ 1.0 m. Their central finding is that 82% of capsizing accidents between 2017 and 2022 occurred on days with no active weather warning, establishing that vessel-independent institutional thresholds systematically fail to capture small-vessel risk. This grounds the medium row and corroborates the small row.","Numeric extraction only; may be citation, date, identifier, illustration or result; semantic inventory incomplete."
publications/active/journal-1/submissions/v1-initial-submission/manuscript.md,5.3.2 Per-Component Classification Functions,202,not yet mapped: numeric token,1,PENDING — SC-3 stopped traceability review,ambiguous,AMBIGUOUS,"*Tier 2 — Empirical Risk.* Jeong & Im (2023), analysing 66 Korean small fishing vessel capsizing incidents over 23 years, show that 38% occurred at wave heights at or below 3 m, including incidents at Hs as low as 1.0 m. They derive a length-dependent departure restriction formula from the Wolfson Unit critical wave height framework — Hs_KIMO = √(1 + 0.4 × (0.88 × LOA)) − 1 — producing thresholds from 1.13 m at 10 m LOA to 2.07 m at 24 m LOA, and propose a graduated management scheme restricting vessels ≤ 10 m at Hs ≥ 1.0 m. Their central finding is that 82% of capsizing accidents between 2017 and 2022 occurred on days with no active weather warning, establishing that vessel-independent institutional thresholds systematically fail to capture small-vessel risk. This grounds the medium row and corroborates the small row.","Numeric extraction only; may be citation, date, identifier, illustration or result; semantic inventory incomplete."
publications/active/journal-1/submissions/v1-initial-submission/manuscript.md,5.3.2 Per-Component Classification Functions,202,not yet mapped: numeric token,0.4,PENDING — SC-3 stopped traceability review,ambiguous,AMBIGUOUS,"*Tier 2 — Empirical Risk.* Jeong & Im (2023), analysing 66 Korean small fishing vessel capsizing incidents over 23 years, show that 38% occurred at wave heights at or below 3 m, including incidents at Hs as low as 1.0 m. They derive a length-dependent departure restriction formula from the Wolfson Unit critical wave height framework — Hs_KIMO = √(1 + 0.4 × (0.88 × LOA)) − 1 — producing thresholds from 1.13 m at 10 m LOA to 2.07 m at 24 m LOA, and propose a graduated management scheme restricting vessels ≤ 10 m at Hs ≥ 1.0 m. Their central finding is that 82% of capsizing accidents between 2017 and 2022 occurred on days with no active weather warning, establishing that vessel-independent institutional thresholds systematically fail to capture small-vessel risk. This grounds the medium row and corroborates the small row.","Numeric extraction only; may be citation, date, identifier, illustration or result; semantic inventory incomplete."
publications/active/journal-1/submissions/v1-initial-submission/manuscript.md,5.3.2 Per-Component Classification Functions,202,not yet mapped: numeric token,0.88,PENDING — SC-3 stopped traceability review,ambiguous,AMBIGUOUS,"*Tier 2 — Empirical Risk.* Jeong & Im (2023), analysing 66 Korean small fishing vessel capsizing incidents over 23 years, show that 38% occurred at wave heights at or below 3 m, including incidents at Hs as low as 1.0 m. They derive a length-dependent departure restriction formula from the Wolfson Unit critical wave height framework — Hs_KIMO = √(1 + 0.4 × (0.88 × LOA)) − 1 — producing thresholds from 1.13 m at 10 m LOA to 2.07 m at 24 m LOA, and propose a graduated management scheme restricting vessels ≤ 10 m at Hs ≥ 1.0 m. Their central finding is that 82% of capsizing accidents between 2017 and 2022 occurred on days with no active weather warning, establishing that vessel-independent institutional thresholds systematically fail to capture small-vessel risk. This grounds the medium row and corroborates the small row.","Numeric extraction only; may be citation, date, identifier, illustration or result; semantic inventory incomplete."
publications/active/journal-1/submissions/v1-initial-submission/manuscript.md,5.3.2 Per-Component Classification Functions,202,not yet mapped: numeric token,1,PENDING — SC-3 stopped traceability review,ambiguous,AMBIGUOUS,"*Tier 2 — Empirical Risk.* Jeong & Im (2023), analysing 66 Korean small fishing vessel capsizing incidents over 23 years, show that 38% occurred at wave heights at or below 3 m, including incidents at Hs as low as 1.0 m. They derive a length-dependent departure restriction formula from the Wolfson Unit critical wave height framework — Hs_KIMO = √(1 + 0.4 × (0.88 × LOA)) − 1 — producing thresholds from 1.13 m at 10 m LOA to 2.07 m at 24 m LOA, and propose a graduated management scheme restricting vessels ≤ 10 m at Hs ≥ 1.0 m. Their central finding is that 82% of capsizing accidents between 2017 and 2022 occurred on days with no active weather warning, establishing that vessel-independent institutional thresholds systematically fail to capture small-vessel risk. This grounds the medium row and corroborates the small row.","Numeric extraction only; may be citation, date, identifier, illustration or result; semantic inventory incomplete."
publications/active/journal-1/submissions/v1-initial-submission/manuscript.md,5.3.2 Per-Component Classification Functions,202,not yet mapped: numeric token,1.13,PENDING — SC-3 stopped traceability review,ambiguous,AMBIGUOUS,"*Tier 2 — Empirical Risk.* Jeong & Im (2023), analysing 66 Korean small fishing vessel capsizing incidents over 23 years, show that 38% occurred at wave heights at or below 3 m, including incidents at Hs as low as 1.0 m. They derive a length-dependent departure restriction formula from the Wolfson Unit critical wave height framework — Hs_KIMO = √(1 + 0.4 × (0.88 × LOA)) − 1 — producing thresholds from 1.13 m at 10 m LOA to 2.07 m at 24 m LOA, and propose a graduated management scheme restricting vessels ≤ 10 m at Hs ≥ 1.0 m. Their central finding is that 82% of capsizing accidents between 2017 and 2022 occurred on days with no active weather warning, establishing that vessel-independent institutional thresholds systematically fail to capture small-vessel risk. This grounds the medium row and corroborates the small row.","Numeric extraction only; may be citation, date, identifier, illustration or result; semantic inventory incomplete."
publications/active/journal-1/submissions/v1-initial-submission/manuscript.md,5.3.2 Per-Component Classification Functions,202,not yet mapped: numeric token,10,PENDING — SC-3 stopped traceability review,ambiguous,AMBIGUOUS,"*Tier 2 — Empirical Risk.* Jeong & Im (2023), analysing 66 Korean small fishing vessel capsizing incidents over 23 years, show that 38% occurred at wave heights at or below 3 m, including incidents at Hs as low as 1.0 m. They derive a length-dependent departure restriction formula from the Wolfson Unit critical wave height framework — Hs_KIMO = √(1 + 0.4 × (0.88 × LOA)) − 1 — producing thresholds from 1.13 m at 10 m LOA to 2.07 m at 24 m LOA, and propose a graduated management scheme restricting vessels ≤ 10 m at Hs ≥ 1.0 m. Their central finding is that 82% of capsizing accidents between 2017 and 2022 occurred on days with no active weather warning, establishing that vessel-independent institutional thresholds systematically fail to capture small-vessel risk. This grounds the medium row and corroborates the small row.","Numeric extraction only; may be citation, date, identifier, illustration or result; semantic inventory incomplete."
publications/active/journal-1/submissions/v1-initial-submission/manuscript.md,5.3.2 Per-Component Classification Functions,202,not yet mapped: numeric token,2.07,PENDING — SC-3 stopped traceability review,ambiguous,AMBIGUOUS,"*Tier 2 — Empirical Risk.* Jeong & Im (2023), analysing 66 Korean small fishing vessel capsizing incidents over 23 years, show that 38% occurred at wave heights at or below 3 m, including incidents at Hs as low as 1.0 m. They derive a length-dependent departure restriction formula from the Wolfson Unit critical wave height framework — Hs_KIMO = √(1 + 0.4 × (0.88 × LOA)) − 1 — producing thresholds from 1.13 m at 10 m LOA to 2.07 m at 24 m LOA, and propose a graduated management scheme restricting vessels ≤ 10 m at Hs ≥ 1.0 m. Their central finding is that 82% of capsizing accidents between 2017 and 2022 occurred on days with no active weather warning, establishing that vessel-independent institutional thresholds systematically fail to capture small-vessel risk. This grounds the medium row and corroborates the small row.","Numeric extraction only; may be citation, date, identifier, illustration or result; semantic inventory incomplete."
publications/active/journal-1/submissions/v1-initial-submission/manuscript.md,5.3.2 Per-Component Classification Functions,202,not yet mapped: numeric token,24,PENDING — SC-3 stopped traceability review,ambiguous,AMBIGUOUS,"*Tier 2 — Empirical Risk.* Jeong & Im (2023), analysing 66 Korean small fishing vessel capsizing incidents over 23 years, show that 38% occurred at wave heights at or below 3 m, including incidents at Hs as low as 1.0 m. They derive a length-dependent departure restriction formula from the Wolfson Unit critical wave height framework — Hs_KIMO = √(1 + 0.4 × (0.88 × LOA)) − 1 — producing thresholds from 1.13 m at 10 m LOA to 2.07 m at 24 m LOA, and propose a graduated management scheme restricting vessels ≤ 10 m at Hs ≥ 1.0 m. Their central finding is that 82% of capsizing accidents between 2017 and 2022 occurred on days with no active weather warning, establishing that vessel-independent institutional thresholds systematically fail to capture small-vessel risk. This grounds the medium row and corroborates the small row.","Numeric extraction only; may be citation, date, identifier, illustration or result; semantic inventory incomplete."
publications/active/journal-1/submissions/v1-initial-submission/manuscript.md,5.3.2 Per-Component Classification Functions,202,not yet mapped: numeric token,10,PENDING — SC-3 stopped traceability review,ambiguous,AMBIGUOUS,"*Tier 2 — Empirical Risk.* Jeong & Im (2023), analysing 66 Korean small fishing vessel capsizing incidents over 23 years, show that 38% occurred at wave heights at or below 3 m, including incidents at Hs as low as 1.0 m. They derive a length-dependent departure restriction formula from the Wolfson Unit critical wave height framework — Hs_KIMO = √(1 + 0.4 × (0.88 × LOA)) − 1 — producing thresholds from 1.13 m at 10 m LOA to 2.07 m at 24 m LOA, and propose a graduated management scheme restricting vessels ≤ 10 m at Hs ≥ 1.0 m. Their central finding is that 82% of capsizing accidents between 2017 and 2022 occurred on days with no active weather warning, establishing that vessel-independent institutional thresholds systematically fail to capture small-vessel risk. This grounds the medium row and corroborates the small row.","Numeric extraction only; may be citation, date, identifier, illustration or result; semantic inventory incomplete."
publications/active/journal-1/submissions/v1-initial-submission/manuscript.md,5.3.2 Per-Component Classification Functions,202,not yet mapped: numeric token,1.0,PENDING — SC-3 stopped traceability review,ambiguous,AMBIGUOUS,"*Tier 2 — Empirical Risk.* Jeong & Im (2023), analysing 66 Korean small fishing vessel capsizing incidents over 23 years, show that 38% occurred at wave heights at or below 3 m, including incidents at Hs as low as 1.0 m. They derive a length-dependent departure restriction formula from the Wolfson Unit critical wave height framework — Hs_KIMO = √(1 + 0.4 × (0.88 × LOA)) − 1 — producing thresholds from 1.13 m at 10 m LOA to 2.07 m at 24 m LOA, and propose a graduated management scheme restricting vessels ≤ 10 m at Hs ≥ 1.0 m. Their central finding is that 82% of capsizing accidents between 2017 and 2022 occurred on days with no active weather warning, establishing that vessel-independent institutional thresholds systematically fail to capture small-vessel risk. This grounds the medium row and corroborates the small row.","Numeric extraction only; may be citation, date, identifier, illustration or result; semantic inventory incomplete."
publications/active/journal-1/submissions/v1-initial-submission/manuscript.md,5.3.2 Per-Component Classification Functions,202,not yet mapped: numeric token,82%,PENDING — SC-3 stopped traceability review,ambiguous,AMBIGUOUS,"*Tier 2 — Empirical Risk.* Jeong & Im (2023), analysing 66 Korean small fishing vessel capsizing incidents over 23 years, show that 38% occurred at wave heights at or below 3 m, including incidents at Hs as low as 1.0 m. They derive a length-dependent departure restriction formula from the Wolfson Unit critical wave height framework — Hs_KIMO = √(1 + 0.4 × (0.88 × LOA)) − 1 — producing thresholds from 1.13 m at 10 m LOA to 2.07 m at 24 m LOA, and propose a graduated management scheme restricting vessels ≤ 10 m at Hs ≥ 1.0 m. Their central finding is that 82% of capsizing accidents between 2017 and 2022 occurred on days with no active weather warning, establishing that vessel-independent institutional thresholds systematically fail to capture small-vessel risk. This grounds the medium row and corroborates the small row.","Numeric extraction only; may be citation, date, identifier, illustration or result; semantic inventory incomplete."
publications/active/journal-1/submissions/v1-initial-submission/manuscript.md,5.3.2 Per-Component Classification Functions,202,not yet mapped: numeric token,2017,PENDING — SC-3 stopped traceability review,ambiguous,AMBIGUOUS,"*Tier 2 — Empirical Risk.* Jeong & Im (2023), analysing 66 Korean small fishing vessel capsizing incidents over 23 years, show that 38% occurred at wave heights at or below 3 m, including incidents at Hs as low as 1.0 m. They derive a length-dependent departure restriction formula from the Wolfson Unit critical wave height framework — Hs_KIMO = √(1 + 0.4 × (0.88 × LOA)) − 1 — producing thresholds from 1.13 m at 10 m LOA to 2.07 m at 24 m LOA, and propose a graduated management scheme restricting vessels ≤ 10 m at Hs ≥ 1.0 m. Their central finding is that 82% of capsizing accidents between 2017 and 2022 occurred on days with no active weather warning, establishing that vessel-independent institutional thresholds systematically fail to capture small-vessel risk. This grounds the medium row and corroborates the small row.","Numeric extraction only; may be citation, date, identifier, illustration or result; semantic inventory incomplete."
publications/active/journal-1/submissions/v1-initial-submission/manuscript.md,5.3.2 Per-Component Classification Functions,202,not yet mapped: numeric token,2022,PENDING — SC-3 stopped traceability review,ambiguous,AMBIGUOUS,"*Tier 2 — Empirical Risk.* Jeong & Im (2023), analysing 66 Korean small fishing vessel capsizing incidents over 23 years, show that 38% occurred at wave heights at or below 3 m, including incidents at Hs as low as 1.0 m. They derive a length-dependent departure restriction formula from the Wolfson Unit critical wave height framework — Hs_KIMO = √(1 + 0.4 × (0.88 × LOA)) − 1 — producing thresholds from 1.13 m at 10 m LOA to 2.07 m at 24 m LOA, and propose a graduated management scheme restricting vessels ≤ 10 m at Hs ≥ 1.0 m. Their central finding is that 82% of capsizing accidents between 2017 and 2022 occurred on days with no active weather warning, establishing that vessel-independent institutional thresholds systematically fail to capture small-vessel risk. This grounds the medium row and corroborates the small row.","Numeric extraction only; may be citation, date, identifier, illustration or result; semantic inventory incomplete."
publications/active/journal-1/submissions/v1-initial-submission/manuscript.md,5.3.2 Per-Component Classification Functions,204,not yet mapped: numeric token,3,PENDING — SC-3 stopped traceability review,ambiguous,AMBIGUOUS,"*Tier 3 — State Policy.* MET Malaysia's Category 1 maximum wave height of 3.5 m anchors the big-vessel CAUTION/UNSAFE boundary, and Hs_KIMO independently returns 1.58 m at 16 m LOA — bracketing the 1.5 m SAFE/CAUTION boundary for that row.","Numeric extraction only; may be citation, date, identifier, illustration or result; semantic inventory incomplete."
publications/active/journal-1/submissions/v1-initial-submission/manuscript.md,5.3.2 Per-Component Classification Functions,204,not yet mapped: numeric token,1,PENDING — SC-3 stopped traceability review,ambiguous,AMBIGUOUS,"*Tier 3 — State Policy.* MET Malaysia's Category 1 maximum wave height of 3.5 m anchors the big-vessel CAUTION/UNSAFE boundary, and Hs_KIMO independently returns 1.58 m at 16 m LOA — bracketing the 1.5 m SAFE/CAUTION boundary for that row.","Numeric extraction only; may be citation, date, identifier, illustration or result; semantic inventory incomplete."
publications/active/journal-1/submissions/v1-initial-submission/manuscript.md,5.3.2 Per-Component Classification Functions,204,not yet mapped: numeric token,3.5,PENDING — SC-3 stopped traceability review,ambiguous,AMBIGUOUS,"*Tier 3 — State Policy.* MET Malaysia's Category 1 maximum wave height of 3.5 m anchors the big-vessel CAUTION/UNSAFE boundary, and Hs_KIMO independently returns 1.58 m at 16 m LOA — bracketing the 1.5 m SAFE/CAUTION boundary for that row.","Numeric extraction only; may be citation, date, identifier, illustration or result; semantic inventory incomplete."
publications/active/journal-1/submissions/v1-initial-submission/manuscript.md,5.3.2 Per-Component Classification Functions,204,not yet mapped: numeric token,1.58,PENDING — SC-3 stopped traceability review,ambiguous,AMBIGUOUS,"*Tier 3 — State Policy.* MET Malaysia's Category 1 maximum wave height of 3.5 m anchors the big-vessel CAUTION/UNSAFE boundary, and Hs_KIMO independently returns 1.58 m at 16 m LOA — bracketing the 1.5 m SAFE/CAUTION boundary for that row.","Numeric extraction only; may be citation, date, identifier, illustration or result; semantic inventory incomplete."
publications/active/journal-1/submissions/v1-initial-submission/manuscript.md,5.3.2 Per-Component Classification Functions,204,not yet mapped: numeric token,16,PENDING — SC-3 stopped traceability review,ambiguous,AMBIGUOUS,"*Tier 3 — State Policy.* MET Malaysia's Category 1 maximum wave height of 3.5 m anchors the big-vessel CAUTION/UNSAFE boundary, and Hs_KIMO independently returns 1.58 m at 16 m LOA — bracketing the 1.5 m SAFE/CAUTION boundary for that row.","Numeric extraction only; may be citation, date, identifier, illustration or result; semantic inventory incomplete."
publications/active/journal-1/submissions/v1-initial-submission/manuscript.md,5.3.2 Per-Component Classification Functions,204,not yet mapped: numeric token,1.5,PENDING — SC-3 stopped traceability review,ambiguous,AMBIGUOUS,"*Tier 3 — State Policy.* MET Malaysia's Category 1 maximum wave height of 3.5 m anchors the big-vessel CAUTION/UNSAFE boundary, and Hs_KIMO independently returns 1.58 m at 16 m LOA — bracketing the 1.5 m SAFE/CAUTION boundary for that row.","Numeric extraction only; may be citation, date, identifier, illustration or result; semantic inventory incomplete."
publications/active/journal-1/submissions/v1-initial-submission/manuscript.md,5.3.2 Per-Component Classification Functions,206,not yet mapped: numeric token,1.5,PENDING — SC-3 stopped traceability review,ambiguous,AMBIGUOUS,"The three tiers converge on a single conclusion: the wave height at which conditions become dangerous is a function of the vessel, not a constant. A 1.5 m threshold corresponds under Hs_KIMO to a vessel of roughly 15 m LOA; the deployment population operates vessels of 5–7 m. Applying a single institutional threshold across all vessel classes would classify a 6 m traditional hull as merely marginal in conditions well beyond its documented operability envelope.","Numeric extraction only; may be citation, date, identifier, illustration or result; semantic inventory incomplete."
publications/active/journal-1/submissions/v1-initial-submission/manuscript.md,5.3.2 Per-Component Classification Functions,206,not yet mapped: numeric token,15,PENDING — SC-3 stopped traceability review,ambiguous,AMBIGUOUS,"The three tiers converge on a single conclusion: the wave height at which conditions become dangerous is a function of the vessel, not a constant. A 1.5 m threshold corresponds under Hs_KIMO to a vessel of roughly 15 m LOA; the deployment population operates vessels of 5–7 m. Applying a single institutional threshold across all vessel classes would classify a 6 m traditional hull as merely marginal in conditions well beyond its documented operability envelope.","Numeric extraction only; may be citation, date, identifier, illustration or result; semantic inventory incomplete."
publications/active/journal-1/submissions/v1-initial-submission/manuscript.md,5.3.2 Per-Component Classification Functions,206,not yet mapped: numeric token,5,PENDING — SC-3 stopped traceability review,ambiguous,AMBIGUOUS,"The three tiers converge on a single conclusion: the wave height at which conditions become dangerous is a function of the vessel, not a constant. A 1.5 m threshold corresponds under Hs_KIMO to a vessel of roughly 15 m LOA; the deployment population operates vessels of 5–7 m. Applying a single institutional threshold across all vessel classes would classify a 6 m traditional hull as merely marginal in conditions well beyond its documented operability envelope.","Numeric extraction only; may be citation, date, identifier, illustration or result; semantic inventory incomplete."
publications/active/journal-1/submissions/v1-initial-submission/manuscript.md,5.3.2 Per-Component Classification Functions,206,not yet mapped: numeric token,7,PENDING — SC-3 stopped traceability review,ambiguous,AMBIGUOUS,"The three tiers converge on a single conclusion: the wave height at which conditions become dangerous is a function of the vessel, not a constant. A 1.5 m threshold corresponds under Hs_KIMO to a vessel of roughly 15 m LOA; the deployment population operates vessels of 5–7 m. Applying a single institutional threshold across all vessel classes would classify a 6 m traditional hull as merely marginal in conditions well beyond its documented operability envelope.","Numeric extraction only; may be citation, date, identifier, illustration or result; semantic inventory incomplete."
publications/active/journal-1/submissions/v1-initial-submission/manuscript.md,5.3.2 Per-Component Classification Functions,206,not yet mapped: numeric token,6,PENDING — SC-3 stopped traceability review,ambiguous,AMBIGUOUS,"The three tiers converge on a single conclusion: the wave height at which conditions become dangerous is a function of the vessel, not a constant. A 1.5 m threshold corresponds under Hs_KIMO to a vessel of roughly 15 m LOA; the deployment population operates vessels of 5–7 m. Applying a single institutional threshold across all vessel classes would classify a 6 m traditional hull as merely marginal in conditions well beyond its documented operability envelope.","Numeric extraction only; may be citation, date, identifier, illustration or result; semantic inventory incomplete."
publications/active/journal-1/submissions/v1-initial-submission/manuscript.md,5.3.2 Per-Component Classification Functions,210,not yet mapped: numeric token,5,PENDING — SC-3 stopped traceability review,ambiguous,AMBIGUOUS,"Under worst-case aggregation, a term whose value is constant for a given operator establishes a floor on the output but cannot shift a boundary. If g_v(small) = CAUTION unconditionally, then f(E) ≥ CAUTION for every small vessel — but the CAUTION/UNSAFE boundary is determined entirely by the remaining terms, none of which is vessel-aware. A 5 m traditional hull and a 20 m vessel would therefore be classified UNSAFE at precisely the same wave height (3.5 m) and the same wind speed (27 kn). This contradicts Tier 1: Yaakob et al. (2015) report the 6.54 m hull exceeding NORDFORSK operability limits at Hs ≈ 1.875 m, roughly half the wave height at which such a formulation would first classify it UNSAFE. Across the 1.5–3.5 m band — precisely the range in which the CAUTION mode is intended to operate — the formulation would under-classify risk for the vessels the architecture is designed to serve.","Numeric extraction only; may be citation, date, identifier, illustration or result; semantic inventory incomplete."
publications/active/journal-1/submissions/v1-initial-submission/manuscript.md,5.3.2 Per-Component Classification Functions,210,not yet mapped: numeric token,20,PENDING — SC-3 stopped traceability review,ambiguous,AMBIGUOUS,"Under worst-case aggregation, a term whose value is constant for a given operator establishes a floor on the output but cannot shift a boundary. If g_v(small) = CAUTION unconditionally, then f(E) ≥ CAUTION for every small vessel — but the CAUTION/UNSAFE boundary is determined entirely by the remaining terms, none of which is vessel-aware. A 5 m traditional hull and a 20 m vessel would therefore be classified UNSAFE at precisely the same wave height (3.5 m) and the same wind speed (27 kn). This contradicts Tier 1: Yaakob et al. (2015) report the 6.54 m hull exceeding NORDFORSK operability limits at Hs ≈ 1.875 m, roughly half the wave height at which such a formulation would first classify it UNSAFE. Across the 1.5–3.5 m band — precisely the range in which the CAUTION mode is intended to operate — the formulation would under-classify risk for the vessels the architecture is designed to serve.","Numeric extraction only; may be citation, date, identifier, illustration or result; semantic inventory incomplete."
publications/active/journal-1/submissions/v1-initial-submission/manuscript.md,5.3.2 Per-Component Classification Functions,210,not yet mapped: numeric token,3.5,PENDING — SC-3 stopped traceability review,ambiguous,AMBIGUOUS,"Under worst-case aggregation, a term whose value is constant for a given operator establishes a floor on the output but cannot shift a boundary. If g_v(small) = CAUTION unconditionally, then f(E) ≥ CAUTION for every small vessel — but the CAUTION/UNSAFE boundary is determined entirely by the remaining terms, none of which is vessel-aware. A 5 m traditional hull and a 20 m vessel would therefore be classified UNSAFE at precisely the same wave height (3.5 m) and the same wind speed (27 kn). This contradicts Tier 1: Yaakob et al. (2015) report the 6.54 m hull exceeding NORDFORSK operability limits at Hs ≈ 1.875 m, roughly half the wave height at which such a formulation would first classify it UNSAFE. Across the 1.5–3.5 m band — precisely the range in which the CAUTION mode is intended to operate — the formulation would under-classify risk for the vessels the architecture is designed to serve.","Numeric extraction only; may be citation, date, identifier, illustration or result; semantic inventory incomplete."
publications/active/journal-1/submissions/v1-initial-submission/manuscript.md,5.3.2 Per-Component Classification Functions,210,not yet mapped: numeric token,27,PENDING — SC-3 stopped traceability review,ambiguous,AMBIGUOUS,"Under worst-case aggregation, a term whose value is constant for a given operator establishes a floor on the output but cannot shift a boundary. If g_v(small) = CAUTION unconditionally, then f(E) ≥ CAUTION for every small vessel — but the CAUTION/UNSAFE boundary is determined entirely by the remaining terms, none of which is vessel-aware. A 5 m traditional hull and a 20 m vessel would therefore be classified UNSAFE at precisely the same wave height (3.5 m) and the same wind speed (27 kn). This contradicts Tier 1: Yaakob et al. (2015) report the 6.54 m hull exceeding NORDFORSK operability limits at Hs ≈ 1.875 m, roughly half the wave height at which such a formulation would first classify it UNSAFE. Across the 1.5–3.5 m band — precisely the range in which the CAUTION mode is intended to operate — the formulation would under-classify risk for the vessels the architecture is designed to serve.","Numeric extraction only; may be citation, date, identifier, illustration or result; semantic inventory incomplete."
publications/active/journal-1/submissions/v1-initial-submission/manuscript.md,5.3.2 Per-Component Classification Functions,210,not yet mapped: numeric token,1,PENDING — SC-3 stopped traceability review,ambiguous,AMBIGUOUS,"Under worst-case aggregation, a term whose value is constant for a given operator establishes a floor on the output but cannot shift a boundary. If g_v(small) = CAUTION unconditionally, then f(E) ≥ CAUTION for every small vessel — but the CAUTION/UNSAFE boundary is determined entirely by the remaining terms, none of which is vessel-aware. A 5 m traditional hull and a 20 m vessel would therefore be classified UNSAFE at precisely the same wave height (3.5 m) and the same wind speed (27 kn). This contradicts Tier 1: Yaakob et al. (2015) report the 6.54 m hull exceeding NORDFORSK operability limits at Hs ≈ 1.875 m, roughly half the wave height at which such a formulation would first classify it UNSAFE. Across the 1.5–3.5 m band — precisely the range in which the CAUTION mode is intended to operate — the formulation would under-classify risk for the vessels the architecture is designed to serve.","Numeric extraction only; may be citation, date, identifier, illustration or result; semantic inventory incomplete."
publications/active/journal-1/submissions/v1-initial-submission/manuscript.md,5.3.2 Per-Component Classification Functions,210,not yet mapped: numeric token,2015,PENDING — SC-3 stopped traceability review,ambiguous,AMBIGUOUS,"Under worst-case aggregation, a term whose value is constant for a given operator establishes a floor on the output but cannot shift a boundary. If g_v(small) = CAUTION unconditionally, then f(E) ≥ CAUTION for every small vessel — but the CAUTION/UNSAFE boundary is determined entirely by the remaining terms, none of which is vessel-aware. A 5 m traditional hull and a 20 m vessel would therefore be classified UNSAFE at precisely the same wave height (3.5 m) and the same wind speed (27 kn). This contradicts Tier 1: Yaakob et al. (2015) report the 6.54 m hull exceeding NORDFORSK operability limits at Hs ≈ 1.875 m, roughly half the wave height at which such a formulation would first classify it UNSAFE. Across the 1.5–3.5 m band — precisely the range in which the CAUTION mode is intended to operate — the formulation would under-classify risk for the vessels the architecture is designed to serve.","Numeric extraction only; may be citation, date, identifier, illustration or result; semantic inventory incomplete."
publications/active/journal-1/submissions/v1-initial-submission/manuscript.md,5.3.2 Per-Component Classification Functions,210,not yet mapped: numeric token,6.54,PENDING — SC-3 stopped traceability review,ambiguous,AMBIGUOUS,"Under worst-case aggregation, a term whose value is constant for a given operator establishes a floor on the output but cannot shift a boundary. If g_v(small) = CAUTION unconditionally, then f(E) ≥ CAUTION for every small vessel — but the CAUTION/UNSAFE boundary is determined entirely by the remaining terms, none of which is vessel-aware. A 5 m traditional hull and a 20 m vessel would therefore be classified UNSAFE at precisely the same wave height (3.5 m) and the same wind speed (27 kn). This contradicts Tier 1: Yaakob et al. (2015) report the 6.54 m hull exceeding NORDFORSK operability limits at Hs ≈ 1.875 m, roughly half the wave height at which such a formulation would first classify it UNSAFE. Across the 1.5–3.5 m band — precisely the range in which the CAUTION mode is intended to operate — the formulation would under-classify risk for the vessels the architecture is designed to serve.","Numeric extraction only; may be citation, date, identifier, illustration or result; semantic inventory incomplete."
publications/active/journal-1/submissions/v1-initial-submission/manuscript.md,5.3.2 Per-Component Classification Functions,210,not yet mapped: numeric token,1.875,PENDING — SC-3 stopped traceability review,ambiguous,AMBIGUOUS,"Under worst-case aggregation, a term whose value is constant for a given operator establishes a floor on the output but cannot shift a boundary. If g_v(small) = CAUTION unconditionally, then f(E) ≥ CAUTION for every small vessel — but the CAUTION/UNSAFE boundary is determined entirely by the remaining terms, none of which is vessel-aware. A 5 m traditional hull and a 20 m vessel would therefore be classified UNSAFE at precisely the same wave height (3.5 m) and the same wind speed (27 kn). This contradicts Tier 1: Yaakob et al. (2015) report the 6.54 m hull exceeding NORDFORSK operability limits at Hs ≈ 1.875 m, roughly half the wave height at which such a formulation would first classify it UNSAFE. Across the 1.5–3.5 m band — precisely the range in which the CAUTION mode is intended to operate — the formulation would under-classify risk for the vessels the architecture is designed to serve.","Numeric extraction only; may be citation, date, identifier, illustration or result; semantic inventory incomplete."
publications/active/journal-1/submissions/v1-initial-submission/manuscript.md,5.3.2 Per-Component Classification Functions,210,not yet mapped: numeric token,1.5,PENDING — SC-3 stopped traceability review,ambiguous,AMBIGUOUS,"Under worst-case aggregation, a term whose value is constant for a given operator establishes a floor on the output but cannot shift a boundary. If g_v(small) = CAUTION unconditionally, then f(E) ≥ CAUTION for every small vessel — but the CAUTION/UNSAFE boundary is determined entirely by the remaining terms, none of which is vessel-aware. A 5 m traditional hull and a 20 m vessel would therefore be classified UNSAFE at precisely the same wave height (3.5 m) and the same wind speed (27 kn). This contradicts Tier 1: Yaakob et al. (2015) report the 6.54 m hull exceeding NORDFORSK operability limits at Hs ≈ 1.875 m, roughly half the wave height at which such a formulation would first classify it UNSAFE. Across the 1.5–3.5 m band — precisely the range in which the CAUTION mode is intended to operate — the formulation would under-classify risk for the vessels the architecture is designed to serve.","Numeric extraction only; may be citation, date, identifier, illustration or result; semantic inventory incomplete."
publications/active/journal-1/submissions/v1-initial-submission/manuscript.md,5.3.2 Per-Component Classification Functions,210,not yet mapped: numeric token,3.5,PENDING — SC-3 stopped traceability review,ambiguous,AMBIGUOUS,"Under worst-case aggregation, a term whose value is constant for a given operator establishes a floor on the output but cannot shift a boundary. If g_v(small) = CAUTION unconditionally, then f(E) ≥ CAUTION for every small vessel — but the CAUTION/UNSAFE boundary is determined entirely by the remaining terms, none of which is vessel-aware. A 5 m traditional hull and a 20 m vessel would therefore be classified UNSAFE at precisely the same wave height (3.5 m) and the same wind speed (27 kn). This contradicts Tier 1: Yaakob et al. (2015) report the 6.54 m hull exceeding NORDFORSK operability limits at Hs ≈ 1.875 m, roughly half the wave height at which such a formulation would first classify it UNSAFE. Across the 1.5–3.5 m band — precisely the range in which the CAUTION mode is intended to operate — the formulation would under-classify risk for the vessels the architecture is designed to serve.","Numeric extraction only; may be citation, date, identifier, illustration or result; semantic inventory incomplete."
publications/active/journal-1/submissions/v1-initial-submission/manuscript.md,5.3.2 Per-Component Classification Functions,212,not yet mapped: numeric token,2023,PENDING — SC-3 stopped traceability review,ambiguous,AMBIGUOUS,"The objection that correlated parameters would compensate, high wave heights implying high winds or an active marine warning, is not supported by the accident record. Jeong & Im (2023) report that 82% of capsizing accidents in their 2017–2022 sample occurred on days with no weather warning in force. Distant-storm swell under locally calm wind, with no issued advisory, is the specific case a vessel-independent threshold set fails to capture.","Numeric extraction only; may be citation, date, identifier, illustration or result; semantic inventory incomplete."
publications/active/journal-1/submissions/v1-initial-submission/manuscript.md,5.3.2 Per-Component Classification Functions,212,not yet mapped: numeric token,82%,PENDING — SC-3 stopped traceability review,ambiguous,AMBIGUOUS,"The objection that correlated parameters would compensate, high wave heights implying high winds or an active marine warning, is not supported by the accident record. Jeong & Im (2023) report that 82% of capsizing accidents in their 2017–2022 sample occurred on days with no weather warning in force. Distant-storm swell under locally calm wind, with no issued advisory, is the specific case a vessel-independent threshold set fails to capture.","Numeric extraction only; may be citation, date, identifier, illustration or result; semantic inventory incomplete."
publications/active/journal-1/submissions/v1-initial-submission/manuscript.md,5.3.2 Per-Component Classification Functions,212,not yet mapped: numeric token,2017,PENDING — SC-3 stopped traceability review,ambiguous,AMBIGUOUS,"The objection that correlated parameters would compensate, high wave heights implying high winds or an active marine warning, is not supported by the accident record. Jeong & Im (2023) report that 82% of capsizing accidents in their 2017–2022 sample occurred on days with no weather warning in force. Distant-storm swell under locally calm wind, with no issued advisory, is the specific case a vessel-independent threshold set fails to capture.","Numeric extraction only; may be citation, date, identifier, illustration or result; semantic inventory incomplete."
publications/active/journal-1/submissions/v1-initial-submission/manuscript.md,5.3.2 Per-Component Classification Functions,212,not yet mapped: numeric token,2022,PENDING — SC-3 stopped traceability review,ambiguous,AMBIGUOUS,"The objection that correlated parameters would compensate, high wave heights implying high winds or an active marine warning, is not supported by the accident record. Jeong & Im (2023) report that 82% of capsizing accidents in their 2017–2022 sample occurred on days with no weather warning in force. Distant-storm swell under locally calm wind, with no issued advisory, is the specific case a vessel-independent threshold set fails to capture.","Numeric extraction only; may be citation, date, identifier, illustration or result; semantic inventory incomplete."
publications/active/journal-1/submissions/v1-initial-submission/manuscript.md,5.3.2 Per-Component Classification Functions,216,not yet mapped: numeric token,1.0,PENDING — SC-3 stopped traceability review,ambiguous,AMBIGUOUS,"Two consequences follow. First, a small vessel in genuinely benign conditions — Hs below 1.0 m, wind within limits, daylight, no warning — classifies SAFE and receives full advisory scope. Under the alternative formulation SAFE would be unreachable for any vessel below 25 GRT, and since the deployment population operates below 40 GRT (Yamin et al., 2025), the strict containment A_AI(SAFE) ⊃ A_AI(CAUTION) would never be exercised in the target domain. Second, the empirical sources previously invoked to justify a vessel term — the vessel-size fatality gradient across 504 IMO accident reports (Dominguez-Péry et al., 2023), the vessel capacity constraint documented by Rahim et al. (2024), and the population characterisations of Shaffril et al. (2017) and Yamin et al. (2025) — are retained. They justify setting the small-vessel thresholds conservatively: a smaller vessel warrants greater margin because the consequence of misclassification is more severe. That is an argument for tighter boundaries, not for a constant floor.","Numeric extraction only; may be citation, date, identifier, illustration or result; semantic inventory incomplete."
publications/active/journal-1/submissions/v1-initial-submission/manuscript.md,5.3.2 Per-Component Classification Functions,216,not yet mapped: numeric token,25,PENDING — SC-3 stopped traceability review,ambiguous,AMBIGUOUS,"Two consequences follow. First, a small vessel in genuinely benign conditions — Hs below 1.0 m, wind within limits, daylight, no warning — classifies SAFE and receives full advisory scope. Under the alternative formulation SAFE would be unreachable for any vessel below 25 GRT, and since the deployment population operates below 40 GRT (Yamin et al., 2025), the strict containment A_AI(SAFE) ⊃ A_AI(CAUTION) would never be exercised in the target domain. Second, the empirical sources previously invoked to justify a vessel term — the vessel-size fatality gradient across 504 IMO accident reports (Dominguez-Péry et al., 2023), the vessel capacity constraint documented by Rahim et al. (2024), and the population characterisations of Shaffril et al. (2017) and Yamin et al. (2025) — are retained. They justify setting the small-vessel thresholds conservatively: a smaller vessel warrants greater margin because the consequence of misclassification is more severe. That is an argument for tighter boundaries, not for a constant floor.","Numeric extraction only; may be citation, date, identifier, illustration or result; semantic inventory incomplete."
publications/active/journal-1/submissions/v1-initial-submission/manuscript.md,5.3.2 Per-Component Classification Functions,216,not yet mapped: numeric token,40,PENDING — SC-3 stopped traceability review,ambiguous,AMBIGUOUS,"Two consequences follow. First, a small vessel in genuinely benign conditions — Hs below 1.0 m, wind within limits, daylight, no warning — classifies SAFE and receives full advisory scope. Under the alternative formulation SAFE would be unreachable for any vessel below 25 GRT, and since the deployment population operates below 40 GRT (Yamin et al., 2025), the strict containment A_AI(SAFE) ⊃ A_AI(CAUTION) would never be exercised in the target domain. Second, the empirical sources previously invoked to justify a vessel term — the vessel-size fatality gradient across 504 IMO accident reports (Dominguez-Péry et al., 2023), the vessel capacity constraint documented by Rahim et al. (2024), and the population characterisations of Shaffril et al. (2017) and Yamin et al. (2025) — are retained. They justify setting the small-vessel thresholds conservatively: a smaller vessel warrants greater margin because the consequence of misclassification is more severe. That is an argument for tighter boundaries, not for a constant floor.","Numeric extraction only; may be citation, date, identifier, illustration or result; semantic inventory incomplete."
publications/active/journal-1/submissions/v1-initial-submission/manuscript.md,5.3.2 Per-Component Classification Functions,216,not yet mapped: numeric token,2025,PENDING — SC-3 stopped traceability review,ambiguous,AMBIGUOUS,"Two consequences follow. First, a small vessel in genuinely benign conditions — Hs below 1.0 m, wind within limits, daylight, no warning — classifies SAFE and receives full advisory scope. Under the alternative formulation SAFE would be unreachable for any vessel below 25 GRT, and since the deployment population operates below 40 GRT (Yamin et al., 2025), the strict containment A_AI(SAFE) ⊃ A_AI(CAUTION) would never be exercised in the target domain. Second, the empirical sources previously invoked to justify a vessel term — the vessel-size fatality gradient across 504 IMO accident reports (Dominguez-Péry et al., 2023), the vessel capacity constraint documented by Rahim et al. (2024), and the population characterisations of Shaffril et al. (2017) and Yamin et al. (2025) — are retained. They justify setting the small-vessel thresholds conservatively: a smaller vessel warrants greater margin because the consequence of misclassification is more severe. That is an argument for tighter boundaries, not for a constant floor.","Numeric extraction only; may be citation, date, identifier, illustration or result; semantic inventory incomplete."
publications/active/journal-1/submissions/v1-initial-submission/manuscript.md,5.3.2 Per-Component Classification Functions,216,not yet mapped: numeric token,504,PENDING — SC-3 stopped traceability review,ambiguous,AMBIGUOUS,"Two consequences follow. First, a small vessel in genuinely benign conditions — Hs below 1.0 m, wind within limits, daylight, no warning — classifies SAFE and receives full advisory scope. Under the alternative formulation SAFE would be unreachable for any vessel below 25 GRT, and since the deployment population operates below 40 GRT (Yamin et al., 2025), the strict containment A_AI(SAFE) ⊃ A_AI(CAUTION) would never be exercised in the target domain. Second, the empirical sources previously invoked to justify a vessel term — the vessel-size fatality gradient across 504 IMO accident reports (Dominguez-Péry et al., 2023), the vessel capacity constraint documented by Rahim et al. (2024), and the population characterisations of Shaffril et al. (2017) and Yamin et al. (2025) — are retained. They justify setting the small-vessel thresholds conservatively: a smaller vessel warrants greater margin because the consequence of misclassification is more severe. That is an argument for tighter boundaries, not for a constant floor.","Numeric extraction only; may be citation, date, identifier, illustration or result; semantic inventory incomplete."
publications/active/journal-1/submissions/v1-initial-submission/manuscript.md,5.3.2 Per-Component Classification Functions,216,not yet mapped: numeric token,2023,PENDING — SC-3 stopped traceability review,ambiguous,AMBIGUOUS,"Two consequences follow. First, a small vessel in genuinely benign conditions — Hs below 1.0 m, wind within limits, daylight, no warning — classifies SAFE and receives full advisory scope. Under the alternative formulation SAFE would be unreachable for any vessel below 25 GRT, and since the deployment population operates below 40 GRT (Yamin et al., 2025), the strict containment A_AI(SAFE) ⊃ A_AI(CAUTION) would never be exercised in the target domain. Second, the empirical sources previously invoked to justify a vessel term — the vessel-size fatality gradient across 504 IMO accident reports (Dominguez-Péry et al., 2023), the vessel capacity constraint documented by Rahim et al. (2024), and the population characterisations of Shaffril et al. (2017) and Yamin et al. (2025) — are retained. They justify setting the small-vessel thresholds conservatively: a smaller vessel warrants greater margin because the consequence of misclassification is more severe. That is an argument for tighter boundaries, not for a constant floor.","Numeric extraction only; may be citation, date, identifier, illustration or result; semantic inventory incomplete."
publications/active/journal-1/submissions/v1-initial-submission/manuscript.md,5.3.2 Per-Component Classification Functions,216,not yet mapped: numeric token,2024,PENDING — SC-3 stopped traceability review,ambiguous,AMBIGUOUS,"Two consequences follow. First, a small vessel in genuinely benign conditions — Hs below 1.0 m, wind within limits, daylight, no warning — classifies SAFE and receives full advisory scope. Under the alternative formulation SAFE would be unreachable for any vessel below 25 GRT, and since the deployment population operates below 40 GRT (Yamin et al., 2025), the strict containment A_AI(SAFE) ⊃ A_AI(CAUTION) would never be exercised in the target domain. Second, the empirical sources previously invoked to justify a vessel term — the vessel-size fatality gradient across 504 IMO accident reports (Dominguez-Péry et al., 2023), the vessel capacity constraint documented by Rahim et al. (2024), and the population characterisations of Shaffril et al. (2017) and Yamin et al. (2025) — are retained. They justify setting the small-vessel thresholds conservatively: a smaller vessel warrants greater margin because the consequence of misclassification is more severe. That is an argument for tighter boundaries, not for a constant floor.","Numeric extraction only; may be citation, date, identifier, illustration or result; semantic inventory incomplete."
publications/active/journal-1/submissions/v1-initial-submission/manuscript.md,5.3.2 Per-Component Classification Functions,216,not yet mapped: numeric token,2017,PENDING — SC-3 stopped traceability review,ambiguous,AMBIGUOUS,"Two consequences follow. First, a small vessel in genuinely benign conditions — Hs below 1.0 m, wind within limits, daylight, no warning — classifies SAFE and receives full advisory scope. Under the alternative formulation SAFE would be unreachable for any vessel below 25 GRT, and since the deployment population operates below 40 GRT (Yamin et al., 2025), the strict containment A_AI(SAFE) ⊃ A_AI(CAUTION) would never be exercised in the target domain. Second, the empirical sources previously invoked to justify a vessel term — the vessel-size fatality gradient across 504 IMO accident reports (Dominguez-Péry et al., 2023), the vessel capacity constraint documented by Rahim et al. (2024), and the population characterisations of Shaffril et al. (2017) and Yamin et al. (2025) — are retained. They justify setting the small-vessel thresholds conservatively: a smaller vessel warrants greater margin because the consequence of misclassification is more severe. That is an argument for tighter boundaries, not for a constant floor.","Numeric extraction only; may be citation, date, identifier, illustration or result; semantic inventory incomplete."
publications/active/journal-1/submissions/v1-initial-submission/manuscript.md,5.3.2 Per-Component Classification Functions,216,not yet mapped: numeric token,2025,PENDING — SC-3 stopped traceability review,ambiguous,AMBIGUOUS,"Two consequences follow. First, a small vessel in genuinely benign conditions — Hs below 1.0 m, wind within limits, daylight, no warning — classifies SAFE and receives full advisory scope. Under the alternative formulation SAFE would be unreachable for any vessel below 25 GRT, and since the deployment population operates below 40 GRT (Yamin et al., 2025), the strict containment A_AI(SAFE) ⊃ A_AI(CAUTION) would never be exercised in the target domain. Second, the empirical sources previously invoked to justify a vessel term — the vessel-size fatality gradient across 504 IMO accident reports (Dominguez-Péry et al., 2023), the vessel capacity constraint documented by Rahim et al. (2024), and the population characterisations of Shaffril et al. (2017) and Yamin et al. (2025) — are retained. They justify setting the small-vessel thresholds conservatively: a smaller vessel warrants greater margin because the consequence of misclassification is more severe. That is an argument for tighter boundaries, not for a constant floor.","Numeric extraction only; may be citation, date, identifier, illustration or result; semantic inventory incomplete."
publications/active/journal-1/submissions/v1-initial-submission/manuscript.md,5.3.3 Classification Function and Totality Theorem,218,not yet mapped: numeric token,5.3,PENDING — SC-3 stopped traceability review,ambiguous,AMBIGUOUS,#### 5.3.3 Classification Function and Totality Theorem,"Numeric extraction only; may be citation, date, identifier, illustration or result; semantic inventory incomplete."
publications/active/journal-1/submissions/v1-initial-submission/manuscript.md,5.3.3 Classification Function and Totality Theorem,218,not yet mapped: numeric token,3,PENDING — SC-3 stopped traceability review,ambiguous,AMBIGUOUS,#### 5.3.3 Classification Function and Totality Theorem,"Numeric extraction only; may be citation, date, identifier, illustration or result; semantic inventory incomplete."
publications/active/journal-1/submissions/v1-initial-submission/manuscript.md,5.3.3 Classification Function and Totality Theorem,220,not yet mapped: numeric token,5.5,PENDING — SC-3 stopped traceability review,ambiguous,AMBIGUOUS,**Definition 5.5 (Safety State Classification Function).** The overall classification function is:,"Numeric extraction only; may be citation, date, identifier, illustration or result; semantic inventory incomplete."
publications/active/journal-1/submissions/v1-initial-submission/manuscript.md,5.3.3 Classification Function and Totality Theorem,224,not yet mapped: numeric token,5.3,PENDING — SC-3 stopped traceability review,ambiguous,AMBIGUOUS,"where max_≻ denotes the maximum under the severity order ≻ from Definition 5.3, returning the greatest element of the set under that order. The output S = f(E) ∈ {SAFE, CAUTION, UNSAFE}.","Numeric extraction only; may be citation, date, identifier, illustration or result; semantic inventory incomplete."
publications/active/journal-1/submissions/v1-initial-submission/manuscript.md,5.3.3 Classification Function and Totality Theorem,226,not yet mapped: numeric token,5.3,PENDING — SC-3 stopped traceability review,ambiguous,AMBIGUOUS,"The aggregation is over five terms. Vessel category v appears within g_o rather than as an independent argument to max_≻, for the reasons given in Section 5.3.2.","Numeric extraction only; may be citation, date, identifier, illustration or result; semantic inventory incomplete."
publications/active/journal-1/submissions/v1-initial-submission/manuscript.md,5.3.3 Classification Function and Totality Theorem,226,not yet mapped: numeric token,2,PENDING — SC-3 stopped traceability review,ambiguous,AMBIGUOUS,"The aggregation is over five terms. Vessel category v appears within g_o rather than as an independent argument to max_≻, for the reasons given in Section 5.3.2.","Numeric extraction only; may be citation, date, identifier, illustration or result; semantic inventory incomplete."
publications/active/journal-1/submissions/v1-initial-submission/manuscript.md,5.3.3 Classification Function and Totality Theorem,230,not yet mapped: numeric token,5.1,PENDING — SC-3 stopped traceability review,ambiguous,AMBIGUOUS,"**Theorem 5.1 (Totality of f).** For all E in its domain, f(E) is defined and returns exactly one element of {SAFE, CAUTION, UNSAFE}.","Numeric extraction only; may be citation, date, identifier, illustration or result; semantic inventory incomplete."
publications/active/journal-1/submissions/v1-initial-submission/manuscript.md,5.3.3 Classification Function and Totality Theorem,232,not yet mapped: numeric token,6.1,PENDING — SC-3 stopped traceability review,ambiguous,AMBIGUOUS,Proof deferred to Section 6.1. Totality follows from exhaustive domain coverage of each gᵢ (the domain partition for each component is complete and non-overlapping) and from the fact that max_≻ over a finite totally ordered set is always defined and unique.,"Numeric extraction only; may be citation, date, identifier, illustration or result; semantic inventory incomplete."
publications/active/journal-1/submissions/v1-initial-submission/manuscript.md,5.4 Governance Pair: G(S) and A_AI(S),238,not yet mapped: numeric token,5.4,PENDING — SC-3 stopped traceability review,ambiguous,AMBIGUOUS,### 5.4 Governance Pair: G(S) and A_AI(S),"Numeric extraction only; may be citation, date, identifier, illustration or result; semantic inventory incomplete."
publications/active/journal-1/submissions/v1-initial-submission/manuscript.md,5.4.1 Recommendation Type Space,240,not yet mapped: numeric token,5.4,PENDING — SC-3 stopped traceability review,ambiguous,AMBIGUOUS,#### 5.4.1 Recommendation Type Space,"Numeric extraction only; may be citation, date, identifier, illustration or result; semantic inventory incomplete."
publications/active/journal-1/submissions/v1-initial-submission/manuscript.md,5.4.1 Recommendation Type Space,240,not yet mapped: numeric token,1,PENDING — SC-3 stopped traceability review,ambiguous,AMBIGUOUS,#### 5.4.1 Recommendation Type Space,"Numeric extraction only; may be citation, date, identifier, illustration or result; semantic inventory incomplete."
publications/active/journal-1/submissions/v1-initial-submission/manuscript.md,5.4.1 Recommendation Type Space,242,not yet mapped: numeric token,5.6,PENDING — SC-3 stopped traceability review,ambiguous,AMBIGUOUS,"**Definition 5.6 (Recommendation Type Space).** Let R = {Go, Delay, DepartureTime, Duration} be the set of AI recommendation types available to the advisory system. *Go* advises that departure is permissible under current conditions; *Delay* advises postponement without specifying an alternative time; *DepartureTime* specifies an optimised departure window; and *Duration* specifies a recommended safe trip duration. The four types correspond to the full structure of the small-scale fisher departure decision — whether to go, when to go, and for how long.","Numeric extraction only; may be citation, date, identifier, illustration or result; semantic inventory incomplete."
publications/active/journal-1/submissions/v1-initial-submission/manuscript.md,5.4.2 Level 1: AI Participation Gate G(S),244,not yet mapped: numeric token,5.4,PENDING — SC-3 stopped traceability review,ambiguous,AMBIGUOUS,#### 5.4.2 Level 1: AI Participation Gate G(S),"Numeric extraction only; may be citation, date, identifier, illustration or result; semantic inventory incomplete."
publications/active/journal-1/submissions/v1-initial-submission/manuscript.md,5.4.2 Level 1: AI Participation Gate G(S),244,not yet mapped: numeric token,2,PENDING — SC-3 stopped traceability review,ambiguous,AMBIGUOUS,#### 5.4.2 Level 1: AI Participation Gate G(S),"Numeric extraction only; may be citation, date, identifier, illustration or result; semantic inventory incomplete."
publications/active/journal-1/submissions/v1-initial-submission/manuscript.md,5.4.2 Level 1: AI Participation Gate G(S),244,not yet mapped: numeric token,1,PENDING — SC-3 stopped traceability review,ambiguous,AMBIGUOUS,#### 5.4.2 Level 1: AI Participation Gate G(S),"Numeric extraction only; may be citation, date, identifier, illustration or result; semantic inventory incomplete."
publications/active/journal-1/submissions/v1-initial-submission/manuscript.md,5.4.2 Level 1: AI Participation Gate G(S),246,not yet mapped: numeric token,5.7,PENDING — SC-3 stopped traceability review,ambiguous,AMBIGUOUS,"**Definition 5.7 (AI Participation Gate).** Define G : {SAFE, CAUTION, UNSAFE} → {0, 1} as:","Numeric extraction only; may be citation, date, identifier, illustration or result; semantic inventory incomplete."
publications/active/journal-1/submissions/v1-initial-submission/manuscript.md,5.4.2 Level 1: AI Participation Gate G(S),246,not yet mapped: numeric token,0,PENDING — SC-3 stopped traceability review,ambiguous,AMBIGUOUS,"**Definition 5.7 (AI Participation Gate).** Define G : {SAFE, CAUTION, UNSAFE} → {0, 1} as:","Numeric extraction only; may be citation, date, identifier, illustration or result; semantic inventory incomplete."
publications/active/journal-1/submissions/v1-initial-submission/manuscript.md,5.4.2 Level 1: AI Participation Gate G(S),246,not yet mapped: numeric token,1,PENDING — SC-3 stopped traceability review,ambiguous,AMBIGUOUS,"**Definition 5.7 (AI Participation Gate).** Define G : {SAFE, CAUTION, UNSAFE} → {0, 1} as:","Numeric extraction only; may be citation, date, identifier, illustration or result; semantic inventory incomplete."
publications/active/journal-1/submissions/v1-initial-submission/manuscript.md,5.4.2 Level 1: AI Participation Gate G(S),248,not yet mapped: numeric token,1,PENDING — SC-3 stopped traceability review,ambiguous,AMBIGUOUS,- G(SAFE) = 1 (AI enabled),"Numeric extraction only; may be citation, date, identifier, illustration or result; semantic inventory incomplete."
publications/active/journal-1/submissions/v1-initial-submission/manuscript.md,5.4.2 Level 1: AI Participation Gate G(S),249,not yet mapped: numeric token,1,PENDING — SC-3 stopped traceability review,ambiguous,AMBIGUOUS,- G(CAUTION) = 1 (AI enabled),"Numeric extraction only; may be citation, date, identifier, illustration or result; semantic inventory incomplete."
publications/active/journal-1/submissions/v1-initial-submission/manuscript.md,5.4.2 Level 1: AI Participation Gate G(S),250,not yet mapped: numeric token,0,PENDING — SC-3 stopped traceability review,ambiguous,AMBIGUOUS,- G(UNSAFE) = 0 (AI disabled),"Numeric extraction only; may be citation, date, identifier, illustration or result; semantic inventory incomplete."
publications/active/journal-1/submissions/v1-initial-submission/manuscript.md,5.4.2 Level 1: AI Participation Gate G(S),252,not yet mapped: numeric token,0,PENDING — SC-3 stopped traceability review,ambiguous,AMBIGUOUS,"When G(S) = 0, the AI advisory engine is disabled and generates no output. When G(S) = 1, the engine is active. A binary governance architecture implements only G: it can express AI-on and AI-off but has no mechanism to express any intermediate governance position. Under SAFE and CAUTION, G(S) = 1 in both states — the participation gate alone cannot distinguish between them.","Numeric extraction only; may be citation, date, identifier, illustration or result; semantic inventory incomplete."
publications/active/journal-1/submissions/v1-initial-submission/manuscript.md,5.4.2 Level 1: AI Participation Gate G(S),252,not yet mapped: numeric token,1,PENDING — SC-3 stopped traceability review,ambiguous,AMBIGUOUS,"When G(S) = 0, the AI advisory engine is disabled and generates no output. When G(S) = 1, the engine is active. A binary governance architecture implements only G: it can express AI-on and AI-off but has no mechanism to express any intermediate governance position. Under SAFE and CAUTION, G(S) = 1 in both states — the participation gate alone cannot distinguish between them.","Numeric extraction only; may be citation, date, identifier, illustration or result; semantic inventory incomplete."
publications/active/journal-1/submissions/v1-initial-submission/manuscript.md,5.4.2 Level 1: AI Participation Gate G(S),252,not yet mapped: numeric token,1,PENDING — SC-3 stopped traceability review,ambiguous,AMBIGUOUS,"When G(S) = 0, the AI advisory engine is disabled and generates no output. When G(S) = 1, the engine is active. A binary governance architecture implements only G: it can express AI-on and AI-off but has no mechanism to express any intermediate governance position. Under SAFE and CAUTION, G(S) = 1 in both states — the participation gate alone cannot distinguish between them.","Numeric extraction only; may be citation, date, identifier, illustration or result; semantic inventory incomplete."
publications/active/journal-1/submissions/v1-initial-submission/manuscript.md,5.4.3 Level 2: AI-Admissible Recommendation Space A_AI(S),254,not yet mapped: numeric token,5.4,PENDING — SC-3 stopped traceability review,ambiguous,AMBIGUOUS,#### 5.4.3 Level 2: AI-Admissible Recommendation Space A_AI(S),"Numeric extraction only; may be citation, date, identifier, illustration or result; semantic inventory incomplete."
publications/active/journal-1/submissions/v1-initial-submission/manuscript.md,5.4.3 Level 2: AI-Admissible Recommendation Space A_AI(S),254,not yet mapped: numeric token,3,PENDING — SC-3 stopped traceability review,ambiguous,AMBIGUOUS,#### 5.4.3 Level 2: AI-Admissible Recommendation Space A_AI(S),"Numeric extraction only; may be citation, date, identifier, illustration or result; semantic inventory incomplete."
publications/active/journal-1/submissions/v1-initial-submission/manuscript.md,5.4.3 Level 2: AI-Admissible Recommendation Space A_AI(S),254,not yet mapped: numeric token,2,PENDING — SC-3 stopped traceability review,ambiguous,AMBIGUOUS,#### 5.4.3 Level 2: AI-Admissible Recommendation Space A_AI(S),"Numeric extraction only; may be citation, date, identifier, illustration or result; semantic inventory incomplete."
publications/active/journal-1/submissions/v1-initial-submission/manuscript.md,5.4.3 Level 2: AI-Admissible Recommendation Space A_AI(S),256,not yet mapped: numeric token,5.8,PENDING — SC-3 stopped traceability review,ambiguous,AMBIGUOUS,"**Definition 5.8 (AI-Admissible Recommendation Space).** Define A_AI : {SAFE, CAUTION, UNSAFE} → 2^R as:","Numeric extraction only; may be citation, date, identifier, illustration or result; semantic inventory incomplete."
publications/active/journal-1/submissions/v1-initial-submission/manuscript.md,5.4.3 Level 2: AI-Admissible Recommendation Space A_AI(S),256,not yet mapped: numeric token,2,PENDING — SC-3 stopped traceability review,ambiguous,AMBIGUOUS,"**Definition 5.8 (AI-Admissible Recommendation Space).** Define A_AI : {SAFE, CAUTION, UNSAFE} → 2^R as:","Numeric extraction only; may be citation, date, identifier, illustration or result; semantic inventory incomplete."
publications/active/journal-1/submissions/v1-initial-submission/manuscript.md,5.4.4 The Governance Pair,264,not yet mapped: numeric token,5.4,PENDING — SC-3 stopped traceability review,ambiguous,AMBIGUOUS,#### 5.4.4 The Governance Pair,"Numeric extraction only; may be citation, date, identifier, illustration or result; semantic inventory incomplete."
publications/active/journal-1/submissions/v1-initial-submission/manuscript.md,5.4.4 The Governance Pair,264,not yet mapped: numeric token,4,PENDING — SC-3 stopped traceability review,ambiguous,AMBIGUOUS,#### 5.4.4 The Governance Pair,"Numeric extraction only; may be citation, date, identifier, illustration or result; semantic inventory incomplete."
publications/active/journal-1/submissions/v1-initial-submission/manuscript.md,5.4.4 The Governance Pair,266,not yet mapped: numeric token,5.9,PENDING — SC-3 stopped traceability review,ambiguous,AMBIGUOUS,"**Definition 5.9 (Governance Pair).** The architecture is governed by the pair (G(S), A_AI(S)). Table 2 summarises the governance configuration across all three safety states.","Numeric extraction only; may be citation, date, identifier, illustration or result; semantic inventory incomplete."
publications/active/journal-1/submissions/v1-initial-submission/manuscript.md,5.4.4 The Governance Pair,266,not yet mapped: numeric token,2,PENDING — SC-3 stopped traceability review,ambiguous,AMBIGUOUS,"**Definition 5.9 (Governance Pair).** The architecture is governed by the pair (G(S), A_AI(S)). Table 2 summarises the governance configuration across all three safety states.","Numeric extraction only; may be citation, date, identifier, illustration or result; semantic inventory incomplete."
publications/active/journal-1/submissions/v1-initial-submission/manuscript.md,5.4.4 The Governance Pair,268,not yet mapped: numeric token,2,PENDING — SC-3 stopped traceability review,ambiguous,AMBIGUOUS,**Table 2. Governance configurations by safety state.**,"Numeric extraction only; may be citation, date, identifier, illustration or result; semantic inventory incomplete."
publications/active/journal-1/submissions/v1-initial-submission/manuscript.md,5.4.4 The Governance Pair,272,not yet mapped: numeric token,1,PENDING — SC-3 stopped traceability review,ambiguous,AMBIGUOUS,"| SAFE | 1 | {Go, Delay, DepartureTime, Duration} | Full |","Numeric extraction only; may be citation, date, identifier, illustration or result; semantic inventory incomplete."
publications/active/journal-1/submissions/v1-initial-submission/manuscript.md,5.4.4 The Governance Pair,273,not yet mapped: numeric token,1,PENDING — SC-3 stopped traceability review,ambiguous,AMBIGUOUS,"| CAUTION | 1 | {Go, Delay} | Restricted |","Numeric extraction only; may be citation, date, identifier, illustration or result; semantic inventory incomplete."
publications/active/journal-1/submissions/v1-initial-submission/manuscript.md,5.4.4 The Governance Pair,274,not yet mapped: numeric token,0,PENDING — SC-3 stopped traceability review,ambiguous,AMBIGUOUS,| UNSAFE | 0 | ∅ | None |,"Numeric extraction only; may be citation, date, identifier, illustration or result; semantic inventory incomplete."
publications/active/journal-1/submissions/v1-initial-submission/manuscript.md,5.4.4 The Governance Pair,276,not yet mapped: numeric token,1,PENDING — SC-3 stopped traceability review,ambiguous,AMBIGUOUS,"The CAUTION state is the architectural contribution. Under SAFE and CAUTION, G(S) = 1 in both — the participation gate is identical. The governance distinction between SAFE and CAUTION lies entirely in A_AI(S): under CAUTION, the admissible recommendation space contracts to {Go, Delay}, excluding DepartureTime and Duration. A binary governance architecture, having no Level 2 mechanism, cannot express this: it must either permit the full recommendation space or produce no advisory output at all.","Numeric extraction only; may be citation, date, identifier, illustration or result; semantic inventory incomplete."
publications/active/journal-1/submissions/v1-initial-submission/manuscript.md,5.4.4 The Governance Pair,276,not yet mapped: numeric token,2,PENDING — SC-3 stopped traceability review,ambiguous,AMBIGUOUS,"The CAUTION state is the architectural contribution. Under SAFE and CAUTION, G(S) = 1 in both — the participation gate is identical. The governance distinction between SAFE and CAUTION lies entirely in A_AI(S): under CAUTION, the admissible recommendation space contracts to {Go, Delay}, excluding DepartureTime and Duration. A binary governance architecture, having no Level 2 mechanism, cannot express this: it must either permit the full recommendation space or produce no advisory output at all.","Numeric extraction only; may be citation, date, identifier, illustration or result; semantic inventory incomplete."
publications/active/journal-1/submissions/v1-initial-submission/manuscript.md,5.4.4 The Governance Pair,280,not yet mapped: numeric token,3,PENDING — SC-3 stopped traceability review,ambiguous,AMBIGUOUS,"When f(E) = CAUTION and Go ∈ A_AI(CAUTION), the advisory output presented to the fisher includes a state-dependent qualifier (e.g., ""Departure is possible — exercise caution""). To be precise: Layer 3 returns the recommendation type Go ∈ R, unchanged. The qualifier string is a pure rendering operation applied at Layer 4 (the Human Decision interface), not a modification of the type. This distinction is important for formal correctness: Go under CAUTION is the same element of R as Go under SAFE — the set A_AI(CAUTION) = {Go, Delay} contains exactly those two types, with no sub-typed variants. Set containment is preserved; the qualifier is presentation logic external to the formal model.","Numeric extraction only; may be citation, date, identifier, illustration or result; semantic inventory incomplete."
publications/active/journal-1/submissions/v1-initial-submission/manuscript.md,5.4.4 The Governance Pair,280,not yet mapped: numeric token,4,PENDING — SC-3 stopped traceability review,ambiguous,AMBIGUOUS,"When f(E) = CAUTION and Go ∈ A_AI(CAUTION), the advisory output presented to the fisher includes a state-dependent qualifier (e.g., ""Departure is possible — exercise caution""). To be precise: Layer 3 returns the recommendation type Go ∈ R, unchanged. The qualifier string is a pure rendering operation applied at Layer 4 (the Human Decision interface), not a modification of the type. This distinction is important for formal correctness: Go under CAUTION is the same element of R as Go under SAFE — the set A_AI(CAUTION) = {Go, Delay} contains exactly those two types, with no sub-typed variants. Set containment is preserved; the qualifier is presentation logic external to the formal model.","Numeric extraction only; may be citation, date, identifier, illustration or result; semantic inventory incomplete."
publications/active/journal-1/submissions/v1-initial-submission/manuscript.md,5.5 Formal Properties,284,not yet mapped: numeric token,5.5,PENDING — SC-3 stopped traceability review,ambiguous,AMBIGUOUS,### 5.5 Formal Properties,"Numeric extraction only; may be citation, date, identifier, illustration or result; semantic inventory incomplete."
publications/active/journal-1/submissions/v1-initial-submission/manuscript.md,5.5 Formal Properties,286,not yet mapped: numeric token,6,PENDING — SC-3 stopped traceability review,ambiguous,AMBIGUOUS,The architecture must satisfy three formal properties. All three are proved in Section 6.,"Numeric extraction only; may be citation, date, identifier, illustration or result; semantic inventory incomplete."
publications/active/journal-1/submissions/v1-initial-submission/manuscript.md,5.5 Formal Properties,288,not yet mapped: numeric token,5.1,PENDING — SC-3 stopped traceability review,ambiguous,AMBIGUOUS,**Property 5.1 (Participation Constraint).** G(S) = 0 ⟹ A_AI(S) = ∅.,"Numeric extraction only; may be citation, date, identifier, illustration or result; semantic inventory incomplete."
publications/active/journal-1/submissions/v1-initial-submission/manuscript.md,5.5 Formal Properties,288,not yet mapped: numeric token,0,PENDING — SC-3 stopped traceability review,ambiguous,AMBIGUOUS,**Property 5.1 (Participation Constraint).** G(S) = 0 ⟹ A_AI(S) = ∅.,"Numeric extraction only; may be citation, date, identifier, illustration or result; semantic inventory incomplete."
publications/active/journal-1/submissions/v1-initial-submission/manuscript.md,5.5 Formal Properties,290,not yet mapped: numeric token,5.7,PENDING — SC-3 stopped traceability review,ambiguous,AMBIGUOUS,"When the participation gate is closed (S = UNSAFE), the admissible recommendation space must be empty. Deterministic safety classification overrides AI advisory reasoning unconditionally. This is enforced by Definition 5.7: A_AI(UNSAFE) = ∅ is a direct definition, not a runtime check. A system in which G(S) = 0 but A_AI(S) ≠ ∅ could admit advisory output despite a closed participation gate — a governance failure.","Numeric extraction only; may be citation, date, identifier, illustration or result; semantic inventory incomplete."
publications/active/journal-1/submissions/v1-initial-submission/manuscript.md,5.5 Formal Properties,290,not yet mapped: numeric token,0,PENDING — SC-3 stopped traceability review,ambiguous,AMBIGUOUS,"When the participation gate is closed (S = UNSAFE), the admissible recommendation space must be empty. Deterministic safety classification overrides AI advisory reasoning unconditionally. This is enforced by Definition 5.7: A_AI(UNSAFE) = ∅ is a direct definition, not a runtime check. A system in which G(S) = 0 but A_AI(S) ≠ ∅ could admit advisory output despite a closed participation gate — a governance failure.","Numeric extraction only; may be citation, date, identifier, illustration or result; semantic inventory incomplete."
publications/active/journal-1/submissions/v1-initial-submission/manuscript.md,5.5 Formal Properties,292,not yet mapped: numeric token,5.2,PENDING — SC-3 stopped traceability review,ambiguous,AMBIGUOUS,**Property 5.2 (Advisory Restriction Constraint).** S = CAUTION ⟹ A_AI(CAUTION) ⊊ A_AI(SAFE).,"Numeric extraction only; may be citation, date, identifier, illustration or result; semantic inventory incomplete."
publications/active/journal-1/submissions/v1-initial-submission/manuscript.md,5.5 Formal Properties,294,not yet mapped: numeric token,5.5,PENDING — SC-3 stopped traceability review,ambiguous,AMBIGUOUS,"The CAUTION state produces a strictly smaller admissible recommendation space than SAFE. This property formally distinguishes CAUTION from SAFE: CAUTION is not SAFE with a warning label but a governance state with a reduced advisory scope. The strict subset relationship (⊊ rather than ⊆) confirms that the restriction is non-trivial — at least one recommendation type is excluded under CAUTION that is permitted under SAFE. From Definitions 5.5 and 5.7: A_AI(SAFE) \ A_AI(CAUTION) = {DepartureTime, Duration} ≠ ∅. ∎","Numeric extraction only; may be citation, date, identifier, illustration or result; semantic inventory incomplete."
publications/active/journal-1/submissions/v1-initial-submission/manuscript.md,5.5 Formal Properties,294,not yet mapped: numeric token,5.7,PENDING — SC-3 stopped traceability review,ambiguous,AMBIGUOUS,"The CAUTION state produces a strictly smaller admissible recommendation space than SAFE. This property formally distinguishes CAUTION from SAFE: CAUTION is not SAFE with a warning label but a governance state with a reduced advisory scope. The strict subset relationship (⊊ rather than ⊆) confirms that the restriction is non-trivial — at least one recommendation type is excluded under CAUTION that is permitted under SAFE. From Definitions 5.5 and 5.7: A_AI(SAFE) \ A_AI(CAUTION) = {DepartureTime, Duration} ≠ ∅. ∎","Numeric extraction only; may be citation, date, identifier, illustration or result; semantic inventory incomplete."
publications/active/journal-1/submissions/v1-initial-submission/manuscript.md,5.5 Formal Properties,296,not yet mapped: numeric token,5.11,PENDING — SC-3 stopped traceability review,ambiguous,AMBIGUOUS,**Definition 5.11 (AI Output Mapping).** Let AI(E) denote the set of recommendation types generated by the advisory engine for environmental state E. The mapping is defined as:,"Numeric extraction only; may be citation, date, identifier, illustration or result; semantic inventory incomplete."
publications/active/journal-1/submissions/v1-initial-submission/manuscript.md,5.5 Formal Properties,298,not yet mapped: numeric token,1,PENDING — SC-3 stopped traceability review,ambiguous,AMBIGUOUS,"AI(E) = Reasoning Engine(E, RS(S)) &nbsp;&nbsp; if G(S) = 1  ","Numeric extraction only; may be citation, date, identifier, illustration or result; semantic inventory incomplete."
publications/active/journal-1/submissions/v1-initial-submission/manuscript.md,5.5 Formal Properties,299,not yet mapped: numeric token,0,PENDING — SC-3 stopped traceability review,ambiguous,AMBIGUOUS,AI(E) = ∅ &nbsp;&nbsp;&nbsp;&nbsp;&nbsp;&nbsp;&nbsp;&nbsp;&nbsp;&nbsp;&nbsp;&nbsp;&nbsp;&nbsp;&nbsp;&nbsp;&nbsp;&nbsp;&nbsp;&nbsp;&nbsp;&nbsp;&nbsp;&nbsp;&nbsp;&nbsp;&nbsp;&nbsp;&nbsp;&nbsp;&nbsp;&nbsp;&nbsp;&nbsp;&nbsp;&nbsp;&nbsp;&nbsp;&nbsp;&nbsp;&nbsp; if G(S) = 0,"Numeric extraction only; may be citation, date, identifier, illustration or result; semantic inventory incomplete."
publications/active/journal-1/submissions/v1-initial-submission/manuscript.md,5.5 Formal Properties,301,not yet mapped: numeric token,0,PENDING — SC-3 stopped traceability review,ambiguous,AMBIGUOUS,"where S = f(E). When G(S) = 0 (S = UNSAFE), the advisory engine receives no input and its output is defined as the empty set by this mapping — not merely by the engine's behaviour. This explicit definition makes the proof of Property 5.3 for the UNSAFE case immediate: AI(E) = ∅ = A_AI(UNSAFE).","Numeric extraction only; may be citation, date, identifier, illustration or result; semantic inventory incomplete."
publications/active/journal-1/submissions/v1-initial-submission/manuscript.md,5.5 Formal Properties,301,not yet mapped: numeric token,5.3,PENDING — SC-3 stopped traceability review,ambiguous,AMBIGUOUS,"where S = f(E). When G(S) = 0 (S = UNSAFE), the advisory engine receives no input and its output is defined as the empty set by this mapping — not merely by the engine's behaviour. This explicit definition makes the proof of Property 5.3 for the UNSAFE case immediate: AI(E) = ∅ = A_AI(UNSAFE).","Numeric extraction only; may be citation, date, identifier, illustration or result; semantic inventory incomplete."
publications/active/journal-1/submissions/v1-initial-submission/manuscript.md,5.5 Formal Properties,303,not yet mapped: numeric token,5.3,PENDING — SC-3 stopped traceability review,ambiguous,AMBIGUOUS,"**Property 5.3 (Safety Dominance Property).** For all E, AI(E) ⊆ A_AI(f(E)).","Numeric extraction only; may be citation, date, identifier, illustration or result; semantic inventory incomplete."
publications/active/journal-1/submissions/v1-initial-submission/manuscript.md,5.5 Formal Properties,305,not yet mapped: numeric token,5.11,PENDING — SC-3 stopped traceability review,ambiguous,AMBIGUOUS,"The AI can only generate recommendations within the admissible space defined by the current safety state. This is the load-bearing safety property of the architecture. It guarantees that no environmental state can elicit an AI recommendation that exceeds the admissible scope for that state. The UNSAFE case follows directly from Definition 5.11: when f(E) = UNSAFE, G(S) = 0, so AI(E) = ∅ = A_AI(UNSAFE), and ∅ ⊆ ∅ holds trivially.","Numeric extraction only; may be citation, date, identifier, illustration or result; semantic inventory incomplete."
publications/active/journal-1/submissions/v1-initial-submission/manuscript.md,5.5 Formal Properties,305,not yet mapped: numeric token,0,PENDING — SC-3 stopped traceability review,ambiguous,AMBIGUOUS,"The AI can only generate recommendations within the admissible space defined by the current safety state. This is the load-bearing safety property of the architecture. It guarantees that no environmental state can elicit an AI recommendation that exceeds the admissible scope for that state. The UNSAFE case follows directly from Definition 5.11: when f(E) = UNSAFE, G(S) = 0, so AI(E) = ∅ = A_AI(UNSAFE), and ∅ ⊆ ∅ holds trivially.","Numeric extraction only; may be citation, date, identifier, illustration or result; semantic inventory incomplete."
publications/active/journal-1/submissions/v1-initial-submission/manuscript.md,5.5 Formal Properties,307,not yet mapped: numeric token,6.3,PENDING — SC-3 stopped traceability review,ambiguous,AMBIGUOUS,Proof deferred to Section 6.3. The proof is constructive and depends only on the RS(S) rule set supply mechanism described in Section 5.6.,"Numeric extraction only; may be citation, date, identifier, illustration or result; semantic inventory incomplete."
publications/active/journal-1/submissions/v1-initial-submission/manuscript.md,5.5 Formal Properties,307,not yet mapped: numeric token,5.6,PENDING — SC-3 stopped traceability review,ambiguous,AMBIGUOUS,Proof deferred to Section 6.3. The proof is constructive and depends only on the RS(S) rule set supply mechanism described in Section 5.6.,"Numeric extraction only; may be citation, date, identifier, illustration or result; semantic inventory incomplete."
publications/active/journal-1/submissions/v1-initial-submission/manuscript.md,5.6 Layer Architecture and RS(S) Supply Mechanism,311,not yet mapped: numeric token,5.6,PENDING — SC-3 stopped traceability review,ambiguous,AMBIGUOUS,### 5.6 Layer Architecture and RS(S) Supply Mechanism,"Numeric extraction only; may be citation, date, identifier, illustration or result; semantic inventory incomplete."
publications/active/journal-1/submissions/v1-initial-submission/manuscript.md,5.6.1 Four-Layer Structure,313,not yet mapped: numeric token,5.6,PENDING — SC-3 stopped traceability review,ambiguous,AMBIGUOUS,#### 5.6.1 Four-Layer Structure,"Numeric extraction only; may be citation, date, identifier, illustration or result; semantic inventory incomplete."
publications/active/journal-1/submissions/v1-initial-submission/manuscript.md,5.6.1 Four-Layer Structure,313,not yet mapped: numeric token,1,PENDING — SC-3 stopped traceability review,ambiguous,AMBIGUOUS,#### 5.6.1 Four-Layer Structure,"Numeric extraction only; may be citation, date, identifier, illustration or result; semantic inventory incomplete."
publications/active/journal-1/submissions/v1-initial-submission/manuscript.md,5.6.1 Four-Layer Structure,317,not yet mapped: numeric token,3,PENDING — SC-3 stopped traceability review,ambiguous,AMBIGUOUS,**Table 3. Four-layer architecture.**,"Numeric extraction only; may be citation, date, identifier, illustration or result; semantic inventory incomplete."
publications/active/journal-1/submissions/v1-initial-submission/manuscript.md,5.6.1 Four-Layer Structure,321,not yet mapped: numeric token,1,PENDING — SC-3 stopped traceability review,ambiguous,AMBIGUOUS,"| 1 | Environment Input | Produces E = (w, r, m, o, v, t) from sensors and data feeds | Observable, non-AI |","Numeric extraction only; may be citation, date, identifier, illustration or result; semantic inventory incomplete."
publications/active/journal-1/submissions/v1-initial-submission/manuscript.md,5.6.1 Four-Layer Structure,322,not yet mapped: numeric token,2,PENDING — SC-3 stopped traceability review,ambiguous,AMBIGUOUS,"| 2 | Deterministic Governance | Computes S = f(E); derives G(S) and A_AI(S); selects RS(S) | Deterministic, O(1), threshold comparisons |","Numeric extraction only; may be citation, date, identifier, illustration or result; semantic inventory incomplete."
publications/active/journal-1/submissions/v1-initial-submission/manuscript.md,5.6.1 Four-Layer Structure,322,not yet mapped: numeric token,1,PENDING — SC-3 stopped traceability review,ambiguous,AMBIGUOUS,"| 2 | Deterministic Governance | Computes S = f(E); derives G(S) and A_AI(S); selects RS(S) | Deterministic, O(1), threshold comparisons |","Numeric extraction only; may be citation, date, identifier, illustration or result; semantic inventory incomplete."
publications/active/journal-1/submissions/v1-initial-submission/manuscript.md,5.6.1 Four-Layer Structure,323,not yet mapped: numeric token,3,PENDING — SC-3 stopped traceability review,ambiguous,AMBIGUOUS,"| 3 | AI Advisory Reasoning | Generates AI(E) within RS(S) | Rule-based, configured per safety state by Layer 2 |","Numeric extraction only; may be citation, date, identifier, illustration or result; semantic inventory incomplete."
publications/active/journal-1/submissions/v1-initial-submission/manuscript.md,5.6.1 Four-Layer Structure,323,not yet mapped: numeric token,2,PENDING — SC-3 stopped traceability review,ambiguous,AMBIGUOUS,"| 3 | AI Advisory Reasoning | Generates AI(E) within RS(S) | Rule-based, configured per safety state by Layer 2 |","Numeric extraction only; may be citation, date, identifier, illustration or result; semantic inventory incomplete."
publications/active/journal-1/submissions/v1-initial-submission/manuscript.md,5.6.1 Four-Layer Structure,324,not yet mapped: numeric token,4,PENDING — SC-3 stopped traceability review,ambiguous,AMBIGUOUS,"| 4 | Human Decision | Fisher receives advisory; makes final go/no-go | Human authority, always final |","Numeric extraction only; may be citation, date, identifier, illustration or result; semantic inventory incomplete."
publications/active/journal-1/submissions/v1-initial-submission/manuscript.md,5.6.1 Four-Layer Structure,326,not yet mapped: numeric token,1,PENDING — SC-3 stopped traceability review,ambiguous,AMBIGUOUS,"Causal flow is strictly unidirectional: Layer 1 → Layer 2 → Layer 3 → Layer 4. No feedback exists from Layer 3 to Layer 2. The advisory engine cannot influence its own governance configuration — a configuration that Layer 3 outputs could affect would not constitute a formal safety constraint. Layer 2 is computationally independent of Layer 3: if the advisory engine is unavailable, the governance layer continues to classify environmental states and can signal that no AI output is available. Governance holds independently of advisory engine availability.","Numeric extraction only; may be citation, date, identifier, illustration or result; semantic inventory incomplete."
publications/active/journal-1/submissions/v1-initial-submission/manuscript.md,5.6.1 Four-Layer Structure,326,not yet mapped: numeric token,2,PENDING — SC-3 stopped traceability review,ambiguous,AMBIGUOUS,"Causal flow is strictly unidirectional: Layer 1 → Layer 2 → Layer 3 → Layer 4. No feedback exists from Layer 3 to Layer 2. The advisory engine cannot influence its own governance configuration — a configuration that Layer 3 outputs could affect would not constitute a formal safety constraint. Layer 2 is computationally independent of Layer 3: if the advisory engine is unavailable, the governance layer continues to classify environmental states and can signal that no AI output is available. Governance holds independently of advisory engine availability.","Numeric extraction only; may be citation, date, identifier, illustration or result; semantic inventory incomplete."
publications/active/journal-1/submissions/v1-initial-submission/manuscript.md,5.6.1 Four-Layer Structure,326,not yet mapped: numeric token,3,PENDING — SC-3 stopped traceability review,ambiguous,AMBIGUOUS,"Causal flow is strictly unidirectional: Layer 1 → Layer 2 → Layer 3 → Layer 4. No feedback exists from Layer 3 to Layer 2. The advisory engine cannot influence its own governance configuration — a configuration that Layer 3 outputs could affect would not constitute a formal safety constraint. Layer 2 is computationally independent of Layer 3: if the advisory engine is unavailable, the governance layer continues to classify environmental states and can signal that no AI output is available. Governance holds independently of advisory engine availability.","Numeric extraction only; may be citation, date, identifier, illustration or result; semantic inventory incomplete."
publications/active/journal-1/submissions/v1-initial-submission/manuscript.md,5.6.1 Four-Layer Structure,326,not yet mapped: numeric token,4,PENDING — SC-3 stopped traceability review,ambiguous,AMBIGUOUS,"Causal flow is strictly unidirectional: Layer 1 → Layer 2 → Layer 3 → Layer 4. No feedback exists from Layer 3 to Layer 2. The advisory engine cannot influence its own governance configuration — a configuration that Layer 3 outputs could affect would not constitute a formal safety constraint. Layer 2 is computationally independent of Layer 3: if the advisory engine is unavailable, the governance layer continues to classify environmental states and can signal that no AI output is available. Governance holds independently of advisory engine availability.","Numeric extraction only; may be citation, date, identifier, illustration or result; semantic inventory incomplete."
publications/active/journal-1/submissions/v1-initial-submission/manuscript.md,5.6.1 Four-Layer Structure,326,not yet mapped: numeric token,3,PENDING — SC-3 stopped traceability review,ambiguous,AMBIGUOUS,"Causal flow is strictly unidirectional: Layer 1 → Layer 2 → Layer 3 → Layer 4. No feedback exists from Layer 3 to Layer 2. The advisory engine cannot influence its own governance configuration — a configuration that Layer 3 outputs could affect would not constitute a formal safety constraint. Layer 2 is computationally independent of Layer 3: if the advisory engine is unavailable, the governance layer continues to classify environmental states and can signal that no AI output is available. Governance holds independently of advisory engine availability.","Numeric extraction only; may be citation, date, identifier, illustration or result; semantic inventory incomplete."
publications/active/journal-1/submissions/v1-initial-submission/manuscript.md,5.6.1 Four-Layer Structure,326,not yet mapped: numeric token,2,PENDING — SC-3 stopped traceability review,ambiguous,AMBIGUOUS,"Causal flow is strictly unidirectional: Layer 1 → Layer 2 → Layer 3 → Layer 4. No feedback exists from Layer 3 to Layer 2. The advisory engine cannot influence its own governance configuration — a configuration that Layer 3 outputs could affect would not constitute a formal safety constraint. Layer 2 is computationally independent of Layer 3: if the advisory engine is unavailable, the governance layer continues to classify environmental states and can signal that no AI output is available. Governance holds independently of advisory engine availability.","Numeric extraction only; may be citation, date, identifier, illustration or result; semantic inventory incomplete."
publications/active/journal-1/submissions/v1-initial-submission/manuscript.md,5.6.1 Four-Layer Structure,326,not yet mapped: numeric token,3,PENDING — SC-3 stopped traceability review,ambiguous,AMBIGUOUS,"Causal flow is strictly unidirectional: Layer 1 → Layer 2 → Layer 3 → Layer 4. No feedback exists from Layer 3 to Layer 2. The advisory engine cannot influence its own governance configuration — a configuration that Layer 3 outputs could affect would not constitute a formal safety constraint. Layer 2 is computationally independent of Layer 3: if the advisory engine is unavailable, the governance layer continues to classify environmental states and can signal that no AI output is available. Governance holds independently of advisory engine availability.","Numeric extraction only; may be citation, date, identifier, illustration or result; semantic inventory incomplete."
publications/active/journal-1/submissions/v1-initial-submission/manuscript.md,5.6.1 Four-Layer Structure,326,not yet mapped: numeric token,2,PENDING — SC-3 stopped traceability review,ambiguous,AMBIGUOUS,"Causal flow is strictly unidirectional: Layer 1 → Layer 2 → Layer 3 → Layer 4. No feedback exists from Layer 3 to Layer 2. The advisory engine cannot influence its own governance configuration — a configuration that Layer 3 outputs could affect would not constitute a formal safety constraint. Layer 2 is computationally independent of Layer 3: if the advisory engine is unavailable, the governance layer continues to classify environmental states and can signal that no AI output is available. Governance holds independently of advisory engine availability.","Numeric extraction only; may be citation, date, identifier, illustration or result; semantic inventory incomplete."
publications/active/journal-1/submissions/v1-initial-submission/manuscript.md,5.6.1 Four-Layer Structure,326,not yet mapped: numeric token,3,PENDING — SC-3 stopped traceability review,ambiguous,AMBIGUOUS,"Causal flow is strictly unidirectional: Layer 1 → Layer 2 → Layer 3 → Layer 4. No feedback exists from Layer 3 to Layer 2. The advisory engine cannot influence its own governance configuration — a configuration that Layer 3 outputs could affect would not constitute a formal safety constraint. Layer 2 is computationally independent of Layer 3: if the advisory engine is unavailable, the governance layer continues to classify environmental states and can signal that no AI output is available. Governance holds independently of advisory engine availability.","Numeric extraction only; may be citation, date, identifier, illustration or result; semantic inventory incomplete."
publications/active/journal-1/submissions/v1-initial-submission/manuscript.md,5.6.1 Four-Layer Structure,328,not yet mapped: numeric token,1,PENDING — SC-3 stopped traceability review,ambiguous,AMBIGUOUS,"Layer 1 inputs must all be observable without invoking the AI system. This is the governance independence requirement: the classification function f(E) must not depend on Layer 3 in any way. In the current architecture, all six components of E are sourced from meteorological APIs, vessel registry records, and the system clock — none require Layer 3 participation.","Numeric extraction only; may be citation, date, identifier, illustration or result; semantic inventory incomplete."
publications/active/journal-1/submissions/v1-initial-submission/manuscript.md,5.6.1 Four-Layer Structure,328,not yet mapped: numeric token,3,PENDING — SC-3 stopped traceability review,ambiguous,AMBIGUOUS,"Layer 1 inputs must all be observable without invoking the AI system. This is the governance independence requirement: the classification function f(E) must not depend on Layer 3 in any way. In the current architecture, all six components of E are sourced from meteorological APIs, vessel registry records, and the system clock — none require Layer 3 participation.","Numeric extraction only; may be citation, date, identifier, illustration or result; semantic inventory incomplete."
publications/active/journal-1/submissions/v1-initial-submission/manuscript.md,5.6.1 Four-Layer Structure,328,not yet mapped: numeric token,3,PENDING — SC-3 stopped traceability review,ambiguous,AMBIGUOUS,"Layer 1 inputs must all be observable without invoking the AI system. This is the governance independence requirement: the classification function f(E) must not depend on Layer 3 in any way. In the current architecture, all six components of E are sourced from meteorological APIs, vessel registry records, and the system clock — none require Layer 3 participation.","Numeric extraction only; may be citation, date, identifier, illustration or result; semantic inventory incomplete."
publications/active/journal-1/submissions/v1-initial-submission/manuscript.md,5.6.1 Four-Layer Structure,330,not yet mapped: numeric token,4,PENDING — SC-3 stopped traceability review,ambiguous,AMBIGUOUS,"Layer 4 represents human authority, which is unconditional. The fisher may override any AI recommendation. The governance pair constrains what the AI can say; it does not constrain what the human can decide.","Numeric extraction only; may be citation, date, identifier, illustration or result; semantic inventory incomplete."
publications/active/journal-1/submissions/v1-initial-submission/manuscript.md,5.6.2 RS(S) Rule Set Supply Mechanism,332,not yet mapped: numeric token,5.6,PENDING — SC-3 stopped traceability review,ambiguous,AMBIGUOUS,#### 5.6.2 RS(S) Rule Set Supply Mechanism,"Numeric extraction only; may be citation, date, identifier, illustration or result; semantic inventory incomplete."
publications/active/journal-1/submissions/v1-initial-submission/manuscript.md,5.6.2 RS(S) Rule Set Supply Mechanism,332,not yet mapped: numeric token,2,PENDING — SC-3 stopped traceability review,ambiguous,AMBIGUOUS,#### 5.6.2 RS(S) Rule Set Supply Mechanism,"Numeric extraction only; may be citation, date, identifier, illustration or result; semantic inventory incomplete."
publications/active/journal-1/submissions/v1-initial-submission/manuscript.md,5.6.2 RS(S) Rule Set Supply Mechanism,334,not yet mapped: numeric token,5.3,PENDING — SC-3 stopped traceability review,ambiguous,AMBIGUOUS,The Safety Dominance Property (Property 5.3) holds by construction rather than by runtime filtering. The construction depends on the following mechanism.,"Numeric extraction only; may be citation, date, identifier, illustration or result; semantic inventory incomplete."
publications/active/journal-1/submissions/v1-initial-submission/manuscript.md,5.6.2 RS(S) Rule Set Supply Mechanism,336,not yet mapped: numeric token,5.10,PENDING — SC-3 stopped traceability review,ambiguous,AMBIGUOUS,"**Definition 5.10 (RS(S) Rule Set Supply).** For each safety state S, define the rule set RS(S) as the set of production rules supplied by Layer 2 to Layer 3 before any advisory reasoning begins:","Numeric extraction only; may be citation, date, identifier, illustration or result; semantic inventory incomplete."
publications/active/journal-1/submissions/v1-initial-submission/manuscript.md,5.6.2 RS(S) Rule Set Supply Mechanism,336,not yet mapped: numeric token,2,PENDING — SC-3 stopped traceability review,ambiguous,AMBIGUOUS,"**Definition 5.10 (RS(S) Rule Set Supply).** For each safety state S, define the rule set RS(S) as the set of production rules supplied by Layer 2 to Layer 3 before any advisory reasoning begins:","Numeric extraction only; may be citation, date, identifier, illustration or result; semantic inventory incomplete."
publications/active/journal-1/submissions/v1-initial-submission/manuscript.md,5.6.2 RS(S) Rule Set Supply Mechanism,336,not yet mapped: numeric token,3,PENDING — SC-3 stopped traceability review,ambiguous,AMBIGUOUS,"**Definition 5.10 (RS(S) Rule Set Supply).** For each safety state S, define the rule set RS(S) as the set of production rules supplied by Layer 2 to Layer 3 before any advisory reasoning begins:","Numeric extraction only; may be citation, date, identifier, illustration or result; semantic inventory incomplete."
publications/active/journal-1/submissions/v1-initial-submission/manuscript.md,5.6.2 RS(S) Rule Set Supply Mechanism,340,not yet mapped: numeric token,0,PENDING — SC-3 stopped traceability review,ambiguous,AMBIGUOUS,- RS(UNSAFE) = ∅ — never supplied; G(UNSAFE) = 0 disables Layer 3 entirely,"Numeric extraction only; may be citation, date, identifier, illustration or result; semantic inventory incomplete."
publications/active/journal-1/submissions/v1-initial-submission/manuscript.md,5.6.2 RS(S) Rule Set Supply Mechanism,340,not yet mapped: numeric token,3,PENDING — SC-3 stopped traceability review,ambiguous,AMBIGUOUS,- RS(UNSAFE) = ∅ — never supplied; G(UNSAFE) = 0 disables Layer 3 entirely,"Numeric extraction only; may be citation, date, identifier, illustration or result; semantic inventory incomplete."
publications/active/journal-1/submissions/v1-initial-submission/manuscript.md,5.6.2 RS(S) Rule Set Supply Mechanism,342,not yet mapped: numeric token,3,PENDING — SC-3 stopped traceability review,ambiguous,AMBIGUOUS,"Layer 3 is implemented as a production rule engine. The engine fires only rules present in the currently active RS(S). Crucially, no rule in RS(CAUTION) has a conclusion that produces DepartureTime or Duration — those recommendation types are structurally absent from the CAUTION rule set. The engine has no mechanism to generate a type for which no active rule exists. The Safety Dominance Property therefore holds by implementation: it is a structural consequence of how RS(CAUTION) is constructed, not an assertion that must be checked at runtime.","Numeric extraction only; may be citation, date, identifier, illustration or result; semantic inventory incomplete."
publications/active/journal-1/submissions/v1-initial-submission/manuscript.md,5.6.2 RS(S) Rule Set Supply Mechanism,344,not yet mapped: numeric token,6.3,PENDING — SC-3 stopped traceability review,ambiguous,AMBIGUOUS,"This is the formal basis for the proof by construction in Section 6.3. The distinction between construction-time enforcement and runtime filtering is material. A runtime filter applied to Layer 3 outputs — one that inspects the generated recommendation and discards it if the type is not in A_AI(S) — could fail, be bypassed, or have edge cases in which the filter condition is evaluated incorrectly. RS(S) supply eliminates these failure modes: the constraint is in place before generation begins. A correct rule engine with a correctly constructed RS(CAUTION) cannot produce DepartureTime or Duration under any input E.","Numeric extraction only; may be citation, date, identifier, illustration or result; semantic inventory incomplete."
publications/active/journal-1/submissions/v1-initial-submission/manuscript.md,5.6.2 RS(S) Rule Set Supply Mechanism,344,not yet mapped: numeric token,3,PENDING — SC-3 stopped traceability review,ambiguous,AMBIGUOUS,"This is the formal basis for the proof by construction in Section 6.3. The distinction between construction-time enforcement and runtime filtering is material. A runtime filter applied to Layer 3 outputs — one that inspects the generated recommendation and discards it if the type is not in A_AI(S) — could fail, be bypassed, or have edge cases in which the filter condition is evaluated incorrectly. RS(S) supply eliminates these failure modes: the constraint is in place before generation begins. A correct rule engine with a correctly constructed RS(CAUTION) cannot produce DepartureTime or Duration under any input E.","Numeric extraction only; may be citation, date, identifier, illustration or result; semantic inventory incomplete."
publications/active/journal-1/submissions/v1-initial-submission/manuscript.md,5.6.2 RS(S) Rule Set Supply Mechanism,346,not yet mapped: numeric token,9,PENDING — SC-3 stopped traceability review,ambiguous,AMBIGUOUS,The actual content of RS(SAFE) and RS(CAUTION) — the individual production rules and their conditions — is specified in Section 9 (Prototype Implementation). Section 5 only defines the supply mechanism and its governance role.,"Numeric extraction only; may be citation, date, identifier, illustration or result; semantic inventory incomplete."
publications/active/journal-1/submissions/v1-initial-submission/manuscript.md,5.6.2 RS(S) Rule Set Supply Mechanism,346,not yet mapped: numeric token,5,PENDING — SC-3 stopped traceability review,ambiguous,AMBIGUOUS,The actual content of RS(SAFE) and RS(CAUTION) — the individual production rules and their conditions — is specified in Section 9 (Prototype Implementation). Section 5 only defines the supply mechanism and its governance role.,"Numeric extraction only; may be citation, date, identifier, illustration or result; semantic inventory incomplete."
publications/active/journal-1/submissions/v1-initial-submission/manuscript.md,5.6.3 Rule-Based Implementation at Layer 3,348,not yet mapped: numeric token,5.6,PENDING — SC-3 stopped traceability review,ambiguous,AMBIGUOUS,#### 5.6.3 Rule-Based Implementation at Layer 3,"Numeric extraction only; may be citation, date, identifier, illustration or result; semantic inventory incomplete."
publications/active/journal-1/submissions/v1-initial-submission/manuscript.md,5.6.3 Rule-Based Implementation at Layer 3,348,not yet mapped: numeric token,3,PENDING — SC-3 stopped traceability review,ambiguous,AMBIGUOUS,#### 5.6.3 Rule-Based Implementation at Layer 3,"Numeric extraction only; may be citation, date, identifier, illustration or result; semantic inventory incomplete."
publications/active/journal-1/submissions/v1-initial-submission/manuscript.md,5.6.3 Rule-Based Implementation at Layer 3,348,not yet mapped: numeric token,3,PENDING — SC-3 stopped traceability review,ambiguous,AMBIGUOUS,#### 5.6.3 Rule-Based Implementation at Layer 3,"Numeric extraction only; may be citation, date, identifier, illustration or result; semantic inventory incomplete."
publications/active/journal-1/submissions/v1-initial-submission/manuscript.md,5.6.3 Rule-Based Implementation at Layer 3,350,not yet mapped: numeric token,3,PENDING — SC-3 stopped traceability review,ambiguous,AMBIGUOUS,"Layer 3 is implemented as a rule-based symbolic reasoning engine, rather than a machine learning model or large language model, for three reasons. First, the Safety Dominance Property must be provable, not merely tested: a rule-based engine with finite, explicitly defined rule sets RS(S) admits exhaustive static verification — every rule's conclusion type can be inspected against A_AI(S) at design time. A learned model does not admit this: its output space is not enumerable from its parameters. Second, the O(1) inference time of a deterministic rule engine satisfies the low-resource deployment constraints of the coastal fisheries domain, where inference may execute on commodity hardware without reliable network access. Third, governance independence is structurally maintained when Layer 3 is a deterministic rule engine: there is no learned representation that could drift, be fine-tuned, or adapt in a way that affects governance behaviour. A machine learning model at Layer 3 could, in principle, learn to produce recommendation types outside its training distribution — the rule-based engine cannot.","Numeric extraction only; may be citation, date, identifier, illustration or result; semantic inventory incomplete."
publications/active/journal-1/submissions/v1-initial-submission/manuscript.md,5.6.3 Rule-Based Implementation at Layer 3,350,not yet mapped: numeric token,1,PENDING — SC-3 stopped traceability review,ambiguous,AMBIGUOUS,"Layer 3 is implemented as a rule-based symbolic reasoning engine, rather than a machine learning model or large language model, for three reasons. First, the Safety Dominance Property must be provable, not merely tested: a rule-based engine with finite, explicitly defined rule sets RS(S) admits exhaustive static verification — every rule's conclusion type can be inspected against A_AI(S) at design time. A learned model does not admit this: its output space is not enumerable from its parameters. Second, the O(1) inference time of a deterministic rule engine satisfies the low-resource deployment constraints of the coastal fisheries domain, where inference may execute on commodity hardware without reliable network access. Third, governance independence is structurally maintained when Layer 3 is a deterministic rule engine: there is no learned representation that could drift, be fine-tuned, or adapt in a way that affects governance behaviour. A machine learning model at Layer 3 could, in principle, learn to produce recommendation types outside its training distribution — the rule-based engine cannot.","Numeric extraction only; may be citation, date, identifier, illustration or result; semantic inventory incomplete."
publications/active/journal-1/submissions/v1-initial-submission/manuscript.md,5.6.3 Rule-Based Implementation at Layer 3,350,not yet mapped: numeric token,3,PENDING — SC-3 stopped traceability review,ambiguous,AMBIGUOUS,"Layer 3 is implemented as a rule-based symbolic reasoning engine, rather than a machine learning model or large language model, for three reasons. First, the Safety Dominance Property must be provable, not merely tested: a rule-based engine with finite, explicitly defined rule sets RS(S) admits exhaustive static verification — every rule's conclusion type can be inspected against A_AI(S) at design time. A learned model does not admit this: its output space is not enumerable from its parameters. Second, the O(1) inference time of a deterministic rule engine satisfies the low-resource deployment constraints of the coastal fisheries domain, where inference may execute on commodity hardware without reliable network access. Third, governance independence is structurally maintained when Layer 3 is a deterministic rule engine: there is no learned representation that could drift, be fine-tuned, or adapt in a way that affects governance behaviour. A machine learning model at Layer 3 could, in principle, learn to produce recommendation types outside its training distribution — the rule-based engine cannot.","Numeric extraction only; may be citation, date, identifier, illustration or result; semantic inventory incomplete."
publications/active/journal-1/submissions/v1-initial-submission/manuscript.md,5.6.3 Rule-Based Implementation at Layer 3,350,not yet mapped: numeric token,3,PENDING — SC-3 stopped traceability review,ambiguous,AMBIGUOUS,"Layer 3 is implemented as a rule-based symbolic reasoning engine, rather than a machine learning model or large language model, for three reasons. First, the Safety Dominance Property must be provable, not merely tested: a rule-based engine with finite, explicitly defined rule sets RS(S) admits exhaustive static verification — every rule's conclusion type can be inspected against A_AI(S) at design time. A learned model does not admit this: its output space is not enumerable from its parameters. Second, the O(1) inference time of a deterministic rule engine satisfies the low-resource deployment constraints of the coastal fisheries domain, where inference may execute on commodity hardware without reliable network access. Third, governance independence is structurally maintained when Layer 3 is a deterministic rule engine: there is no learned representation that could drift, be fine-tuned, or adapt in a way that affects governance behaviour. A machine learning model at Layer 3 could, in principle, learn to produce recommendation types outside its training distribution — the rule-based engine cannot.","Numeric extraction only; may be citation, date, identifier, illustration or result; semantic inventory incomplete."
publications/active/journal-1/submissions/v1-initial-submission/manuscript.md,5.6.3 Rule-Based Implementation at Layer 3,352,not yet mapped: numeric token,3,PENDING — SC-3 stopped traceability review,ambiguous,AMBIGUOUS,"Full justification for the Layer 3 design decision, including formal arguments against alternative implementations, is provided in the supplementary design rationale (available from the authors).","Numeric extraction only; may be citation, date, identifier, illustration or result; semantic inventory incomplete."
publications/active/journal-1/submissions/v1-initial-submission/manuscript.md,5.7 Section Summary,356,not yet mapped: numeric token,5.7,PENDING — SC-3 stopped traceability review,ambiguous,AMBIGUOUS,### 5.7 Section Summary,"Numeric extraction only; may be citation, date, identifier, illustration or result; semantic inventory incomplete."
publications/active/journal-1/submissions/v1-initial-submission/manuscript.md,5.7 Section Summary,358,not yet mapped: numeric token,4,PENDING — SC-3 stopped traceability review,ambiguous,AMBIGUOUS,Table 4 collects the formal symbols defined in this section.,"Numeric extraction only; may be citation, date, identifier, illustration or result; semantic inventory incomplete."
publications/active/journal-1/submissions/v1-initial-submission/manuscript.md,5.7 Section Summary,360,not yet mapped: numeric token,4,PENDING — SC-3 stopped traceability review,ambiguous,AMBIGUOUS,**Table 4. Symbol summary for Section 5.**,"Numeric extraction only; may be citation, date, identifier, illustration or result; semantic inventory incomplete."
publications/active/journal-1/submissions/v1-initial-submission/manuscript.md,5.7 Section Summary,360,not yet mapped: numeric token,5,PENDING — SC-3 stopped traceability review,ambiguous,AMBIGUOUS,**Table 4. Symbol summary for Section 5.**,"Numeric extraction only; may be citation, date, identifier, illustration or result; semantic inventory incomplete."
publications/active/journal-1/submissions/v1-initial-submission/manuscript.md,5.7 Section Summary,364,not yet mapped: numeric token,5.1,PENDING — SC-3 stopped traceability review,ambiguous,AMBIGUOUS,"| E = (w, r, m, o, v, t) | Environmental–operational state vector (Definition 5.1) |","Numeric extraction only; may be citation, date, identifier, illustration or result; semantic inventory incomplete."
publications/active/journal-1/submissions/v1-initial-submission/manuscript.md,5.7 Section Summary,365,not yet mapped: numeric token,5.3,PENDING — SC-3 stopped traceability review,ambiguous,AMBIGUOUS,| ≻ | Severity order: UNSAFE ≻ CAUTION ≻ SAFE (Definition 5.3) |,"Numeric extraction only; may be citation, date, identifier, illustration or result; semantic inventory incomplete."
publications/active/journal-1/submissions/v1-initial-submission/manuscript.md,5.7 Section Summary,366,not yet mapped: numeric token,5.4,PENDING — SC-3 stopped traceability review,ambiguous,AMBIGUOUS,"| gᵢ | Classification function for condition xᵢ ∈ {w, r, m, o, t} (Definition 5.4) |","Numeric extraction only; may be citation, date, identifier, illustration or result; semantic inventory incomplete."
publications/active/journal-1/submissions/v1-initial-submission/manuscript.md,5.7 Section Summary,367,not yet mapped: numeric token,5.4,PENDING — SC-3 stopped traceability review,ambiguous,AMBIGUOUS,"| g_o(o, v) | Wave height classification, conditioned on vessel category (Definition 5.4, Table 1b) |","Numeric extraction only; may be citation, date, identifier, illustration or result; semantic inventory incomplete."
publications/active/journal-1/submissions/v1-initial-submission/manuscript.md,5.7 Section Summary,367,not yet mapped: numeric token,1,PENDING — SC-3 stopped traceability review,ambiguous,AMBIGUOUS,"| g_o(o, v) | Wave height classification, conditioned on vessel category (Definition 5.4, Table 1b) |","Numeric extraction only; may be citation, date, identifier, illustration or result; semantic inventory incomplete."
publications/active/journal-1/submissions/v1-initial-submission/manuscript.md,5.7 Section Summary,368,not yet mapped: numeric token,5.5,PENDING — SC-3 stopped traceability review,ambiguous,AMBIGUOUS,| S = f(E) | Safety state classification function — worst-case aggregation (Definition 5.5) |,"Numeric extraction only; may be citation, date, identifier, illustration or result; semantic inventory incomplete."
publications/active/journal-1/submissions/v1-initial-submission/manuscript.md,5.7 Section Summary,369,not yet mapped: numeric token,5.6,PENDING — SC-3 stopped traceability review,ambiguous,AMBIGUOUS,"| R | Recommendation type space {Go, Delay, DepartureTime, Duration} (Definition 5.6) |","Numeric extraction only; may be citation, date, identifier, illustration or result; semantic inventory incomplete."
publications/active/journal-1/submissions/v1-initial-submission/manuscript.md,5.7 Section Summary,370,not yet mapped: numeric token,1,PENDING — SC-3 stopped traceability review,ambiguous,AMBIGUOUS,| G(S) | AI participation gate — Level 1 governance (Definition 5.7) |,"Numeric extraction only; may be citation, date, identifier, illustration or result; semantic inventory incomplete."
publications/active/journal-1/submissions/v1-initial-submission/manuscript.md,5.7 Section Summary,370,not yet mapped: numeric token,5.7,PENDING — SC-3 stopped traceability review,ambiguous,AMBIGUOUS,| G(S) | AI participation gate — Level 1 governance (Definition 5.7) |,"Numeric extraction only; may be citation, date, identifier, illustration or result; semantic inventory incomplete."
publications/active/journal-1/submissions/v1-initial-submission/manuscript.md,5.7 Section Summary,371,not yet mapped: numeric token,2,PENDING — SC-3 stopped traceability review,ambiguous,AMBIGUOUS,| A_AI(S) | AI-admissible recommendation space — Level 2 governance (Definition 5.8) |,"Numeric extraction only; may be citation, date, identifier, illustration or result; semantic inventory incomplete."
publications/active/journal-1/submissions/v1-initial-submission/manuscript.md,5.7 Section Summary,371,not yet mapped: numeric token,5.8,PENDING — SC-3 stopped traceability review,ambiguous,AMBIGUOUS,| A_AI(S) | AI-admissible recommendation space — Level 2 governance (Definition 5.8) |,"Numeric extraction only; may be citation, date, identifier, illustration or result; semantic inventory incomplete."
publications/active/journal-1/submissions/v1-initial-submission/manuscript.md,5.7 Section Summary,372,not yet mapped: numeric token,5.9,PENDING — SC-3 stopped traceability review,ambiguous,AMBIGUOUS,"| (G(S), A_AI(S)) | Governance pair — the core architectural contribution (Definition 5.9) |","Numeric extraction only; may be citation, date, identifier, illustration or result; semantic inventory incomplete."
publications/active/journal-1/submissions/v1-initial-submission/manuscript.md,5.7 Section Summary,373,not yet mapped: numeric token,3,PENDING — SC-3 stopped traceability review,ambiguous,AMBIGUOUS,| RS(S) | Rule set supplied to Layer 3 before advisory reasoning begins (Definition 5.10) |,"Numeric extraction only; may be citation, date, identifier, illustration or result; semantic inventory incomplete."
publications/active/journal-1/submissions/v1-initial-submission/manuscript.md,5.7 Section Summary,373,not yet mapped: numeric token,5.10,PENDING — SC-3 stopped traceability review,ambiguous,AMBIGUOUS,| RS(S) | Rule set supplied to Layer 3 before advisory reasoning begins (Definition 5.10) |,"Numeric extraction only; may be citation, date, identifier, illustration or result; semantic inventory incomplete."
publications/active/journal-1/submissions/v1-initial-submission/manuscript.md,5.7 Section Summary,374,not yet mapped: numeric token,1,PENDING — SC-3 stopped traceability review,ambiguous,AMBIGUOUS,"| AI(E) | AI-generated recommendations: Reasoning Engine(E, RS(S)) if G(S) = 1; ∅ if G(S) = 0 (Definition 5.11) |","Numeric extraction only; may be citation, date, identifier, illustration or result; semantic inventory incomplete."
publications/active/journal-1/submissions/v1-initial-submission/manuscript.md,5.7 Section Summary,374,not yet mapped: numeric token,0,PENDING — SC-3 stopped traceability review,ambiguous,AMBIGUOUS,"| AI(E) | AI-generated recommendations: Reasoning Engine(E, RS(S)) if G(S) = 1; ∅ if G(S) = 0 (Definition 5.11) |","Numeric extraction only; may be citation, date, identifier, illustration or result; semantic inventory incomplete."
publications/active/journal-1/submissions/v1-initial-submission/manuscript.md,5.7 Section Summary,374,not yet mapped: numeric token,5.11,PENDING — SC-3 stopped traceability review,ambiguous,AMBIGUOUS,"| AI(E) | AI-generated recommendations: Reasoning Engine(E, RS(S)) if G(S) = 1; ∅ if G(S) = 0 (Definition 5.11) |","Numeric extraction only; may be citation, date, identifier, illustration or result; semantic inventory incomplete."
publications/active/journal-1/submissions/v1-initial-submission/manuscript.md,5.7 Section Summary,380,not yet mapped: numeric token,6,PENDING — SC-3 stopped traceability review,ambiguous,AMBIGUOUS,"Section 6 proves Theorems 5.1–5.3 (Totality, Monotonicity, Safety Dominance Property) with full case analysis. Section 7 specifies the algorithms implementing f(E) and the RS(S) supply mechanism. Section 9 describes the prototype implementation, including the complete rule sets RS(SAFE) and RS(CAUTION). Section 10 presents the experimental evaluation comparing the graduated architecture against ungated and binary-gated baselines.","Numeric extraction only; may be citation, date, identifier, illustration or result; semantic inventory incomplete."
publications/active/journal-1/submissions/v1-initial-submission/manuscript.md,5.7 Section Summary,380,not yet mapped: numeric token,5.1,PENDING — SC-3 stopped traceability review,ambiguous,AMBIGUOUS,"Section 6 proves Theorems 5.1–5.3 (Totality, Monotonicity, Safety Dominance Property) with full case analysis. Section 7 specifies the algorithms implementing f(E) and the RS(S) supply mechanism. Section 9 describes the prototype implementation, including the complete rule sets RS(SAFE) and RS(CAUTION). Section 10 presents the experimental evaluation comparing the graduated architecture against ungated and binary-gated baselines.","Numeric extraction only; may be citation, date, identifier, illustration or result; semantic inventory incomplete."
publications/active/journal-1/submissions/v1-initial-submission/manuscript.md,5.7 Section Summary,380,not yet mapped: numeric token,5.3,PENDING — SC-3 stopped traceability review,ambiguous,AMBIGUOUS,"Section 6 proves Theorems 5.1–5.3 (Totality, Monotonicity, Safety Dominance Property) with full case analysis. Section 7 specifies the algorithms implementing f(E) and the RS(S) supply mechanism. Section 9 describes the prototype implementation, including the complete rule sets RS(SAFE) and RS(CAUTION). Section 10 presents the experimental evaluation comparing the graduated architecture against ungated and binary-gated baselines.","Numeric extraction only; may be citation, date, identifier, illustration or result; semantic inventory incomplete."
publications/active/journal-1/submissions/v1-initial-submission/manuscript.md,5.7 Section Summary,380,not yet mapped: numeric token,7,PENDING — SC-3 stopped traceability review,ambiguous,AMBIGUOUS,"Section 6 proves Theorems 5.1–5.3 (Totality, Monotonicity, Safety Dominance Property) with full case analysis. Section 7 specifies the algorithms implementing f(E) and the RS(S) supply mechanism. Section 9 describes the prototype implementation, including the complete rule sets RS(SAFE) and RS(CAUTION). Section 10 presents the experimental evaluation comparing the graduated architecture against ungated and binary-gated baselines.","Numeric extraction only; may be citation, date, identifier, illustration or result; semantic inventory incomplete."
publications/active/journal-1/submissions/v1-initial-submission/manuscript.md,5.7 Section Summary,380,not yet mapped: numeric token,9,PENDING — SC-3 stopped traceability review,ambiguous,AMBIGUOUS,"Section 6 proves Theorems 5.1–5.3 (Totality, Monotonicity, Safety Dominance Property) with full case analysis. Section 7 specifies the algorithms implementing f(E) and the RS(S) supply mechanism. Section 9 describes the prototype implementation, including the complete rule sets RS(SAFE) and RS(CAUTION). Section 10 presents the experimental evaluation comparing the graduated architecture against ungated and binary-gated baselines.","Numeric extraction only; may be citation, date, identifier, illustration or result; semantic inventory incomplete."
publications/active/journal-1/submissions/v1-initial-submission/manuscript.md,5.7 Section Summary,380,not yet mapped: numeric token,10,PENDING — SC-3 stopped traceability review,ambiguous,AMBIGUOUS,"Section 6 proves Theorems 5.1–5.3 (Totality, Monotonicity, Safety Dominance Property) with full case analysis. Section 7 specifies the algorithms implementing f(E) and the RS(S) supply mechanism. Section 9 describes the prototype implementation, including the complete rule sets RS(SAFE) and RS(CAUTION). Section 10 presents the experimental evaluation comparing the graduated architecture against ungated and binary-gated baselines.","Numeric extraction only; may be citation, date, identifier, illustration or result; semantic inventory incomplete."
publications/active/journal-1/submissions/v1-initial-submission/manuscript.md,6. Theoretical Analysis,384,not yet mapped: numeric token,6,PENDING — SC-3 stopped traceability review,ambiguous,AMBIGUOUS,## 6. Theoretical Analysis,"Numeric extraction only; may be citation, date, identifier, illustration or result; semantic inventory incomplete."
publications/active/journal-1/submissions/v1-initial-submission/manuscript.md,6.1 Overview,386,not yet mapped: numeric token,6.1,PENDING — SC-3 stopped traceability review,ambiguous,AMBIGUOUS,### 6.1 Overview,"Numeric extraction only; may be citation, date, identifier, illustration or result; semantic inventory incomplete."
publications/active/journal-1/submissions/v1-initial-submission/manuscript.md,6.1 Overview,388,not yet mapped: numeric token,5,PENDING — SC-3 stopped traceability review,ambiguous,AMBIGUOUS,"This section proves the three formal properties stated in Section 5. All proofs proceed by exhaustive case analysis over the finite state set {SAFE, CAUTION, UNSAFE} — no induction is required. The proofs are by construction: they depend only on the definitions given in Section 5, not on runtime behaviour or empirical observation.","Numeric extraction only; may be citation, date, identifier, illustration or result; semantic inventory incomplete."
publications/active/journal-1/submissions/v1-initial-submission/manuscript.md,6.1 Overview,388,not yet mapped: numeric token,5,PENDING — SC-3 stopped traceability review,ambiguous,AMBIGUOUS,"This section proves the three formal properties stated in Section 5. All proofs proceed by exhaustive case analysis over the finite state set {SAFE, CAUTION, UNSAFE} — no induction is required. The proofs are by construction: they depend only on the definitions given in Section 5, not on runtime behaviour or empirical observation.","Numeric extraction only; may be citation, date, identifier, illustration or result; semantic inventory incomplete."
publications/active/journal-1/submissions/v1-initial-submission/manuscript.md,6.1 Overview,392,not yet mapped: numeric token,6.1,PENDING — SC-3 stopped traceability review,ambiguous,AMBIGUOUS,- **Theorem 6.1 (Totality of f):** every environmental state E maps to exactly one safety state S. This is a necessary precondition for the other two theorems — they presuppose that f(E) is always defined.,"Numeric extraction only; may be citation, date, identifier, illustration or result; semantic inventory incomplete."
publications/active/journal-1/submissions/v1-initial-submission/manuscript.md,6.1 Overview,393,not yet mapped: numeric token,6.2,PENDING — SC-3 stopped traceability review,ambiguous,AMBIGUOUS,"- **Theorem 6.2 (Monotonicity of A_AI):** as the safety state becomes more severe, the AI admissible recommendation space never expands. Properties 5.1 and 5.2 follow as corollaries.","Numeric extraction only; may be citation, date, identifier, illustration or result; semantic inventory incomplete."
publications/active/journal-1/submissions/v1-initial-submission/manuscript.md,6.1 Overview,393,not yet mapped: numeric token,5.1,PENDING — SC-3 stopped traceability review,ambiguous,AMBIGUOUS,"- **Theorem 6.2 (Monotonicity of A_AI):** as the safety state becomes more severe, the AI admissible recommendation space never expands. Properties 5.1 and 5.2 follow as corollaries.","Numeric extraction only; may be citation, date, identifier, illustration or result; semantic inventory incomplete."
publications/active/journal-1/submissions/v1-initial-submission/manuscript.md,6.1 Overview,393,not yet mapped: numeric token,5.2,PENDING — SC-3 stopped traceability review,ambiguous,AMBIGUOUS,"- **Theorem 6.2 (Monotonicity of A_AI):** as the safety state becomes more severe, the AI admissible recommendation space never expands. Properties 5.1 and 5.2 follow as corollaries.","Numeric extraction only; may be citation, date, identifier, illustration or result; semantic inventory incomplete."
publications/active/journal-1/submissions/v1-initial-submission/manuscript.md,6.1 Overview,394,not yet mapped: numeric token,6.3,PENDING — SC-3 stopped traceability review,ambiguous,AMBIGUOUS,- **Theorem 6.3 (Safety Dominance Property):** the AI can only generate recommendations within the admissible space defined by the current safety state. This is the load-bearing safety theorem; it holds by construction from the RS(S) supply mechanism.,"Numeric extraction only; may be citation, date, identifier, illustration or result; semantic inventory incomplete."
publications/active/journal-1/submissions/v1-initial-submission/manuscript.md,6.2 Theorem 6.1: Totality of f,400,not yet mapped: numeric token,6.2,PENDING — SC-3 stopped traceability review,ambiguous,AMBIGUOUS,### 6.2 Theorem 6.1: Totality of f,"Numeric extraction only; may be citation, date, identifier, illustration or result; semantic inventory incomplete."
publications/active/journal-1/submissions/v1-initial-submission/manuscript.md,6.2 Theorem 6.1: Totality of f,400,not yet mapped: numeric token,6.1,PENDING — SC-3 stopped traceability review,ambiguous,AMBIGUOUS,### 6.2 Theorem 6.1: Totality of f,"Numeric extraction only; may be citation, date, identifier, illustration or result; semantic inventory incomplete."
publications/active/journal-1/submissions/v1-initial-submission/manuscript.md,6.2 Theorem 6.1: Totality of f,402,not yet mapped: numeric token,6.1,PENDING — SC-3 stopped traceability review,ambiguous,AMBIGUOUS,"**Theorem 6.1 (Totality of f).** For all E in its domain, f(E) is defined and returns exactly one element of {SAFE, CAUTION, UNSAFE}.","Numeric extraction only; may be citation, date, identifier, illustration or result; semantic inventory incomplete."
publications/active/journal-1/submissions/v1-initial-submission/manuscript.md,6.2 Theorem 6.1: Totality of f,408,not yet mapped: numeric token,0,PENDING — SC-3 stopped traceability review,ambiguous,AMBIGUOUS,"- **g_w:** The three intervals [0, 22], (22, 27], (27, +∞) partition ℝ≥0 exhaustively with no gaps and no overlaps. Every w ∈ ℝ≥0 falls in exactly one interval. ✓","Numeric extraction only; may be citation, date, identifier, illustration or result; semantic inventory incomplete."
publications/active/journal-1/submissions/v1-initial-submission/manuscript.md,6.2 Theorem 6.1: Totality of f,408,not yet mapped: numeric token,22,PENDING — SC-3 stopped traceability review,ambiguous,AMBIGUOUS,"- **g_w:** The three intervals [0, 22], (22, 27], (27, +∞) partition ℝ≥0 exhaustively with no gaps and no overlaps. Every w ∈ ℝ≥0 falls in exactly one interval. ✓","Numeric extraction only; may be citation, date, identifier, illustration or result; semantic inventory incomplete."
publications/active/journal-1/submissions/v1-initial-submission/manuscript.md,6.2 Theorem 6.1: Totality of f,408,not yet mapped: numeric token,22,PENDING — SC-3 stopped traceability review,ambiguous,AMBIGUOUS,"- **g_w:** The three intervals [0, 22], (22, 27], (27, +∞) partition ℝ≥0 exhaustively with no gaps and no overlaps. Every w ∈ ℝ≥0 falls in exactly one interval. ✓","Numeric extraction only; may be citation, date, identifier, illustration or result; semantic inventory incomplete."
publications/active/journal-1/submissions/v1-initial-submission/manuscript.md,6.2 Theorem 6.1: Totality of f,408,not yet mapped: numeric token,27,PENDING — SC-3 stopped traceability review,ambiguous,AMBIGUOUS,"- **g_w:** The three intervals [0, 22], (22, 27], (27, +∞) partition ℝ≥0 exhaustively with no gaps and no overlaps. Every w ∈ ℝ≥0 falls in exactly one interval. ✓","Numeric extraction only; may be citation, date, identifier, illustration or result; semantic inventory incomplete."
publications/active/journal-1/submissions/v1-initial-submission/manuscript.md,6.2 Theorem 6.1: Totality of f,408,not yet mapped: numeric token,27,PENDING — SC-3 stopped traceability review,ambiguous,AMBIGUOUS,"- **g_w:** The three intervals [0, 22], (22, 27], (27, +∞) partition ℝ≥0 exhaustively with no gaps and no overlaps. Every w ∈ ℝ≥0 falls in exactly one interval. ✓","Numeric extraction only; may be citation, date, identifier, illustration or result; semantic inventory incomplete."
publications/active/journal-1/submissions/v1-initial-submission/manuscript.md,6.2 Theorem 6.1: Totality of f,408,not yet mapped: numeric token,0,PENDING — SC-3 stopped traceability review,ambiguous,AMBIGUOUS,"- **g_w:** The three intervals [0, 22], (22, 27], (27, +∞) partition ℝ≥0 exhaustively with no gaps and no overlaps. Every w ∈ ℝ≥0 falls in exactly one interval. ✓","Numeric extraction only; may be citation, date, identifier, illustration or result; semantic inventory incomplete."
publications/active/journal-1/submissions/v1-initial-submission/manuscript.md,6.2 Theorem 6.1: Totality of f,408,not yet mapped: numeric token,0,PENDING — SC-3 stopped traceability review,ambiguous,AMBIGUOUS,"- **g_w:** The three intervals [0, 22], (22, 27], (27, +∞) partition ℝ≥0 exhaustively with no gaps and no overlaps. Every w ∈ ℝ≥0 falls in exactly one interval. ✓","Numeric extraction only; may be citation, date, identifier, illustration or result; semantic inventory incomplete."
publications/active/journal-1/submissions/v1-initial-submission/manuscript.md,6.2 Theorem 6.1: Totality of f,411,not yet mapped: numeric token,0,PENDING — SC-3 stopped traceability review,ambiguous,AMBIGUOUS,"- **g_o:** Two-argument, with domain ℝ≥0 × {small, medium, big}. Totality follows in two steps. First, for each fixed v, the corresponding row of Table 1b induces three intervals partitioning ℝ≥0 exhaustively with no overlap — [0, 1.0), [1.0, 1.9], (1.9, +∞) for small; [0, 1.4), [1.4, 2.8], (2.8, +∞) for medium; [0, 1.5), [1.5, 3.5], (3.5, +∞) for big. Second, {small, medium, big} is finite and exhausts the domain of v. Every pair (o, v) therefore selects exactly one row and falls within exactly one interval of that row. ✓","Numeric extraction only; may be citation, date, identifier, illustration or result; semantic inventory incomplete."
publications/active/journal-1/submissions/v1-initial-submission/manuscript.md,6.2 Theorem 6.1: Totality of f,411,not yet mapped: numeric token,1,PENDING — SC-3 stopped traceability review,ambiguous,AMBIGUOUS,"- **g_o:** Two-argument, with domain ℝ≥0 × {small, medium, big}. Totality follows in two steps. First, for each fixed v, the corresponding row of Table 1b induces three intervals partitioning ℝ≥0 exhaustively with no overlap — [0, 1.0), [1.0, 1.9], (1.9, +∞) for small; [0, 1.4), [1.4, 2.8], (2.8, +∞) for medium; [0, 1.5), [1.5, 3.5], (3.5, +∞) for big. Second, {small, medium, big} is finite and exhausts the domain of v. Every pair (o, v) therefore selects exactly one row and falls within exactly one interval of that row. ✓","Numeric extraction only; may be citation, date, identifier, illustration or result; semantic inventory incomplete."
publications/active/journal-1/submissions/v1-initial-submission/manuscript.md,6.2 Theorem 6.1: Totality of f,411,not yet mapped: numeric token,0,PENDING — SC-3 stopped traceability review,ambiguous,AMBIGUOUS,"- **g_o:** Two-argument, with domain ℝ≥0 × {small, medium, big}. Totality follows in two steps. First, for each fixed v, the corresponding row of Table 1b induces three intervals partitioning ℝ≥0 exhaustively with no overlap — [0, 1.0), [1.0, 1.9], (1.9, +∞) for small; [0, 1.4), [1.4, 2.8], (2.8, +∞) for medium; [0, 1.5), [1.5, 3.5], (3.5, +∞) for big. Second, {small, medium, big} is finite and exhausts the domain of v. Every pair (o, v) therefore selects exactly one row and falls within exactly one interval of that row. ✓","Numeric extraction only; may be citation, date, identifier, illustration or result; semantic inventory incomplete."
publications/active/journal-1/submissions/v1-initial-submission/manuscript.md,6.2 Theorem 6.1: Totality of f,411,not yet mapped: numeric token,0,PENDING — SC-3 stopped traceability review,ambiguous,AMBIGUOUS,"- **g_o:** Two-argument, with domain ℝ≥0 × {small, medium, big}. Totality follows in two steps. First, for each fixed v, the corresponding row of Table 1b induces three intervals partitioning ℝ≥0 exhaustively with no overlap — [0, 1.0), [1.0, 1.9], (1.9, +∞) for small; [0, 1.4), [1.4, 2.8], (2.8, +∞) for medium; [0, 1.5), [1.5, 3.5], (3.5, +∞) for big. Second, {small, medium, big} is finite and exhausts the domain of v. Every pair (o, v) therefore selects exactly one row and falls within exactly one interval of that row. ✓","Numeric extraction only; may be citation, date, identifier, illustration or result; semantic inventory incomplete."
publications/active/journal-1/submissions/v1-initial-submission/manuscript.md,6.2 Theorem 6.1: Totality of f,411,not yet mapped: numeric token,1.0,PENDING — SC-3 stopped traceability review,ambiguous,AMBIGUOUS,"- **g_o:** Two-argument, with domain ℝ≥0 × {small, medium, big}. Totality follows in two steps. First, for each fixed v, the corresponding row of Table 1b induces three intervals partitioning ℝ≥0 exhaustively with no overlap — [0, 1.0), [1.0, 1.9], (1.9, +∞) for small; [0, 1.4), [1.4, 2.8], (2.8, +∞) for medium; [0, 1.5), [1.5, 3.5], (3.5, +∞) for big. Second, {small, medium, big} is finite and exhausts the domain of v. Every pair (o, v) therefore selects exactly one row and falls within exactly one interval of that row. ✓","Numeric extraction only; may be citation, date, identifier, illustration or result; semantic inventory incomplete."
publications/active/journal-1/submissions/v1-initial-submission/manuscript.md,6.2 Theorem 6.1: Totality of f,411,not yet mapped: numeric token,1.0,PENDING — SC-3 stopped traceability review,ambiguous,AMBIGUOUS,"- **g_o:** Two-argument, with domain ℝ≥0 × {small, medium, big}. Totality follows in two steps. First, for each fixed v, the corresponding row of Table 1b induces three intervals partitioning ℝ≥0 exhaustively with no overlap — [0, 1.0), [1.0, 1.9], (1.9, +∞) for small; [0, 1.4), [1.4, 2.8], (2.8, +∞) for medium; [0, 1.5), [1.5, 3.5], (3.5, +∞) for big. Second, {small, medium, big} is finite and exhausts the domain of v. Every pair (o, v) therefore selects exactly one row and falls within exactly one interval of that row. ✓","Numeric extraction only; may be citation, date, identifier, illustration or result; semantic inventory incomplete."
publications/active/journal-1/submissions/v1-initial-submission/manuscript.md,6.2 Theorem 6.1: Totality of f,411,not yet mapped: numeric token,1.9,PENDING — SC-3 stopped traceability review,ambiguous,AMBIGUOUS,"- **g_o:** Two-argument, with domain ℝ≥0 × {small, medium, big}. Totality follows in two steps. First, for each fixed v, the corresponding row of Table 1b induces three intervals partitioning ℝ≥0 exhaustively with no overlap — [0, 1.0), [1.0, 1.9], (1.9, +∞) for small; [0, 1.4), [1.4, 2.8], (2.8, +∞) for medium; [0, 1.5), [1.5, 3.5], (3.5, +∞) for big. Second, {small, medium, big} is finite and exhausts the domain of v. Every pair (o, v) therefore selects exactly one row and falls within exactly one interval of that row. ✓","Numeric extraction only; may be citation, date, identifier, illustration or result; semantic inventory incomplete."
publications/active/journal-1/submissions/v1-initial-submission/manuscript.md,6.2 Theorem 6.1: Totality of f,411,not yet mapped: numeric token,1.9,PENDING — SC-3 stopped traceability review,ambiguous,AMBIGUOUS,"- **g_o:** Two-argument, with domain ℝ≥0 × {small, medium, big}. Totality follows in two steps. First, for each fixed v, the corresponding row of Table 1b induces three intervals partitioning ℝ≥0 exhaustively with no overlap — [0, 1.0), [1.0, 1.9], (1.9, +∞) for small; [0, 1.4), [1.4, 2.8], (2.8, +∞) for medium; [0, 1.5), [1.5, 3.5], (3.5, +∞) for big. Second, {small, medium, big} is finite and exhausts the domain of v. Every pair (o, v) therefore selects exactly one row and falls within exactly one interval of that row. ✓","Numeric extraction only; may be citation, date, identifier, illustration or result; semantic inventory incomplete."
publications/active/journal-1/submissions/v1-initial-submission/manuscript.md,6.2 Theorem 6.1: Totality of f,411,not yet mapped: numeric token,0,PENDING — SC-3 stopped traceability review,ambiguous,AMBIGUOUS,"- **g_o:** Two-argument, with domain ℝ≥0 × {small, medium, big}. Totality follows in two steps. First, for each fixed v, the corresponding row of Table 1b induces three intervals partitioning ℝ≥0 exhaustively with no overlap — [0, 1.0), [1.0, 1.9], (1.9, +∞) for small; [0, 1.4), [1.4, 2.8], (2.8, +∞) for medium; [0, 1.5), [1.5, 3.5], (3.5, +∞) for big. Second, {small, medium, big} is finite and exhausts the domain of v. Every pair (o, v) therefore selects exactly one row and falls within exactly one interval of that row. ✓","Numeric extraction only; may be citation, date, identifier, illustration or result; semantic inventory incomplete."
publications/active/journal-1/submissions/v1-initial-submission/manuscript.md,6.2 Theorem 6.1: Totality of f,411,not yet mapped: numeric token,1.4,PENDING — SC-3 stopped traceability review,ambiguous,AMBIGUOUS,"- **g_o:** Two-argument, with domain ℝ≥0 × {small, medium, big}. Totality follows in two steps. First, for each fixed v, the corresponding row of Table 1b induces three intervals partitioning ℝ≥0 exhaustively with no overlap — [0, 1.0), [1.0, 1.9], (1.9, +∞) for small; [0, 1.4), [1.4, 2.8], (2.8, +∞) for medium; [0, 1.5), [1.5, 3.5], (3.5, +∞) for big. Second, {small, medium, big} is finite and exhausts the domain of v. Every pair (o, v) therefore selects exactly one row and falls within exactly one interval of that row. ✓","Numeric extraction only; may be citation, date, identifier, illustration or result; semantic inventory incomplete."
publications/active/journal-1/submissions/v1-initial-submission/manuscript.md,6.2 Theorem 6.1: Totality of f,411,not yet mapped: numeric token,1.4,PENDING — SC-3 stopped traceability review,ambiguous,AMBIGUOUS,"- **g_o:** Two-argument, with domain ℝ≥0 × {small, medium, big}. Totality follows in two steps. First, for each fixed v, the corresponding row of Table 1b induces three intervals partitioning ℝ≥0 exhaustively with no overlap — [0, 1.0), [1.0, 1.9], (1.9, +∞) for small; [0, 1.4), [1.4, 2.8], (2.8, +∞) for medium; [0, 1.5), [1.5, 3.5], (3.5, +∞) for big. Second, {small, medium, big} is finite and exhausts the domain of v. Every pair (o, v) therefore selects exactly one row and falls within exactly one interval of that row. ✓","Numeric extraction only; may be citation, date, identifier, illustration or result; semantic inventory incomplete."
publications/active/journal-1/submissions/v1-initial-submission/manuscript.md,6.2 Theorem 6.1: Totality of f,411,not yet mapped: numeric token,2.8,PENDING — SC-3 stopped traceability review,ambiguous,AMBIGUOUS,"- **g_o:** Two-argument, with domain ℝ≥0 × {small, medium, big}. Totality follows in two steps. First, for each fixed v, the corresponding row of Table 1b induces three intervals partitioning ℝ≥0 exhaustively with no overlap — [0, 1.0), [1.0, 1.9], (1.9, +∞) for small; [0, 1.4), [1.4, 2.8], (2.8, +∞) for medium; [0, 1.5), [1.5, 3.5], (3.5, +∞) for big. Second, {small, medium, big} is finite and exhausts the domain of v. Every pair (o, v) therefore selects exactly one row and falls within exactly one interval of that row. ✓","Numeric extraction only; may be citation, date, identifier, illustration or result; semantic inventory incomplete."
publications/active/journal-1/submissions/v1-initial-submission/manuscript.md,6.2 Theorem 6.1: Totality of f,411,not yet mapped: numeric token,2.8,PENDING — SC-3 stopped traceability review,ambiguous,AMBIGUOUS,"- **g_o:** Two-argument, with domain ℝ≥0 × {small, medium, big}. Totality follows in two steps. First, for each fixed v, the corresponding row of Table 1b induces three intervals partitioning ℝ≥0 exhaustively with no overlap — [0, 1.0), [1.0, 1.9], (1.9, +∞) for small; [0, 1.4), [1.4, 2.8], (2.8, +∞) for medium; [0, 1.5), [1.5, 3.5], (3.5, +∞) for big. Second, {small, medium, big} is finite and exhausts the domain of v. Every pair (o, v) therefore selects exactly one row and falls within exactly one interval of that row. ✓","Numeric extraction only; may be citation, date, identifier, illustration or result; semantic inventory incomplete."
publications/active/journal-1/submissions/v1-initial-submission/manuscript.md,6.2 Theorem 6.1: Totality of f,411,not yet mapped: numeric token,0,PENDING — SC-3 stopped traceability review,ambiguous,AMBIGUOUS,"- **g_o:** Two-argument, with domain ℝ≥0 × {small, medium, big}. Totality follows in two steps. First, for each fixed v, the corresponding row of Table 1b induces three intervals partitioning ℝ≥0 exhaustively with no overlap — [0, 1.0), [1.0, 1.9], (1.9, +∞) for small; [0, 1.4), [1.4, 2.8], (2.8, +∞) for medium; [0, 1.5), [1.5, 3.5], (3.5, +∞) for big. Second, {small, medium, big} is finite and exhausts the domain of v. Every pair (o, v) therefore selects exactly one row and falls within exactly one interval of that row. ✓","Numeric extraction only; may be citation, date, identifier, illustration or result; semantic inventory incomplete."
publications/active/journal-1/submissions/v1-initial-submission/manuscript.md,6.2 Theorem 6.1: Totality of f,411,not yet mapped: numeric token,1.5,PENDING — SC-3 stopped traceability review,ambiguous,AMBIGUOUS,"- **g_o:** Two-argument, with domain ℝ≥0 × {small, medium, big}. Totality follows in two steps. First, for each fixed v, the corresponding row of Table 1b induces three intervals partitioning ℝ≥0 exhaustively with no overlap — [0, 1.0), [1.0, 1.9], (1.9, +∞) for small; [0, 1.4), [1.4, 2.8], (2.8, +∞) for medium; [0, 1.5), [1.5, 3.5], (3.5, +∞) for big. Second, {small, medium, big} is finite and exhausts the domain of v. Every pair (o, v) therefore selects exactly one row and falls within exactly one interval of that row. ✓","Numeric extraction only; may be citation, date, identifier, illustration or result; semantic inventory incomplete."
publications/active/journal-1/submissions/v1-initial-submission/manuscript.md,6.2 Theorem 6.1: Totality of f,411,not yet mapped: numeric token,1.5,PENDING — SC-3 stopped traceability review,ambiguous,AMBIGUOUS,"- **g_o:** Two-argument, with domain ℝ≥0 × {small, medium, big}. Totality follows in two steps. First, for each fixed v, the corresponding row of Table 1b induces three intervals partitioning ℝ≥0 exhaustively with no overlap — [0, 1.0), [1.0, 1.9], (1.9, +∞) for small; [0, 1.4), [1.4, 2.8], (2.8, +∞) for medium; [0, 1.5), [1.5, 3.5], (3.5, +∞) for big. Second, {small, medium, big} is finite and exhausts the domain of v. Every pair (o, v) therefore selects exactly one row and falls within exactly one interval of that row. ✓","Numeric extraction only; may be citation, date, identifier, illustration or result; semantic inventory incomplete."
publications/active/journal-1/submissions/v1-initial-submission/manuscript.md,6.2 Theorem 6.1: Totality of f,411,not yet mapped: numeric token,3.5,PENDING — SC-3 stopped traceability review,ambiguous,AMBIGUOUS,"- **g_o:** Two-argument, with domain ℝ≥0 × {small, medium, big}. Totality follows in two steps. First, for each fixed v, the corresponding row of Table 1b induces three intervals partitioning ℝ≥0 exhaustively with no overlap — [0, 1.0), [1.0, 1.9], (1.9, +∞) for small; [0, 1.4), [1.4, 2.8], (2.8, +∞) for medium; [0, 1.5), [1.5, 3.5], (3.5, +∞) for big. Second, {small, medium, big} is finite and exhausts the domain of v. Every pair (o, v) therefore selects exactly one row and falls within exactly one interval of that row. ✓","Numeric extraction only; may be citation, date, identifier, illustration or result; semantic inventory incomplete."
publications/active/journal-1/submissions/v1-initial-submission/manuscript.md,6.2 Theorem 6.1: Totality of f,411,not yet mapped: numeric token,3.5,PENDING — SC-3 stopped traceability review,ambiguous,AMBIGUOUS,"- **g_o:** Two-argument, with domain ℝ≥0 × {small, medium, big}. Totality follows in two steps. First, for each fixed v, the corresponding row of Table 1b induces three intervals partitioning ℝ≥0 exhaustively with no overlap — [0, 1.0), [1.0, 1.9], (1.9, +∞) for small; [0, 1.4), [1.4, 2.8], (2.8, +∞) for medium; [0, 1.5), [1.5, 3.5], (3.5, +∞) for big. Second, {small, medium, big} is finite and exhausts the domain of v. Every pair (o, v) therefore selects exactly one row and falls within exactly one interval of that row. ✓","Numeric extraction only; may be citation, date, identifier, illustration or result; semantic inventory incomplete."
publications/active/journal-1/submissions/v1-initial-submission/manuscript.md,6.2 Theorem 6.1: Totality of f,412,not yet mapped: numeric token,6.0,PENDING — SC-3 stopped traceability review,ambiguous,AMBIGUOUS,"- **g_t:** The intervals [6.0, 17.0), [17.0, 19.0), [19.0, 24.0) ∪ [0.0, 6.0) partition [0, 24) exhaustively. Every t ∈ [0, 24) falls in exactly one interval. ✓","Numeric extraction only; may be citation, date, identifier, illustration or result; semantic inventory incomplete."
publications/active/journal-1/submissions/v1-initial-submission/manuscript.md,6.2 Theorem 6.1: Totality of f,412,not yet mapped: numeric token,17.0,PENDING — SC-3 stopped traceability review,ambiguous,AMBIGUOUS,"- **g_t:** The intervals [6.0, 17.0), [17.0, 19.0), [19.0, 24.0) ∪ [0.0, 6.0) partition [0, 24) exhaustively. Every t ∈ [0, 24) falls in exactly one interval. ✓","Numeric extraction only; may be citation, date, identifier, illustration or result; semantic inventory incomplete."
publications/active/journal-1/submissions/v1-initial-submission/manuscript.md,6.2 Theorem 6.1: Totality of f,412,not yet mapped: numeric token,17.0,PENDING — SC-3 stopped traceability review,ambiguous,AMBIGUOUS,"- **g_t:** The intervals [6.0, 17.0), [17.0, 19.0), [19.0, 24.0) ∪ [0.0, 6.0) partition [0, 24) exhaustively. Every t ∈ [0, 24) falls in exactly one interval. ✓","Numeric extraction only; may be citation, date, identifier, illustration or result; semantic inventory incomplete."
publications/active/journal-1/submissions/v1-initial-submission/manuscript.md,6.2 Theorem 6.1: Totality of f,412,not yet mapped: numeric token,19.0,PENDING — SC-3 stopped traceability review,ambiguous,AMBIGUOUS,"- **g_t:** The intervals [6.0, 17.0), [17.0, 19.0), [19.0, 24.0) ∪ [0.0, 6.0) partition [0, 24) exhaustively. Every t ∈ [0, 24) falls in exactly one interval. ✓","Numeric extraction only; may be citation, date, identifier, illustration or result; semantic inventory incomplete."
publications/active/journal-1/submissions/v1-initial-submission/manuscript.md,6.2 Theorem 6.1: Totality of f,412,not yet mapped: numeric token,19.0,PENDING — SC-3 stopped traceability review,ambiguous,AMBIGUOUS,"- **g_t:** The intervals [6.0, 17.0), [17.0, 19.0), [19.0, 24.0) ∪ [0.0, 6.0) partition [0, 24) exhaustively. Every t ∈ [0, 24) falls in exactly one interval. ✓","Numeric extraction only; may be citation, date, identifier, illustration or result; semantic inventory incomplete."
publications/active/journal-1/submissions/v1-initial-submission/manuscript.md,6.2 Theorem 6.1: Totality of f,412,not yet mapped: numeric token,24.0,PENDING — SC-3 stopped traceability review,ambiguous,AMBIGUOUS,"- **g_t:** The intervals [6.0, 17.0), [17.0, 19.0), [19.0, 24.0) ∪ [0.0, 6.0) partition [0, 24) exhaustively. Every t ∈ [0, 24) falls in exactly one interval. ✓","Numeric extraction only; may be citation, date, identifier, illustration or result; semantic inventory incomplete."
publications/active/journal-1/submissions/v1-initial-submission/manuscript.md,6.2 Theorem 6.1: Totality of f,412,not yet mapped: numeric token,0.0,PENDING — SC-3 stopped traceability review,ambiguous,AMBIGUOUS,"- **g_t:** The intervals [6.0, 17.0), [17.0, 19.0), [19.0, 24.0) ∪ [0.0, 6.0) partition [0, 24) exhaustively. Every t ∈ [0, 24) falls in exactly one interval. ✓","Numeric extraction only; may be citation, date, identifier, illustration or result; semantic inventory incomplete."
publications/active/journal-1/submissions/v1-initial-submission/manuscript.md,6.2 Theorem 6.1: Totality of f,412,not yet mapped: numeric token,6.0,PENDING — SC-3 stopped traceability review,ambiguous,AMBIGUOUS,"- **g_t:** The intervals [6.0, 17.0), [17.0, 19.0), [19.0, 24.0) ∪ [0.0, 6.0) partition [0, 24) exhaustively. Every t ∈ [0, 24) falls in exactly one interval. ✓","Numeric extraction only; may be citation, date, identifier, illustration or result; semantic inventory incomplete."
publications/active/journal-1/submissions/v1-initial-submission/manuscript.md,6.2 Theorem 6.1: Totality of f,412,not yet mapped: numeric token,0,PENDING — SC-3 stopped traceability review,ambiguous,AMBIGUOUS,"- **g_t:** The intervals [6.0, 17.0), [17.0, 19.0), [19.0, 24.0) ∪ [0.0, 6.0) partition [0, 24) exhaustively. Every t ∈ [0, 24) falls in exactly one interval. ✓","Numeric extraction only; may be citation, date, identifier, illustration or result; semantic inventory incomplete."
publications/active/journal-1/submissions/v1-initial-submission/manuscript.md,6.2 Theorem 6.1: Totality of f,412,not yet mapped: numeric token,24,PENDING — SC-3 stopped traceability review,ambiguous,AMBIGUOUS,"- **g_t:** The intervals [6.0, 17.0), [17.0, 19.0), [19.0, 24.0) ∪ [0.0, 6.0) partition [0, 24) exhaustively. Every t ∈ [0, 24) falls in exactly one interval. ✓","Numeric extraction only; may be citation, date, identifier, illustration or result; semantic inventory incomplete."
publications/active/journal-1/submissions/v1-initial-submission/manuscript.md,6.2 Theorem 6.1: Totality of f,412,not yet mapped: numeric token,0,PENDING — SC-3 stopped traceability review,ambiguous,AMBIGUOUS,"- **g_t:** The intervals [6.0, 17.0), [17.0, 19.0), [19.0, 24.0) ∪ [0.0, 6.0) partition [0, 24) exhaustively. Every t ∈ [0, 24) falls in exactly one interval. ✓","Numeric extraction only; may be citation, date, identifier, illustration or result; semantic inventory incomplete."
publications/active/journal-1/submissions/v1-initial-submission/manuscript.md,6.2 Theorem 6.1: Totality of f,412,not yet mapped: numeric token,24,PENDING — SC-3 stopped traceability review,ambiguous,AMBIGUOUS,"- **g_t:** The intervals [6.0, 17.0), [17.0, 19.0), [19.0, 24.0) ∪ [0.0, 6.0) partition [0, 24) exhaustively. Every t ∈ [0, 24) falls in exactly one interval. ✓","Numeric extraction only; may be citation, date, identifier, illustration or result; semantic inventory incomplete."
publications/active/journal-1/submissions/v1-initial-submission/manuscript.md,6.2 Theorem 6.1: Totality of f,416,not yet mapped: numeric token,1,PENDING — SC-3 stopped traceability review,ambiguous,AMBIGUOUS,"Note that the two-argument form of g_o does not weaken the argument. Parameterisation by a finite index set preserves totality provided each induced partition is itself exhaustive, which the three rows of Table 1b are by construction.","Numeric extraction only; may be citation, date, identifier, illustration or result; semantic inventory incomplete."
publications/active/journal-1/submissions/v1-initial-submission/manuscript.md,6.2 Theorem 6.1: Totality of f,420,not yet mapped: numeric token,5.3,PENDING — SC-3 stopped traceability review,ambiguous,AMBIGUOUS,"max_≻ takes the set {g_w(w), g_r(r), g_m(m), g_o(o, v), g_t(t)} ⊆ {SAFE, CAUTION, UNSAFE} and returns the greatest element under ≻ (Definition 5.3). Since ≻ is a total strict order on a finite non-empty set, the maximum always exists and is unique. ✓","Numeric extraction only; may be citation, date, identifier, illustration or result; semantic inventory incomplete."
publications/active/journal-1/submissions/v1-initial-submission/manuscript.md,6.2 Theorem 6.1: Totality of f,424,not yet mapped: numeric token,5.2,PENDING — SC-3 stopped traceability review,ambiguous,AMBIGUOUS,"**Fail-safe extension.** The fail-safe rule stated in Section 5.2 (if any xᵢ = ⊥ then f(E) = UNSAFE) preserves totality: the pre-condition check maps every ⊥ input to UNSAFE before any gᵢ is evaluated, extending the domain of f to include undefined or corrupted inputs without introducing any undefined output states. ✓","Numeric extraction only; may be citation, date, identifier, illustration or result; semantic inventory incomplete."
publications/active/journal-1/submissions/v1-initial-submission/manuscript.md,6.2 Theorem 6.1: Totality of f,426,not yet mapped: numeric token,6.1,PENDING — SC-3 stopped traceability review,ambiguous,AMBIGUOUS,"**Significance.** Theorem 6.1 establishes **completeness**: the safety classifier has no undefined states — every combination of observable environmental conditions, including incomplete inputs, maps to exactly one safety state. This is a necessary operational property: a classifier that could fail to return a state would leave Layer 2 without a basis for deriving G(S) and A_AI(S) at runtime, making the governance pair unenforceable. Totality is therefore the precondition that enables the remaining two theorems.","Numeric extraction only; may be citation, date, identifier, illustration or result; semantic inventory incomplete."
publications/active/journal-1/submissions/v1-initial-submission/manuscript.md,6.2 Theorem 6.1: Totality of f,426,not yet mapped: numeric token,2,PENDING — SC-3 stopped traceability review,ambiguous,AMBIGUOUS,"**Significance.** Theorem 6.1 establishes **completeness**: the safety classifier has no undefined states — every combination of observable environmental conditions, including incomplete inputs, maps to exactly one safety state. This is a necessary operational property: a classifier that could fail to return a state would leave Layer 2 without a basis for deriving G(S) and A_AI(S) at runtime, making the governance pair unenforceable. Totality is therefore the precondition that enables the remaining two theorems.","Numeric extraction only; may be citation, date, identifier, illustration or result; semantic inventory incomplete."
publications/active/journal-1/submissions/v1-initial-submission/manuscript.md,6.3 Theorem 6.2: Monotonicity of A_AI,430,not yet mapped: numeric token,6.3,PENDING — SC-3 stopped traceability review,ambiguous,AMBIGUOUS,### 6.3 Theorem 6.2: Monotonicity of A_AI,"Numeric extraction only; may be citation, date, identifier, illustration or result; semantic inventory incomplete."
publications/active/journal-1/submissions/v1-initial-submission/manuscript.md,6.3 Theorem 6.2: Monotonicity of A_AI,430,not yet mapped: numeric token,6.2,PENDING — SC-3 stopped traceability review,ambiguous,AMBIGUOUS,### 6.3 Theorem 6.2: Monotonicity of A_AI,"Numeric extraction only; may be citation, date, identifier, illustration or result; semantic inventory incomplete."
publications/active/journal-1/submissions/v1-initial-submission/manuscript.md,6.3 Theorem 6.2: Monotonicity of A_AI,432,not yet mapped: numeric token,2025,PENDING — SC-3 stopped traceability review,ambiguous,AMBIGUOUS,Formal safety architectures require that safety constraints tighten consistently as risk increases. Bloomfield & Rushby (2025) establish this as a core expectation of deterministic guards surrounding AI components; Dalrymple et al. (2024) require it of world model safety specifications under increasing uncertainty. The following theorem proves the proposed architecture satisfies this requirement.,"Numeric extraction only; may be citation, date, identifier, illustration or result; semantic inventory incomplete."
publications/active/journal-1/submissions/v1-initial-submission/manuscript.md,6.3 Theorem 6.2: Monotonicity of A_AI,432,not yet mapped: numeric token,2024,PENDING — SC-3 stopped traceability review,ambiguous,AMBIGUOUS,Formal safety architectures require that safety constraints tighten consistently as risk increases. Bloomfield & Rushby (2025) establish this as a core expectation of deterministic guards surrounding AI components; Dalrymple et al. (2024) require it of world model safety specifications under increasing uncertainty. The following theorem proves the proposed architecture satisfies this requirement.,"Numeric extraction only; may be citation, date, identifier, illustration or result; semantic inventory incomplete."
publications/active/journal-1/submissions/v1-initial-submission/manuscript.md,6.3 Theorem 6.2: Monotonicity of A_AI,434,not yet mapped: numeric token,6.2,PENDING — SC-3 stopped traceability review,ambiguous,AMBIGUOUS,"**Theorem 6.2 (Monotonicity of A_AI).** For all S₁, S₂ ∈ {SAFE, CAUTION, UNSAFE}, if S₁ ≻ S₂ then A_AI(S₁) ⊆ A_AI(S₂).","Numeric extraction only; may be citation, date, identifier, illustration or result; semantic inventory incomplete."
publications/active/journal-1/submissions/v1-initial-submission/manuscript.md,6.3 Theorem 6.2: Monotonicity of A_AI,438,not yet mapped: numeric token,5.3,PENDING — SC-3 stopped traceability review,ambiguous,AMBIGUOUS,"**Proof.** From Definition 5.3, the severity order ≻ on {SAFE, CAUTION, UNSAFE} produces exactly three ordered pairs: (UNSAFE, CAUTION), (CAUTION, SAFE), and (UNSAFE, SAFE). We verify each case using the set definitions from Definition 5.8.","Numeric extraction only; may be citation, date, identifier, illustration or result; semantic inventory incomplete."
publications/active/journal-1/submissions/v1-initial-submission/manuscript.md,6.3 Theorem 6.2: Monotonicity of A_AI,438,not yet mapped: numeric token,5.8,PENDING — SC-3 stopped traceability review,ambiguous,AMBIGUOUS,"**Proof.** From Definition 5.3, the severity order ≻ on {SAFE, CAUTION, UNSAFE} produces exactly three ordered pairs: (UNSAFE, CAUTION), (CAUTION, SAFE), and (UNSAFE, SAFE). We verify each case using the set definitions from Definition 5.8.","Numeric extraction only; may be citation, date, identifier, illustration or result; semantic inventory incomplete."
publications/active/journal-1/submissions/v1-initial-submission/manuscript.md,6.3 Theorem 6.2: Monotonicity of A_AI,440,not yet mapped: numeric token,1,PENDING — SC-3 stopped traceability review,ambiguous,AMBIGUOUS,"**Case 1: S₁ = UNSAFE, S₂ = CAUTION (UNSAFE ≻ CAUTION).**","Numeric extraction only; may be citation, date, identifier, illustration or result; semantic inventory incomplete."
publications/active/journal-1/submissions/v1-initial-submission/manuscript.md,6.3 Theorem 6.2: Monotonicity of A_AI,446,not yet mapped: numeric token,2,PENDING — SC-3 stopped traceability review,ambiguous,AMBIGUOUS,"**Case 2: S₁ = CAUTION, S₂ = SAFE (CAUTION ≻ SAFE).**","Numeric extraction only; may be citation, date, identifier, illustration or result; semantic inventory incomplete."
publications/active/journal-1/submissions/v1-initial-submission/manuscript.md,6.3 Theorem 6.2: Monotonicity of A_AI,452,not yet mapped: numeric token,3,PENDING — SC-3 stopped traceability review,ambiguous,AMBIGUOUS,"**Case 3: S₁ = UNSAFE, S₂ = SAFE (UNSAFE ≻ SAFE, by transitivity of ≻).**","Numeric extraction only; may be citation, date, identifier, illustration or result; semantic inventory incomplete."
publications/active/journal-1/submissions/v1-initial-submission/manuscript.md,6.3 Theorem 6.2: Monotonicity of A_AI,458,not yet mapped: numeric token,6.2,PENDING — SC-3 stopped traceability review,ambiguous,AMBIGUOUS,All three ordered pairs satisfy the subset condition. Theorem 6.2 holds. ∎,"Numeric extraction only; may be citation, date, identifier, illustration or result; semantic inventory incomplete."
publications/active/journal-1/submissions/v1-initial-submission/manuscript.md,6.3 Theorem 6.2: Monotonicity of A_AI,460,not yet mapped: numeric token,6.2,PENDING — SC-3 stopped traceability review,ambiguous,AMBIGUOUS,**Corollary 6.2 (Strict Monotonicity).** The inclusions in Cases 1 and 2 are strict: A_AI(UNSAFE) ⊊ A_AI(CAUTION) ⊊ A_AI(SAFE). This produces the containment chain:,"Numeric extraction only; may be citation, date, identifier, illustration or result; semantic inventory incomplete."
publications/active/journal-1/submissions/v1-initial-submission/manuscript.md,6.3 Theorem 6.2: Monotonicity of A_AI,460,not yet mapped: numeric token,1,PENDING — SC-3 stopped traceability review,ambiguous,AMBIGUOUS,**Corollary 6.2 (Strict Monotonicity).** The inclusions in Cases 1 and 2 are strict: A_AI(UNSAFE) ⊊ A_AI(CAUTION) ⊊ A_AI(SAFE). This produces the containment chain:,"Numeric extraction only; may be citation, date, identifier, illustration or result; semantic inventory incomplete."
publications/active/journal-1/submissions/v1-initial-submission/manuscript.md,6.3 Theorem 6.2: Monotonicity of A_AI,460,not yet mapped: numeric token,2,PENDING — SC-3 stopped traceability review,ambiguous,AMBIGUOUS,**Corollary 6.2 (Strict Monotonicity).** The inclusions in Cases 1 and 2 are strict: A_AI(UNSAFE) ⊊ A_AI(CAUTION) ⊊ A_AI(SAFE). This produces the containment chain:,"Numeric extraction only; may be citation, date, identifier, illustration or result; semantic inventory incomplete."
publications/active/journal-1/submissions/v1-initial-submission/manuscript.md,6.3 Theorem 6.2: Monotonicity of A_AI,466,not yet mapped: numeric token,6.3,PENDING — SC-3 stopped traceability review,ambiguous,AMBIGUOUS,**Corollary 6.3 (Properties 5.1 and 5.2).** Both governance constraints stated in Section 5.5 follow directly.,"Numeric extraction only; may be citation, date, identifier, illustration or result; semantic inventory incomplete."
publications/active/journal-1/submissions/v1-initial-submission/manuscript.md,6.3 Theorem 6.2: Monotonicity of A_AI,466,not yet mapped: numeric token,5.1,PENDING — SC-3 stopped traceability review,ambiguous,AMBIGUOUS,**Corollary 6.3 (Properties 5.1 and 5.2).** Both governance constraints stated in Section 5.5 follow directly.,"Numeric extraction only; may be citation, date, identifier, illustration or result; semantic inventory incomplete."
publications/active/journal-1/submissions/v1-initial-submission/manuscript.md,6.3 Theorem 6.2: Monotonicity of A_AI,466,not yet mapped: numeric token,5.2,PENDING — SC-3 stopped traceability review,ambiguous,AMBIGUOUS,**Corollary 6.3 (Properties 5.1 and 5.2).** Both governance constraints stated in Section 5.5 follow directly.,"Numeric extraction only; may be citation, date, identifier, illustration or result; semantic inventory incomplete."
publications/active/journal-1/submissions/v1-initial-submission/manuscript.md,6.3 Theorem 6.2: Monotonicity of A_AI,466,not yet mapped: numeric token,5.5,PENDING — SC-3 stopped traceability review,ambiguous,AMBIGUOUS,**Corollary 6.3 (Properties 5.1 and 5.2).** Both governance constraints stated in Section 5.5 follow directly.,"Numeric extraction only; may be citation, date, identifier, illustration or result; semantic inventory incomplete."
publications/active/journal-1/submissions/v1-initial-submission/manuscript.md,6.3 Theorem 6.2: Monotonicity of A_AI,468,not yet mapped: numeric token,5.1,PENDING — SC-3 stopped traceability review,ambiguous,AMBIGUOUS,*Property 5.1 (Participation Constraint):* G(S) = 0 ⟹ A_AI(S) = ∅. G(S) = 0 if and only if S = UNSAFE (Definition 5.7). A_AI(UNSAFE) = ∅ by Definition 5.8. Therefore G(S) = 0 ⟹ A_AI(S) = ∅. ✓,"Numeric extraction only; may be citation, date, identifier, illustration or result; semantic inventory incomplete."
publications/active/journal-1/submissions/v1-initial-submission/manuscript.md,6.3 Theorem 6.2: Monotonicity of A_AI,468,not yet mapped: numeric token,0,PENDING — SC-3 stopped traceability review,ambiguous,AMBIGUOUS,*Property 5.1 (Participation Constraint):* G(S) = 0 ⟹ A_AI(S) = ∅. G(S) = 0 if and only if S = UNSAFE (Definition 5.7). A_AI(UNSAFE) = ∅ by Definition 5.8. Therefore G(S) = 0 ⟹ A_AI(S) = ∅. ✓,"Numeric extraction only; may be citation, date, identifier, illustration or result; semantic inventory incomplete."
publications/active/journal-1/submissions/v1-initial-submission/manuscript.md,6.3 Theorem 6.2: Monotonicity of A_AI,468,not yet mapped: numeric token,0,PENDING — SC-3 stopped traceability review,ambiguous,AMBIGUOUS,*Property 5.1 (Participation Constraint):* G(S) = 0 ⟹ A_AI(S) = ∅. G(S) = 0 if and only if S = UNSAFE (Definition 5.7). A_AI(UNSAFE) = ∅ by Definition 5.8. Therefore G(S) = 0 ⟹ A_AI(S) = ∅. ✓,"Numeric extraction only; may be citation, date, identifier, illustration or result; semantic inventory incomplete."
publications/active/journal-1/submissions/v1-initial-submission/manuscript.md,6.3 Theorem 6.2: Monotonicity of A_AI,468,not yet mapped: numeric token,5.7,PENDING — SC-3 stopped traceability review,ambiguous,AMBIGUOUS,*Property 5.1 (Participation Constraint):* G(S) = 0 ⟹ A_AI(S) = ∅. G(S) = 0 if and only if S = UNSAFE (Definition 5.7). A_AI(UNSAFE) = ∅ by Definition 5.8. Therefore G(S) = 0 ⟹ A_AI(S) = ∅. ✓,"Numeric extraction only; may be citation, date, identifier, illustration or result; semantic inventory incomplete."
publications/active/journal-1/submissions/v1-initial-submission/manuscript.md,6.3 Theorem 6.2: Monotonicity of A_AI,468,not yet mapped: numeric token,5.8,PENDING — SC-3 stopped traceability review,ambiguous,AMBIGUOUS,*Property 5.1 (Participation Constraint):* G(S) = 0 ⟹ A_AI(S) = ∅. G(S) = 0 if and only if S = UNSAFE (Definition 5.7). A_AI(UNSAFE) = ∅ by Definition 5.8. Therefore G(S) = 0 ⟹ A_AI(S) = ∅. ✓,"Numeric extraction only; may be citation, date, identifier, illustration or result; semantic inventory incomplete."
publications/active/journal-1/submissions/v1-initial-submission/manuscript.md,6.3 Theorem 6.2: Monotonicity of A_AI,468,not yet mapped: numeric token,0,PENDING — SC-3 stopped traceability review,ambiguous,AMBIGUOUS,*Property 5.1 (Participation Constraint):* G(S) = 0 ⟹ A_AI(S) = ∅. G(S) = 0 if and only if S = UNSAFE (Definition 5.7). A_AI(UNSAFE) = ∅ by Definition 5.8. Therefore G(S) = 0 ⟹ A_AI(S) = ∅. ✓,"Numeric extraction only; may be citation, date, identifier, illustration or result; semantic inventory incomplete."
publications/active/journal-1/submissions/v1-initial-submission/manuscript.md,6.3 Theorem 6.2: Monotonicity of A_AI,470,not yet mapped: numeric token,5.2,PENDING — SC-3 stopped traceability review,ambiguous,AMBIGUOUS,"*Property 5.2 (Advisory Restriction Constraint):* S = CAUTION ⟹ A_AI(CAUTION) ⊊ A_AI(SAFE). This is precisely Case 2 of Theorem 6.2, with the strict subset confirmed by Corollary 6.2: A_AI(SAFE) \ A_AI(CAUTION) = {DepartureTime, Duration} ≠ ∅. ✓","Numeric extraction only; may be citation, date, identifier, illustration or result; semantic inventory incomplete."
publications/active/journal-1/submissions/v1-initial-submission/manuscript.md,6.3 Theorem 6.2: Monotonicity of A_AI,470,not yet mapped: numeric token,2,PENDING — SC-3 stopped traceability review,ambiguous,AMBIGUOUS,"*Property 5.2 (Advisory Restriction Constraint):* S = CAUTION ⟹ A_AI(CAUTION) ⊊ A_AI(SAFE). This is precisely Case 2 of Theorem 6.2, with the strict subset confirmed by Corollary 6.2: A_AI(SAFE) \ A_AI(CAUTION) = {DepartureTime, Duration} ≠ ∅. ✓","Numeric extraction only; may be citation, date, identifier, illustration or result; semantic inventory incomplete."
publications/active/journal-1/submissions/v1-initial-submission/manuscript.md,6.3 Theorem 6.2: Monotonicity of A_AI,470,not yet mapped: numeric token,6.2,PENDING — SC-3 stopped traceability review,ambiguous,AMBIGUOUS,"*Property 5.2 (Advisory Restriction Constraint):* S = CAUTION ⟹ A_AI(CAUTION) ⊊ A_AI(SAFE). This is precisely Case 2 of Theorem 6.2, with the strict subset confirmed by Corollary 6.2: A_AI(SAFE) \ A_AI(CAUTION) = {DepartureTime, Duration} ≠ ∅. ✓","Numeric extraction only; may be citation, date, identifier, illustration or result; semantic inventory incomplete."
publications/active/journal-1/submissions/v1-initial-submission/manuscript.md,6.3 Theorem 6.2: Monotonicity of A_AI,470,not yet mapped: numeric token,6.2,PENDING — SC-3 stopped traceability review,ambiguous,AMBIGUOUS,"*Property 5.2 (Advisory Restriction Constraint):* S = CAUTION ⟹ A_AI(CAUTION) ⊊ A_AI(SAFE). This is precisely Case 2 of Theorem 6.2, with the strict subset confirmed by Corollary 6.2: A_AI(SAFE) \ A_AI(CAUTION) = {DepartureTime, Duration} ≠ ∅. ✓","Numeric extraction only; may be citation, date, identifier, illustration or result; semantic inventory incomplete."
publications/active/journal-1/submissions/v1-initial-submission/manuscript.md,6.3 Theorem 6.2: Monotonicity of A_AI,472,not yet mapped: numeric token,6.2,PENDING — SC-3 stopped traceability review,ambiguous,AMBIGUOUS,"**Significance.** Theorem 6.2 establishes **consistency**: the architecture never relaxes safety constraints as risk increases. As environmental conditions deteriorate — as S moves up the severity order — the AI advisory scope never suddenly expands. The CAUTION state is not SAFE with extra information: it is a governance state with a formally smaller and provably distinct advisory scope. Any architecture that does not satisfy Monotonicity could, in principle, permit broader AI advisory output under worse conditions than under better ones — a governance failure that Theorem 6.2 structurally prevents.","Numeric extraction only; may be citation, date, identifier, illustration or result; semantic inventory incomplete."
publications/active/journal-1/submissions/v1-initial-submission/manuscript.md,6.3 Theorem 6.2: Monotonicity of A_AI,472,not yet mapped: numeric token,6.2,PENDING — SC-3 stopped traceability review,ambiguous,AMBIGUOUS,"**Significance.** Theorem 6.2 establishes **consistency**: the architecture never relaxes safety constraints as risk increases. As environmental conditions deteriorate — as S moves up the severity order — the AI advisory scope never suddenly expands. The CAUTION state is not SAFE with extra information: it is a governance state with a formally smaller and provably distinct advisory scope. Any architecture that does not satisfy Monotonicity could, in principle, permit broader AI advisory output under worse conditions than under better ones — a governance failure that Theorem 6.2 structurally prevents.","Numeric extraction only; may be citation, date, identifier, illustration or result; semantic inventory incomplete."
publications/active/journal-1/submissions/v1-initial-submission/manuscript.md,6.4 Theorem 6.3: Safety Dominance Property,476,not yet mapped: numeric token,6.4,PENDING — SC-3 stopped traceability review,ambiguous,AMBIGUOUS,### 6.4 Theorem 6.3: Safety Dominance Property,"Numeric extraction only; may be citation, date, identifier, illustration or result; semantic inventory incomplete."
publications/active/journal-1/submissions/v1-initial-submission/manuscript.md,6.4 Theorem 6.3: Safety Dominance Property,476,not yet mapped: numeric token,6.3,PENDING — SC-3 stopped traceability review,ambiguous,AMBIGUOUS,### 6.4 Theorem 6.3: Safety Dominance Property,"Numeric extraction only; may be citation, date, identifier, illustration or result; semantic inventory incomplete."
publications/active/journal-1/submissions/v1-initial-submission/manuscript.md,6.4 Theorem 6.3: Safety Dominance Property,478,not yet mapped: numeric token,6.3,PENDING — SC-3 stopped traceability review,ambiguous,AMBIGUOUS,**Theorem 6.3 (Safety Dominance Property).** For all E in its domain:,"Numeric extraction only; may be citation, date, identifier, illustration or result; semantic inventory incomplete."
publications/active/journal-1/submissions/v1-initial-submission/manuscript.md,6.4 Theorem 6.3: Safety Dominance Property,484,not yet mapped: numeric token,6.1,PENDING — SC-3 stopped traceability review,ambiguous,AMBIGUOUS,"**Proof.** The proof proceeds by exhaustive case analysis on S = f(E), which is total by Theorem 6.1. Since S ∈ {SAFE, CAUTION, UNSAFE}, there are exactly three cases. The proof relies on four assumptions about the Layer 3 implementation, which correspond to the causal flow illustrated in Figure 2: Layer 2 supplies RS(S) to Layer 3 *before* inference begins, and Layer 3 is a deterministic rule engine that cannot generate types outside its active rule set.","Numeric extraction only; may be citation, date, identifier, illustration or result; semantic inventory incomplete."
publications/active/journal-1/submissions/v1-initial-submission/manuscript.md,6.4 Theorem 6.3: Safety Dominance Property,484,not yet mapped: numeric token,3,PENDING — SC-3 stopped traceability review,ambiguous,AMBIGUOUS,"**Proof.** The proof proceeds by exhaustive case analysis on S = f(E), which is total by Theorem 6.1. Since S ∈ {SAFE, CAUTION, UNSAFE}, there are exactly three cases. The proof relies on four assumptions about the Layer 3 implementation, which correspond to the causal flow illustrated in Figure 2: Layer 2 supplies RS(S) to Layer 3 *before* inference begins, and Layer 3 is a deterministic rule engine that cannot generate types outside its active rule set.","Numeric extraction only; may be citation, date, identifier, illustration or result; semantic inventory incomplete."
publications/active/journal-1/submissions/v1-initial-submission/manuscript.md,6.4 Theorem 6.3: Safety Dominance Property,484,not yet mapped: numeric token,2,PENDING — SC-3 stopped traceability review,ambiguous,AMBIGUOUS,"**Proof.** The proof proceeds by exhaustive case analysis on S = f(E), which is total by Theorem 6.1. Since S ∈ {SAFE, CAUTION, UNSAFE}, there are exactly three cases. The proof relies on four assumptions about the Layer 3 implementation, which correspond to the causal flow illustrated in Figure 2: Layer 2 supplies RS(S) to Layer 3 *before* inference begins, and Layer 3 is a deterministic rule engine that cannot generate types outside its active rule set.","Numeric extraction only; may be citation, date, identifier, illustration or result; semantic inventory incomplete."
publications/active/journal-1/submissions/v1-initial-submission/manuscript.md,6.4 Theorem 6.3: Safety Dominance Property,484,not yet mapped: numeric token,2,PENDING — SC-3 stopped traceability review,ambiguous,AMBIGUOUS,"**Proof.** The proof proceeds by exhaustive case analysis on S = f(E), which is total by Theorem 6.1. Since S ∈ {SAFE, CAUTION, UNSAFE}, there are exactly three cases. The proof relies on four assumptions about the Layer 3 implementation, which correspond to the causal flow illustrated in Figure 2: Layer 2 supplies RS(S) to Layer 3 *before* inference begins, and Layer 3 is a deterministic rule engine that cannot generate types outside its active rule set.","Numeric extraction only; may be citation, date, identifier, illustration or result; semantic inventory incomplete."
publications/active/journal-1/submissions/v1-initial-submission/manuscript.md,6.4 Theorem 6.3: Safety Dominance Property,484,not yet mapped: numeric token,3,PENDING — SC-3 stopped traceability review,ambiguous,AMBIGUOUS,"**Proof.** The proof proceeds by exhaustive case analysis on S = f(E), which is total by Theorem 6.1. Since S ∈ {SAFE, CAUTION, UNSAFE}, there are exactly three cases. The proof relies on four assumptions about the Layer 3 implementation, which correspond to the causal flow illustrated in Figure 2: Layer 2 supplies RS(S) to Layer 3 *before* inference begins, and Layer 3 is a deterministic rule engine that cannot generate types outside its active rule set.","Numeric extraction only; may be citation, date, identifier, illustration or result; semantic inventory incomplete."
publications/active/journal-1/submissions/v1-initial-submission/manuscript.md,6.4 Theorem 6.3: Safety Dominance Property,484,not yet mapped: numeric token,3,PENDING — SC-3 stopped traceability review,ambiguous,AMBIGUOUS,"**Proof.** The proof proceeds by exhaustive case analysis on S = f(E), which is total by Theorem 6.1. Since S ∈ {SAFE, CAUTION, UNSAFE}, there are exactly three cases. The proof relies on four assumptions about the Layer 3 implementation, which correspond to the causal flow illustrated in Figure 2: Layer 2 supplies RS(S) to Layer 3 *before* inference begins, and Layer 3 is a deterministic rule engine that cannot generate types outside its active rule set.","Numeric extraction only; may be citation, date, identifier, illustration or result; semantic inventory incomplete."
publications/active/journal-1/submissions/v1-initial-submission/manuscript.md,6.4 Theorem 6.3: Safety Dominance Property,486,not yet mapped: numeric token,3,PENDING — SC-3 stopped traceability review,ambiguous,AMBIGUOUS,- **(A1) Rule-based engine.** Layer 3 generates only recommendation types for which an active rule exists in its current rule set.,"Numeric extraction only; may be citation, date, identifier, illustration or result; semantic inventory incomplete."
publications/active/journal-1/submissions/v1-initial-submission/manuscript.md,6.4 Theorem 6.3: Safety Dominance Property,487,not yet mapped: numeric token,2,PENDING — SC-3 stopped traceability review,ambiguous,AMBIGUOUS,"- **(A2) RS(S) supply.** Layer 2 supplies RS(S) to Layer 3 before any reasoning begins (Definition 5.10): RS(SAFE) contains only rules producing recommendations in {Go, Delay, DepartureTime, Duration}; RS(CAUTION) contains only rules producing recommendations in {Go, Delay}; RS(UNSAFE) = ∅ and is never supplied.","Numeric extraction only; may be citation, date, identifier, illustration or result; semantic inventory incomplete."
publications/active/journal-1/submissions/v1-initial-submission/manuscript.md,6.4 Theorem 6.3: Safety Dominance Property,487,not yet mapped: numeric token,3,PENDING — SC-3 stopped traceability review,ambiguous,AMBIGUOUS,"- **(A2) RS(S) supply.** Layer 2 supplies RS(S) to Layer 3 before any reasoning begins (Definition 5.10): RS(SAFE) contains only rules producing recommendations in {Go, Delay, DepartureTime, Duration}; RS(CAUTION) contains only rules producing recommendations in {Go, Delay}; RS(UNSAFE) = ∅ and is never supplied.","Numeric extraction only; may be citation, date, identifier, illustration or result; semantic inventory incomplete."
publications/active/journal-1/submissions/v1-initial-submission/manuscript.md,6.4 Theorem 6.3: Safety Dominance Property,487,not yet mapped: numeric token,5.10,PENDING — SC-3 stopped traceability review,ambiguous,AMBIGUOUS,"- **(A2) RS(S) supply.** Layer 2 supplies RS(S) to Layer 3 before any reasoning begins (Definition 5.10): RS(SAFE) contains only rules producing recommendations in {Go, Delay, DepartureTime, Duration}; RS(CAUTION) contains only rules producing recommendations in {Go, Delay}; RS(UNSAFE) = ∅ and is never supplied.","Numeric extraction only; may be citation, date, identifier, illustration or result; semantic inventory incomplete."
publications/active/journal-1/submissions/v1-initial-submission/manuscript.md,6.4 Theorem 6.3: Safety Dominance Property,488,not yet mapped: numeric token,0,PENDING — SC-3 stopped traceability review,ambiguous,AMBIGUOUS,"- **(A3) Gate enforcement.** If G(S) = 0, Layer 3 receives no input and AI(E) = ∅ (Definition 5.11).","Numeric extraction only; may be citation, date, identifier, illustration or result; semantic inventory incomplete."
publications/active/journal-1/submissions/v1-initial-submission/manuscript.md,6.4 Theorem 6.3: Safety Dominance Property,488,not yet mapped: numeric token,3,PENDING — SC-3 stopped traceability review,ambiguous,AMBIGUOUS,"- **(A3) Gate enforcement.** If G(S) = 0, Layer 3 receives no input and AI(E) = ∅ (Definition 5.11).","Numeric extraction only; may be citation, date, identifier, illustration or result; semantic inventory incomplete."
publications/active/journal-1/submissions/v1-initial-submission/manuscript.md,6.4 Theorem 6.3: Safety Dominance Property,488,not yet mapped: numeric token,5.11,PENDING — SC-3 stopped traceability review,ambiguous,AMBIGUOUS,"- **(A3) Gate enforcement.** If G(S) = 0, Layer 3 receives no input and AI(E) = ∅ (Definition 5.11).","Numeric extraction only; may be citation, date, identifier, illustration or result; semantic inventory incomplete."
publications/active/journal-1/submissions/v1-initial-submission/manuscript.md,6.4 Theorem 6.3: Safety Dominance Property,491,not yet mapped: numeric token,1,PENDING — SC-3 stopped traceability review,ambiguous,AMBIGUOUS,**Case 1: f(E) = UNSAFE.**,"Numeric extraction only; may be citation, date, identifier, illustration or result; semantic inventory incomplete."
publications/active/journal-1/submissions/v1-initial-submission/manuscript.md,6.4 Theorem 6.3: Safety Dominance Property,493,not yet mapped: numeric token,5.7,PENDING — SC-3 stopped traceability review,ambiguous,AMBIGUOUS,"By Definition 5.7, G(UNSAFE) = 0. By (A3), Layer 3 receives no input and AI(E) = ∅. By Definition 5.8, A_AI(UNSAFE) = ∅. Therefore AI(E) = ∅ = A_AI(UNSAFE), and in particular AI(E) ⊆ A_AI(UNSAFE). ✓","Numeric extraction only; may be citation, date, identifier, illustration or result; semantic inventory incomplete."
publications/active/journal-1/submissions/v1-initial-submission/manuscript.md,6.4 Theorem 6.3: Safety Dominance Property,493,not yet mapped: numeric token,0,PENDING — SC-3 stopped traceability review,ambiguous,AMBIGUOUS,"By Definition 5.7, G(UNSAFE) = 0. By (A3), Layer 3 receives no input and AI(E) = ∅. By Definition 5.8, A_AI(UNSAFE) = ∅. Therefore AI(E) = ∅ = A_AI(UNSAFE), and in particular AI(E) ⊆ A_AI(UNSAFE). ✓","Numeric extraction only; may be citation, date, identifier, illustration or result; semantic inventory incomplete."
publications/active/journal-1/submissions/v1-initial-submission/manuscript.md,6.4 Theorem 6.3: Safety Dominance Property,493,not yet mapped: numeric token,3,PENDING — SC-3 stopped traceability review,ambiguous,AMBIGUOUS,"By Definition 5.7, G(UNSAFE) = 0. By (A3), Layer 3 receives no input and AI(E) = ∅. By Definition 5.8, A_AI(UNSAFE) = ∅. Therefore AI(E) = ∅ = A_AI(UNSAFE), and in particular AI(E) ⊆ A_AI(UNSAFE). ✓","Numeric extraction only; may be citation, date, identifier, illustration or result; semantic inventory incomplete."
publications/active/journal-1/submissions/v1-initial-submission/manuscript.md,6.4 Theorem 6.3: Safety Dominance Property,493,not yet mapped: numeric token,5.8,PENDING — SC-3 stopped traceability review,ambiguous,AMBIGUOUS,"By Definition 5.7, G(UNSAFE) = 0. By (A3), Layer 3 receives no input and AI(E) = ∅. By Definition 5.8, A_AI(UNSAFE) = ∅. Therefore AI(E) = ∅ = A_AI(UNSAFE), and in particular AI(E) ⊆ A_AI(UNSAFE). ✓","Numeric extraction only; may be citation, date, identifier, illustration or result; semantic inventory incomplete."
publications/active/journal-1/submissions/v1-initial-submission/manuscript.md,6.4 Theorem 6.3: Safety Dominance Property,495,not yet mapped: numeric token,2,PENDING — SC-3 stopped traceability review,ambiguous,AMBIGUOUS,**Case 2: f(E) = CAUTION.**,"Numeric extraction only; may be citation, date, identifier, illustration or result; semantic inventory incomplete."
publications/active/journal-1/submissions/v1-initial-submission/manuscript.md,6.4 Theorem 6.3: Safety Dominance Property,497,not yet mapped: numeric token,5.7,PENDING — SC-3 stopped traceability review,ambiguous,AMBIGUOUS,"By Definition 5.7, G(CAUTION) = 1, so Layer 3 is active. By (A2), Layer 3 receives RS(CAUTION), which contains only rules producing recommendations in {Go, Delay}. By (A4), the engine produces only recommendation types present in RS(CAUTION). Therefore AI(E) ⊆ {Go, Delay} = A_AI(CAUTION). ✓","Numeric extraction only; may be citation, date, identifier, illustration or result; semantic inventory incomplete."
publications/active/journal-1/submissions/v1-initial-submission/manuscript.md,6.4 Theorem 6.3: Safety Dominance Property,497,not yet mapped: numeric token,1,PENDING — SC-3 stopped traceability review,ambiguous,AMBIGUOUS,"By Definition 5.7, G(CAUTION) = 1, so Layer 3 is active. By (A2), Layer 3 receives RS(CAUTION), which contains only rules producing recommendations in {Go, Delay}. By (A4), the engine produces only recommendation types present in RS(CAUTION). Therefore AI(E) ⊆ {Go, Delay} = A_AI(CAUTION). ✓","Numeric extraction only; may be citation, date, identifier, illustration or result; semantic inventory incomplete."
publications/active/journal-1/submissions/v1-initial-submission/manuscript.md,6.4 Theorem 6.3: Safety Dominance Property,497,not yet mapped: numeric token,3,PENDING — SC-3 stopped traceability review,ambiguous,AMBIGUOUS,"By Definition 5.7, G(CAUTION) = 1, so Layer 3 is active. By (A2), Layer 3 receives RS(CAUTION), which contains only rules producing recommendations in {Go, Delay}. By (A4), the engine produces only recommendation types present in RS(CAUTION). Therefore AI(E) ⊆ {Go, Delay} = A_AI(CAUTION). ✓","Numeric extraction only; may be citation, date, identifier, illustration or result; semantic inventory incomplete."
publications/active/journal-1/submissions/v1-initial-submission/manuscript.md,6.4 Theorem 6.3: Safety Dominance Property,497,not yet mapped: numeric token,3,PENDING — SC-3 stopped traceability review,ambiguous,AMBIGUOUS,"By Definition 5.7, G(CAUTION) = 1, so Layer 3 is active. By (A2), Layer 3 receives RS(CAUTION), which contains only rules producing recommendations in {Go, Delay}. By (A4), the engine produces only recommendation types present in RS(CAUTION). Therefore AI(E) ⊆ {Go, Delay} = A_AI(CAUTION). ✓","Numeric extraction only; may be citation, date, identifier, illustration or result; semantic inventory incomplete."
publications/active/journal-1/submissions/v1-initial-submission/manuscript.md,6.4 Theorem 6.3: Safety Dominance Property,499,not yet mapped: numeric token,3,PENDING — SC-3 stopped traceability review,ambiguous,AMBIGUOUS,**Case 3: f(E) = SAFE.**,"Numeric extraction only; may be citation, date, identifier, illustration or result; semantic inventory incomplete."
publications/active/journal-1/submissions/v1-initial-submission/manuscript.md,6.4 Theorem 6.3: Safety Dominance Property,501,not yet mapped: numeric token,5.7,PENDING — SC-3 stopped traceability review,ambiguous,AMBIGUOUS,"By Definition 5.7, G(SAFE) = 1, so Layer 3 is active. By (A2), Layer 3 receives RS(SAFE), which contains only rules producing recommendations in {Go, Delay, DepartureTime, Duration}. By (A4), the engine produces only recommendation types present in RS(SAFE). Therefore AI(E) ⊆ {Go, Delay, DepartureTime, Duration} = A_AI(SAFE). ✓","Numeric extraction only; may be citation, date, identifier, illustration or result; semantic inventory incomplete."
publications/active/journal-1/submissions/v1-initial-submission/manuscript.md,6.4 Theorem 6.3: Safety Dominance Property,501,not yet mapped: numeric token,1,PENDING — SC-3 stopped traceability review,ambiguous,AMBIGUOUS,"By Definition 5.7, G(SAFE) = 1, so Layer 3 is active. By (A2), Layer 3 receives RS(SAFE), which contains only rules producing recommendations in {Go, Delay, DepartureTime, Duration}. By (A4), the engine produces only recommendation types present in RS(SAFE). Therefore AI(E) ⊆ {Go, Delay, DepartureTime, Duration} = A_AI(SAFE). ✓","Numeric extraction only; may be citation, date, identifier, illustration or result; semantic inventory incomplete."
publications/active/journal-1/submissions/v1-initial-submission/manuscript.md,6.4 Theorem 6.3: Safety Dominance Property,501,not yet mapped: numeric token,3,PENDING — SC-3 stopped traceability review,ambiguous,AMBIGUOUS,"By Definition 5.7, G(SAFE) = 1, so Layer 3 is active. By (A2), Layer 3 receives RS(SAFE), which contains only rules producing recommendations in {Go, Delay, DepartureTime, Duration}. By (A4), the engine produces only recommendation types present in RS(SAFE). Therefore AI(E) ⊆ {Go, Delay, DepartureTime, Duration} = A_AI(SAFE). ✓","Numeric extraction only; may be citation, date, identifier, illustration or result; semantic inventory incomplete."
publications/active/journal-1/submissions/v1-initial-submission/manuscript.md,6.4 Theorem 6.3: Safety Dominance Property,501,not yet mapped: numeric token,3,PENDING — SC-3 stopped traceability review,ambiguous,AMBIGUOUS,"By Definition 5.7, G(SAFE) = 1, so Layer 3 is active. By (A2), Layer 3 receives RS(SAFE), which contains only rules producing recommendations in {Go, Delay, DepartureTime, Duration}. By (A4), the engine produces only recommendation types present in RS(SAFE). Therefore AI(E) ⊆ {Go, Delay, DepartureTime, Duration} = A_AI(SAFE). ✓","Numeric extraction only; may be citation, date, identifier, illustration or result; semantic inventory incomplete."
publications/active/journal-1/submissions/v1-initial-submission/manuscript.md,6.4 Theorem 6.3: Safety Dominance Property,507,not yet mapped: numeric token,5.10,PENDING — SC-3 stopped traceability review,ambiguous,AMBIGUOUS,"The proof is constructive: it depends only on the definitions of RS(S) (Definition 5.10), the gate function G(S) (Definition 5.7), and the AI output mapping (Definition 5.11) — all of which are fully under the designer's control. No runtime checking or monitoring is required.","Numeric extraction only; may be citation, date, identifier, illustration or result; semantic inventory incomplete."
publications/active/journal-1/submissions/v1-initial-submission/manuscript.md,6.4 Theorem 6.3: Safety Dominance Property,507,not yet mapped: numeric token,5.7,PENDING — SC-3 stopped traceability review,ambiguous,AMBIGUOUS,"The proof is constructive: it depends only on the definitions of RS(S) (Definition 5.10), the gate function G(S) (Definition 5.7), and the AI output mapping (Definition 5.11) — all of which are fully under the designer's control. No runtime checking or monitoring is required.","Numeric extraction only; may be citation, date, identifier, illustration or result; semantic inventory incomplete."
publications/active/journal-1/submissions/v1-initial-submission/manuscript.md,6.4 Theorem 6.3: Safety Dominance Property,507,not yet mapped: numeric token,5.11,PENDING — SC-3 stopped traceability review,ambiguous,AMBIGUOUS,"The proof is constructive: it depends only on the definitions of RS(S) (Definition 5.10), the gate function G(S) (Definition 5.7), and the AI output mapping (Definition 5.11) — all of which are fully under the designer's control. No runtime checking or monitoring is required.","Numeric extraction only; may be citation, date, identifier, illustration or result; semantic inventory incomplete."
publications/active/journal-1/submissions/v1-initial-submission/manuscript.md,6.4 Theorem 6.3: Safety Dominance Property,509,not yet mapped: numeric token,3,PENDING — SC-3 stopped traceability review,ambiguous,AMBIGUOUS,"The property holds before generation begins. RS(S) is supplied to Layer 3 as a precondition; the engine has no mechanism to generate types outside its active rule set. This is fundamentally different from a post-hoc output filter, which could fail, be bypassed, or have edge cases in which the filter condition evaluates incorrectly. The construction-time enforcement means the Safety Dominance Property is not a test result — it is a structural guarantee.","Numeric extraction only; may be citation, date, identifier, illustration or result; semantic inventory incomplete."
publications/active/journal-1/submissions/v1-initial-submission/manuscript.md,6.4 Theorem 6.3: Safety Dominance Property,511,not yet mapped: numeric token,6.3,PENDING — SC-3 stopped traceability review,ambiguous,AMBIGUOUS,"**Significance.** Theorem 6.3 establishes **effectiveness**: the safety constraints are actually enforced on the AI output. The AI cannot — by construction — produce a recommendation outside the scope defined by the current safety state. No environmental condition can cause the AI to generate DepartureTime or Duration under CAUTION, and no condition can cause any recommendation under UNSAFE. This guarantee holds for all E, not just for tested scenarios. It is the load-bearing safety guarantee of the architecture.","Numeric extraction only; may be citation, date, identifier, illustration or result; semantic inventory incomplete."
publications/active/journal-1/submissions/v1-initial-submission/manuscript.md,6.5 Composite Guarantee,515,not yet mapped: numeric token,6.5,PENDING — SC-3 stopped traceability review,ambiguous,AMBIGUOUS,### 6.5 Composite Guarantee,"Numeric extraction only; may be citation, date, identifier, illustration or result; semantic inventory incomplete."
publications/active/journal-1/submissions/v1-initial-submission/manuscript.md,6.5 Composite Guarantee,519,not yet mapped: numeric token,5,PENDING — SC-3 stopped traceability review,ambiguous,AMBIGUOUS,**Table 5. Formal guarantees of the graduated safety-state-gated architecture.**,"Numeric extraction only; may be citation, date, identifier, illustration or result; semantic inventory incomplete."
publications/active/journal-1/submissions/v1-initial-submission/manuscript.md,6.5 Composite Guarantee,523,not yet mapped: numeric token,6.1,PENDING — SC-3 stopped traceability review,ambiguous,AMBIGUOUS,"| 6.1 (Totality) | f(E) is defined for all E, including inputs with ⊥ | No environmental state can leave the governance layer without a safety classification |","Numeric extraction only; may be citation, date, identifier, illustration or result; semantic inventory incomplete."
publications/active/journal-1/submissions/v1-initial-submission/manuscript.md,6.5 Composite Guarantee,524,not yet mapped: numeric token,6.2,PENDING — SC-3 stopped traceability review,ambiguous,AMBIGUOUS,| 6.2 (Monotonicity) | A_AI(S₁) ⊆ A_AI(S₂) whenever S₁ ≻ S₂ | Advisory scope never expands as conditions worsen; CAUTION is provably stricter than SAFE |,"Numeric extraction only; may be citation, date, identifier, illustration or result; semantic inventory incomplete."
publications/active/journal-1/submissions/v1-initial-submission/manuscript.md,6.5 Composite Guarantee,525,not yet mapped: numeric token,6.3,PENDING — SC-3 stopped traceability review,ambiguous,AMBIGUOUS,"| 6.3 (Safety Dominance) | AI(E) ⊆ A_AI(f(E)) for all E | AI output is bounded within the admissible scope at every state, by construction |","Numeric extraction only; may be citation, date, identifier, illustration or result; semantic inventory incomplete."
publications/active/journal-1/submissions/v1-initial-submission/manuscript.md,6.5 Composite Guarantee,529,not yet mapped: numeric token,10,PENDING — SC-3 stopped traceability review,ambiguous,AMBIGUOUS,"Section 10 evaluates whether these formal guarantees produce correct behavioural outcomes in empirical test scenarios, comparing the graduated architecture against ungated and binary-gated baselines across the three safety states.","Numeric extraction only; may be citation, date, identifier, illustration or result; semantic inventory incomplete."
publications/active/journal-1/submissions/v1-initial-submission/manuscript.md,7. Algorithms,533,not yet mapped: numeric token,7,PENDING — SC-3 stopped traceability review,ambiguous,AMBIGUOUS,## 7. Algorithms,"Numeric extraction only; may be citation, date, identifier, illustration or result; semantic inventory incomplete."
publications/active/journal-1/submissions/v1-initial-submission/manuscript.md,7. Algorithms,538,not yet mapped: numeric token,1,PENDING — SC-3 stopped traceability review,ambiguous,AMBIGUOUS,- Algorithm 1: Safety classification S = f(E) — threshold evaluation with worst-case aggregation,"Numeric extraction only; may be citation, date, identifier, illustration or result; semantic inventory incomplete."
publications/active/journal-1/submissions/v1-initial-submission/manuscript.md,7. Algorithms,539,not yet mapped: numeric token,2,PENDING — SC-3 stopped traceability review,ambiguous,AMBIGUOUS,- Algorithm 2: Governance gate evaluation — G(S) and A_AI(S) selection,"Numeric extraction only; may be citation, date, identifier, illustration or result; semantic inventory incomplete."
publications/active/journal-1/submissions/v1-initial-submission/manuscript.md,7. Algorithms,540,not yet mapped: numeric token,3,PENDING — SC-3 stopped traceability review,ambiguous,AMBIGUOUS,- Algorithm 3: Rule set supply to reasoning engine — RS(S) construction and injection,"Numeric extraction only; may be citation, date, identifier, illustration or result; semantic inventory incomplete."
publications/active/journal-1/submissions/v1-initial-submission/manuscript.md,7. Algorithms,541,not yet mapped: numeric token,4,PENDING — SC-3 stopped traceability review,ambiguous,AMBIGUOUS,- Algorithm 4: Runtime advisory generation — symbolic reasoning within RS(S),"Numeric extraction only; may be citation, date, identifier, illustration or result; semantic inventory incomplete."
publications/active/journal-1/submissions/v1-initial-submission/manuscript.md,8. Complexity Analysis,552,not yet mapped: numeric token,8,PENDING — SC-3 stopped traceability review,ambiguous,AMBIGUOUS,## 8. Complexity Analysis,"Numeric extraction only; may be citation, date, identifier, illustration or result; semantic inventory incomplete."
publications/active/journal-1/submissions/v1-initial-submission/manuscript.md,9. Prototype Implementation,568,not yet mapped: numeric token,9,PENDING — SC-3 stopped traceability review,ambiguous,AMBIGUOUS,## 9. Prototype Implementation,"Numeric extraction only; may be citation, date, identifier, illustration or result; semantic inventory incomplete."
publications/active/journal-1/submissions/v1-initial-submission/manuscript.md,9. Prototype Implementation,576,not yet mapped: numeric token,26,PENDING — SC-3 stopped traceability review,ambiguous,AMBIGUOUS,"- Hysteresis smoothing at state transition boundaries. ⚠️ **Present as a retained precaution, not a necessity.** Measured on five years of site data under the canonical specification: 26 oscillation events (5.2/yr), hysteresis reduces non-scheduled transitions by 10.36%. State the hourly-resolution bound. See `empirical-findings-2026-09-06.md` F-6","Numeric extraction only; may be citation, date, identifier, illustration or result; semantic inventory incomplete."
publications/active/journal-1/submissions/v1-initial-submission/manuscript.md,9. Prototype Implementation,576,not yet mapped: numeric token,5.2,PENDING — SC-3 stopped traceability review,ambiguous,AMBIGUOUS,"- Hysteresis smoothing at state transition boundaries. ⚠️ **Present as a retained precaution, not a necessity.** Measured on five years of site data under the canonical specification: 26 oscillation events (5.2/yr), hysteresis reduces non-scheduled transitions by 10.36%. State the hourly-resolution bound. See `empirical-findings-2026-09-06.md` F-6","Numeric extraction only; may be citation, date, identifier, illustration or result; semantic inventory incomplete."
publications/active/journal-1/submissions/v1-initial-submission/manuscript.md,9. Prototype Implementation,576,not yet mapped: numeric token,10.36%,PENDING — SC-3 stopped traceability review,ambiguous,AMBIGUOUS,"- Hysteresis smoothing at state transition boundaries. ⚠️ **Present as a retained precaution, not a necessity.** Measured on five years of site data under the canonical specification: 26 oscillation events (5.2/yr), hysteresis reduces non-scheduled transitions by 10.36%. State the hourly-resolution bound. See `empirical-findings-2026-09-06.md` F-6","Numeric extraction only; may be citation, date, identifier, illustration or result; semantic inventory incomplete."
publications/active/journal-1/submissions/v1-initial-submission/manuscript.md,9. Prototype Implementation,576,not yet mapped: numeric token,2026,PENDING — SC-3 stopped traceability review,ambiguous,AMBIGUOUS,"- Hysteresis smoothing at state transition boundaries. ⚠️ **Present as a retained precaution, not a necessity.** Measured on five years of site data under the canonical specification: 26 oscillation events (5.2/yr), hysteresis reduces non-scheduled transitions by 10.36%. State the hourly-resolution bound. See `empirical-findings-2026-09-06.md` F-6","Numeric extraction only; may be citation, date, identifier, illustration or result; semantic inventory incomplete."
publications/active/journal-1/submissions/v1-initial-submission/manuscript.md,9. Prototype Implementation,576,not yet mapped: numeric token,09,PENDING — SC-3 stopped traceability review,ambiguous,AMBIGUOUS,"- Hysteresis smoothing at state transition boundaries. ⚠️ **Present as a retained precaution, not a necessity.** Measured on five years of site data under the canonical specification: 26 oscillation events (5.2/yr), hysteresis reduces non-scheduled transitions by 10.36%. State the hourly-resolution bound. See `empirical-findings-2026-09-06.md` F-6","Numeric extraction only; may be citation, date, identifier, illustration or result; semantic inventory incomplete."
publications/active/journal-1/submissions/v1-initial-submission/manuscript.md,9. Prototype Implementation,576,not yet mapped: numeric token,06,PENDING — SC-3 stopped traceability review,ambiguous,AMBIGUOUS,"- Hysteresis smoothing at state transition boundaries. ⚠️ **Present as a retained precaution, not a necessity.** Measured on five years of site data under the canonical specification: 26 oscillation events (5.2/yr), hysteresis reduces non-scheduled transitions by 10.36%. State the hourly-resolution bound. See `empirical-findings-2026-09-06.md` F-6","Numeric extraction only; may be citation, date, identifier, illustration or result; semantic inventory incomplete."
publications/active/journal-1/submissions/v1-initial-submission/manuscript.md,9. Prototype Implementation,576,not yet mapped: numeric token,6,PENDING — SC-3 stopped traceability review,ambiguous,AMBIGUOUS,"- Hysteresis smoothing at state transition boundaries. ⚠️ **Present as a retained precaution, not a necessity.** Measured on five years of site data under the canonical specification: 26 oscillation events (5.2/yr), hysteresis reduces non-scheduled transitions by 10.36%. State the hourly-resolution bound. See `empirical-findings-2026-09-06.md` F-6","Numeric extraction only; may be citation, date, identifier, illustration or result; semantic inventory incomplete."
publications/active/journal-1/submissions/v1-initial-submission/manuscript.md,10. Experimental Design,586,not yet mapped: numeric token,10,PENDING — SC-3 stopped traceability review,ambiguous,AMBIGUOUS,## 10. Experimental Design,"Numeric extraction only; may be citation, date, identifier, illustration or result; semantic inventory incomplete."
publications/active/journal-1/submissions/v1-initial-submission/manuscript.md,11. Results,616,not yet mapped: numeric token,11,PENDING — SC-3 stopped traceability review,ambiguous,AMBIGUOUS,## 11. Results,"Numeric extraction only; may be citation, date, identifier, illustration or result; semantic inventory incomplete."
publications/active/journal-1/submissions/v1-initial-submission/manuscript.md,12. Ablation Study,624,not yet mapped: numeric token,12,PENDING — SC-3 stopped traceability review,ambiguous,AMBIGUOUS,## 12. Ablation Study,"Numeric extraction only; may be citation, date, identifier, illustration or result; semantic inventory incomplete."
publications/active/journal-1/submissions/v1-initial-submission/manuscript.md,12. Ablation Study,630,not yet mapped: numeric token,1,PENDING — SC-3 stopped traceability review,ambiguous,AMBIGUOUS,- Remove participation gate (G(S) = 1 always) — removes safety disengagement,"Numeric extraction only; may be citation, date, identifier, illustration or result; semantic inventory incomplete."
publications/active/journal-1/submissions/v1-initial-submission/manuscript.md,12. Ablation Study,631,not yet mapped: numeric token,6,PENDING — SC-3 stopped traceability review,ambiguous,AMBIGUOUS,"- Remove hysteresis smoothing — measures mode-chattering frequency. ⚠️ **Already run on historical replay (F-6), canonical specification: 3,661 transitions, the large majority scheduled solar events, 26 genuine oscillations in five years, 10.36% reduction from hysteresis.** This ablation reports a near-null result; write it up as such rather than re-running it as an open question","Numeric extraction only; may be citation, date, identifier, illustration or result; semantic inventory incomplete."
publications/active/journal-1/submissions/v1-initial-submission/manuscript.md,12. Ablation Study,631,not yet mapped: numeric token,"3,661",PENDING — SC-3 stopped traceability review,ambiguous,AMBIGUOUS,"- Remove hysteresis smoothing — measures mode-chattering frequency. ⚠️ **Already run on historical replay (F-6), canonical specification: 3,661 transitions, the large majority scheduled solar events, 26 genuine oscillations in five years, 10.36% reduction from hysteresis.** This ablation reports a near-null result; write it up as such rather than re-running it as an open question","Numeric extraction only; may be citation, date, identifier, illustration or result; semantic inventory incomplete."
publications/active/journal-1/submissions/v1-initial-submission/manuscript.md,12. Ablation Study,631,not yet mapped: numeric token,26,PENDING — SC-3 stopped traceability review,ambiguous,AMBIGUOUS,"- Remove hysteresis smoothing — measures mode-chattering frequency. ⚠️ **Already run on historical replay (F-6), canonical specification: 3,661 transitions, the large majority scheduled solar events, 26 genuine oscillations in five years, 10.36% reduction from hysteresis.** This ablation reports a near-null result; write it up as such rather than re-running it as an open question","Numeric extraction only; may be citation, date, identifier, illustration or result; semantic inventory incomplete."
publications/active/journal-1/submissions/v1-initial-submission/manuscript.md,12. Ablation Study,631,not yet mapped: numeric token,10.36%,PENDING — SC-3 stopped traceability review,ambiguous,AMBIGUOUS,"- Remove hysteresis smoothing — measures mode-chattering frequency. ⚠️ **Already run on historical replay (F-6), canonical specification: 3,661 transitions, the large majority scheduled solar events, 26 genuine oscillations in five years, 10.36% reduction from hysteresis.** This ablation reports a near-null result; write it up as such rather than re-running it as an open question","Numeric extraction only; may be citation, date, identifier, illustration or result; semantic inventory incomplete."
publications/active/journal-1/submissions/v1-initial-submission/manuscript.md,13. Discussion,638,not yet mapped: numeric token,13,PENDING — SC-3 stopped traceability review,ambiguous,AMBIGUOUS,## 13. Discussion,"Numeric extraction only; may be citation, date, identifier, illustration or result; semantic inventory incomplete."
publications/active/journal-1/submissions/v1-initial-submission/manuscript.md,13. Discussion,646,not yet mapped: numeric token,61508,PENDING — SC-3 stopped traceability review,ambiguous,AMBIGUOUS,"- Relationship to governance standards (IEC 61508, ISO 26262, SOLAS)","Numeric extraction only; may be citation, date, identifier, illustration or result; semantic inventory incomplete."
publications/active/journal-1/submissions/v1-initial-submission/manuscript.md,13. Discussion,646,not yet mapped: numeric token,26262,PENDING — SC-3 stopped traceability review,ambiguous,AMBIGUOUS,"- Relationship to governance standards (IEC 61508, ISO 26262, SOLAS)","Numeric extraction only; may be citation, date, identifier, illustration or result; semantic inventory incomplete."
publications/active/journal-1/submissions/v1-initial-submission/manuscript.md,14. Threats to Validity,654,not yet mapped: numeric token,14,PENDING — SC-3 stopped traceability review,ambiguous,AMBIGUOUS,## 14. Threats to Validity,"Numeric extraction only; may be citation, date, identifier, illustration or result; semantic inventory incomplete."
publications/active/journal-1/submissions/v1-initial-submission/manuscript.md,15. Conclusion,676,not yet mapped: numeric token,15,PENDING — SC-3 stopped traceability review,ambiguous,AMBIGUOUS,## 15. Conclusion,"Numeric extraction only; may be citation, date, identifier, illustration or result; semantic inventory incomplete."
publications/active/journal-1/submissions/v1-initial-submission/manuscript.md,Figures,701,not yet mapped: numeric token,1,PENDING — SC-3 stopped traceability review,ambiguous,AMBIGUOUS,- Figure 1: Three governance dimensions (adapted from conference paper),"Numeric extraction only; may be citation, date, identifier, illustration or result; semantic inventory incomplete."
publications/active/journal-1/submissions/v1-initial-submission/manuscript.md,Figures,702,not yet mapped: numeric token,2,PENDING — SC-3 stopped traceability review,ambiguous,AMBIGUOUS,- Figure 2: Full architecture diagram with all four layers (expanded from conference paper Fig. 3),"Numeric extraction only; may be citation, date, identifier, illustration or result; semantic inventory incomplete."
publications/active/journal-1/submissions/v1-initial-submission/manuscript.md,Figures,702,not yet mapped: numeric token,3,PENDING — SC-3 stopped traceability review,ambiguous,AMBIGUOUS,- Figure 2: Full architecture diagram with all four layers (expanded from conference paper Fig. 3),"Numeric extraction only; may be citation, date, identifier, illustration or result; semantic inventory incomplete."
publications/active/journal-1/submissions/v1-initial-submission/manuscript.md,Figures,703,not yet mapped: numeric token,3,PENDING — SC-3 stopped traceability review,ambiguous,AMBIGUOUS,- Figure 3: State transition diagram with formal notation,"Numeric extraction only; may be citation, date, identifier, illustration or result; semantic inventory incomplete."
publications/active/journal-1/submissions/v1-initial-submission/manuscript.md,Figures,704,not yet mapped: numeric token,4,PENDING — SC-3 stopped traceability review,ambiguous,AMBIGUOUS,- Figure 4: Algorithm flow diagrams,"Numeric extraction only; may be citation, date, identifier, illustration or result; semantic inventory incomplete."
publications/active/journal-1/submissions/v1-initial-submission/manuscript.md,Figures,705,not yet mapped: numeric token,5,PENDING — SC-3 stopped traceability review,ambiguous,AMBIGUOUS,- Figure 5: Experimental results — condition comparison across metrics,"Numeric extraction only; may be citation, date, identifier, illustration or result; semantic inventory incomplete."
publications/active/journal-1/submissions/v1-initial-submission/manuscript.md,Figures,706,not yet mapped: numeric token,6,PENDING — SC-3 stopped traceability review,ambiguous,AMBIGUOUS,- Figure 6: Ablation results,"Numeric extraction only; may be citation, date, identifier, illustration or result; semantic inventory incomplete."
